2025/09/20 21:34:40 Connected to NATS.
2025/09/20 21:34:40 Connected to TimescaleDB.
2025/09/20 21:34:40 Orchestrator started. Now processing jobs.
2025/09/20 21:34:40 API server listening on :8080
2025/09/20 21:34:40 Logged telemetry for Mock RTX 4070 on gpu-2
2025/09/20 21:34:40 Logged telemetry for Mock RTX 4080 on gpu-1
2025/09/20 21:34:40 Logged telemetry for Mock RTX 4090 on gpu-0
2025/09/20 21:34:42 Logged telemetry for Mock RTX 4090 on gpu-0
2025/09/20 21:34:42 Logged telemetry for Mock RTX 4080 on gpu-1
2025/09/20 21:34:42 Logged telemetry for Mock RTX 4070 on gpu-2
2025/09/20 21:34:44 Logged telemetry for Mock RTX 4070 on gpu-2
2025/09/20 21:34:44 Logged telemetry for Mock RTX 4090 on gpu-0
2025/09/20 21:34:44 Logged telemetry for Mock RTX 4080 on gpu-1
2025/09/20 21:34:45 No jobs in queue. Predicting idle period. Sending sleep command.
2025/09/20 21:34:45 Would send sleep command to GPU agent
2025/09/20 21:34:46 Logged telemetry for Mock RTX 4080 on gpu-1
2025/09/20 21:34:46 Logged telemetry for Mock RTX 4090 on gpu-0
2025/09/20 21:34:46 Logged telemetry for Mock RTX 4070 on gpu-2
2025/09/20 21:34:48 Logged telemetry for Mock RTX 4070 on gpu-2
2025/09/20 21:34:48 Logged telemetry for Mock RTX 4090 on gpu-0
2025/09/20 21:34:48 Logged telemetry for Mock RTX 4080 on gpu-1
2025/09/20 21:34:50 No jobs in queue. Predicting idle period. Sending sleep command.
2025/09/20 21:34:50 Would send sleep command to GPU agent
2025/09/20 21:34:50 Logged telemetry for Mock RTX 4070 on gpu-2
2025/09/20 21:34:50 Logged telemetry for Mock RTX 4090 on gpu-0
2025/09/20 21:34:50 Logged telemetry for Mock RTX 4080 on gpu-1
2025/09/20 21:34:52 Logged telemetry for Mock RTX 4090 on gpu-0
2025/09/20 21:34:52 Logged telemetry for Mock RTX 4080 on gpu-1
2025/09/20 21:34:52 Logged telemetry for Mock RTX 4070 on gpu-2
2025/09/20 21:34:54 Logged telemetry for Mock RTX 4070 on gpu-2
2025/09/20 21:34:54 Logged telemetry for Mock RTX 4090 on gpu-0
2025/09/20 21:34:54 Logged telemetry for Mock RTX 4080 on gpu-1
2025/09/20 21:34:55 No jobs in queue. Predicting idle period. Sending sleep command.
2025/09/20 21:34:55 Would send sleep command to GPU agent
2025/09/20 21:34:56 Logged telemetry for Mock RTX 4080 on gpu-1
2025/09/20 21:34:56 Logged telemetry for Mock RTX 4090 on gpu-0
2025/09/20 21:34:56 Logged telemetry for Mock RTX 4070 on gpu-2
2025/09/20 21:34:58 Logged telemetry for Mock RTX 4080 on gpu-1
2025/09/20 21:34:58 Logged telemetry for Mock RTX 4070 on gpu-2
2025/09/20 21:34:58 Logged telemetry for Mock RTX 4090 on gpu-0
2025/09/20 21:35:00 No jobs in queue. Predicting idle period. Sending sleep command.
2025/09/20 21:35:00 Would send sleep command to GPU agent
2025/09/20 21:35:00 Logged telemetry for Mock RTX 4080 on gpu-1
2025/09/20 21:35:00 Logged telemetry for Mock RTX 4090 on gpu-0
2025/09/20 21:35:00 Logged telemetry for Mock RTX 4070 on gpu-2
2025/09/20 21:35:02 Logged telemetry for Mock RTX 4080 on gpu-1
2025/09/20 21:35:02 Logged telemetry for Mock RTX 4070 on gpu-2
2025/09/20 21:35:02 Logged telemetry for Mock RTX 4090 on gpu-0
2025/09/20 21:35:04 Logged telemetry for Mock RTX 4090 on gpu-0
2025/09/20 21:35:04 Logged telemetry for Mock RTX 4080 on gpu-1
2025/09/20 21:35:04 Logged telemetry for Mock RTX 4070 on gpu-2
2025/09/20 21:35:05 No jobs in queue. Predicting idle period. Sending sleep command.
2025/09/20 21:35:05 Would send sleep command to GPU agent
2025/09/20 21:35:06 Logged telemetry for Mock RTX 4070 on gpu-2
2025/09/20 21:35:06 Logged telemetry for Mock RTX 4090 on gpu-0
2025/09/20 21:35:06 Logged telemetry for Mock RTX 4080 on gpu-1
2025/09/20 21:35:08 Logged telemetry for Mock RTX 4080 on gpu-1
2025/09/20 21:35:08 Logged telemetry for Mock RTX 4070 on gpu-2
2025/09/20 21:35:08 Logged telemetry for Mock RTX 4090 on gpu-0
2025/09/20 21:35:08 Dashboard connected.
2025/09/20 21:35:10 No jobs in queue. Predicting idle period. Sending sleep command.
2025/09/20 21:35:10 Would send sleep command to GPU agent
2025/09/20 21:35:10 Logged telemetry for Mock RTX 4080 on gpu-1
2025/09/20 21:35:10 Logged telemetry for Mock RTX 4090 on gpu-0
2025/09/20 21:35:10 Logged telemetry for Mock RTX 4070 on gpu-2
2025/09/20 21:35:12 Logged telemetry for Mock RTX 4080 on gpu-1
2025/09/20 21:35:12 Logged telemetry for Mock RTX 4090 on gpu-0
2025/09/20 21:35:12 Logged telemetry for Mock RTX 4070 on gpu-2
2025/09/20 21:35:14 Logged telemetry for Mock RTX 4070 on gpu-2
2025/09/20 21:35:14 Logged telemetry for Mock RTX 4080 on gpu-1
2025/09/20 21:35:14 Logged telemetry for Mock RTX 4090 on gpu-0
2025/09/20 21:35:15 No jobs in queue. Predicting idle period. Sending sleep command.
2025/09/20 21:35:15 Would send sleep command to GPU agent
2025/09/20 21:35:16 Logged telemetry for Mock RTX 4090 on gpu-0
2025/09/20 21:35:16 Logged telemetry for Mock RTX 4070 on gpu-2
2025/09/20 21:35:16 Logged telemetry for Mock RTX 4080 on gpu-1
2025/09/20 21:35:18 Logged telemetry for Mock RTX 4080 on gpu-1
2025/09/20 21:35:18 Logged telemetry for Mock RTX 4090 on gpu-0
2025/09/20 21:35:18 Logged telemetry for Mock RTX 4070 on gpu-2
2025/09/20 21:35:20 Added job to queue: ID=xyz, Type=training
2025/09/20 21:35:20 Attempting to schedule job xyz. Candidates: 3
2025/09/20 21:35:20 AI approved! Scheduling job xyz on GPU .
2025/09/20 21:35:20 Logged telemetry for Mock RTX 4070 on gpu-2
2025/09/20 21:35:20 Logged telemetry for Mock RTX 4090 on gpu-0
2025/09/20 21:35:20 Logged telemetry for Mock RTX 4080 on gpu-1
2025/09/20 21:35:22 Logged telemetry for Mock RTX 4080 on gpu-1
2025/09/20 21:35:22 Logged telemetry for Mock RTX 4070 on gpu-2
2025/09/20 21:35:22 Logged telemetry for Mock RTX 4090 on gpu-0
2025/09/20 21:35:24 Logged telemetry for Mock RTX 4090 on gpu-0
2025/09/20 21:35:24 Logged telemetry for Mock RTX 4080 on gpu-1
2025/09/20 21:35:24 Logged telemetry for Mock RTX 4070 on gpu-2
2025/09/20 21:35:25 No jobs in queue. Predicting idle period. Sending sleep command.
2025/09/20 21:35:25 Would send sleep command to GPU agent
2025/09/20 21:35:26 Logged telemetry for Mock RTX 4070 on gpu-2
2025/09/20 21:35:26 Logged telemetry for Mock RTX 4090 on gpu-0
2025/09/20 21:35:26 Logged telemetry for Mock RTX 4080 on gpu-1
2025/09/20 21:35:28 Logged telemetry for Mock RTX 4080 on gpu-1
2025/09/20 21:35:28 Logged telemetry for Mock RTX 4070 on gpu-2
2025/09/20 21:35:28 Logged telemetry for Mock RTX 4090 on gpu-0
2025/09/20 21:35:30 No jobs in queue. Predicting idle period. Sending sleep command.
2025/09/20 21:35:30 Would send sleep command to GPU agent
2025/09/20 21:35:30 Logged telemetry for Mock RTX 4090 on gpu-0
2025/09/20 21:35:30 Logged telemetry for Mock RTX 4080 on gpu-1
2025/09/20 21:35:30 Logged telemetry for Mock RTX 4070 on gpu-2
2025/09/20 21:35:32 Logged telemetry for Mock RTX 4070 on gpu-2
2025/09/20 21:35:32 Logged telemetry for Mock RTX 4090 on gpu-0
2025/09/20 21:35:32 Logged telemetry for Mock RTX 4080 on gpu-1
2025/09/20 21:35:34 Logged telemetry for Mock RTX 4080 on gpu-1
2025/09/20 21:35:34 Logged telemetry for Mock RTX 4090 on gpu-0
2025/09/20 21:35:34 Logged telemetry for Mock RTX 4070 on gpu-2
2025/09/20 21:35:35 No jobs in queue. Predicting idle period. Sending sleep command.
2025/09/20 21:35:35 Would send sleep command to GPU agent
2025/09/20 21:35:36 Logged telemetry for Mock RTX 4070 on gpu-2
2025/09/20 21:35:36 Logged telemetry for Mock RTX 4080 on gpu-1
2025/09/20 21:35:36 Logged telemetry for Mock RTX 4090 on gpu-0
2025/09/20 21:35:38 Logged telemetry for Mock RTX 4070 on gpu-2
2025/09/20 21:35:38 Logged telemetry for Mock RTX 4090 on gpu-0
2025/09/20 21:35:38 Logged telemetry for Mock RTX 4080 on gpu-1
2025/09/20 21:35:40 No jobs in queue. Predicting idle period. Sending sleep command.
2025/09/20 21:35:40 Would send sleep command to GPU agent
2025/09/20 21:35:40 Logged telemetry for Mock RTX 4080 on gpu-1
2025/09/20 21:35:40 Logged telemetry for Mock RTX 4090 on gpu-0
2025/09/20 21:35:40 Logged telemetry for Mock RTX 4070 on gpu-2
2025/09/20 21:35:42 Logged telemetry for Mock RTX 4070 on gpu-2
2025/09/20 21:35:42 Logged telemetry for Mock RTX 4080 on gpu-1
2025/09/20 21:35:42 Logged telemetry for Mock RTX 4090 on gpu-0
2025/09/20 21:35:44 Logged telemetry for Mock RTX 4090 on gpu-0
2025/09/20 21:35:44 Logged telemetry for Mock RTX 4070 on gpu-2
2025/09/20 21:35:44 Logged telemetry for Mock RTX 4080 on gpu-1
2025/09/20 21:35:45 No jobs in queue. Predicting idle period. Sending sleep command.
2025/09/20 21:35:45 Would send sleep command to GPU agent
2025/09/20 21:35:46 Logged telemetry for Mock RTX 4080 on gpu-1
2025/09/20 21:35:46 Logged telemetry for Mock RTX 4090 on gpu-0
2025/09/20 21:35:46 Logged telemetry for Mock RTX 4070 on gpu-2
2025/09/20 21:35:48 Logged telemetry for Mock RTX 4070 on gpu-2
2025/09/20 21:35:48 Logged telemetry for Mock RTX 4080 on gpu-1
2025/09/20 21:35:48 Logged telemetry for Mock RTX 4090 on gpu-0
2025/09/20 21:35:50 No jobs in queue. Predicting idle period. Sending sleep command.
2025/09/20 21:35:50 Would send sleep command to GPU agent
2025/09/20 21:35:50 Logged telemetry for Mock RTX 4090 on gpu-0
2025/09/20 21:35:50 Logged telemetry for Mock RTX 4070 on gpu-2
2025/09/20 21:35:50 Logged telemetry for Mock RTX 4080 on gpu-1
2025/09/20 21:35:52 Logged telemetry for Mock RTX 4080 on gpu-1
2025/09/20 21:35:52 Logged telemetry for Mock RTX 4090 on gpu-0
2025/09/20 21:35:52 Logged telemetry for Mock RTX 4070 on gpu-2
2025/09/20 21:35:54 Logged telemetry for Mock RTX 4080 on gpu-1
2025/09/20 21:35:54 Logged telemetry for Mock RTX 4070 on gpu-2
2025/09/20 21:35:54 Logged telemetry for Mock RTX 4090 on gpu-0
2025/09/20 21:35:55 No jobs in queue. Predicting idle period. Sending sleep command.
2025/09/20 21:35:55 Would send sleep command to GPU agent
2025/09/20 21:35:56 Logged telemetry for Mock RTX 4070 on gpu-2
2025/09/20 21:35:56 Logged telemetry for Mock RTX 4080 on gpu-1
2025/09/20 21:35:56 Logged telemetry for Mock RTX 4090 on gpu-0
2025/09/20 21:35:58 Logged telemetry for Mock RTX 4090 on gpu-0
2025/09/20 21:35:58 Logged telemetry for Mock RTX 4070 on gpu-2
2025/09/20 21:35:58 Logged telemetry for Mock RTX 4080 on gpu-1
2025/09/20 21:36:00 No jobs in queue. Predicting idle period. Sending sleep command.
2025/09/20 21:36:00 Would send sleep command to GPU agent
2025/09/20 21:36:00 Logged telemetry for Mock RTX 4080 on gpu-1
2025/09/20 21:36:00 Logged telemetry for Mock RTX 4070 on gpu-2
2025/09/20 21:36:00 Logged telemetry for Mock RTX 4090 on gpu-0
2025/09/20 21:36:02 Logged telemetry for Mock RTX 4090 on gpu-0
2025/09/20 21:36:02 Logged telemetry for Mock RTX 4080 on gpu-1
2025/09/20 21:36:02 Logged telemetry for Mock RTX 4070 on gpu-2
2025/09/20 21:36:04 Logged telemetry for Mock RTX 4090 on gpu-0
2025/09/20 21:36:04 Logged telemetry for Mock RTX 4080 on gpu-1
2025/09/20 21:36:04 Logged telemetry for Mock RTX 4070 on gpu-2
2025/09/20 21:36:05 No jobs in queue. Predicting idle period. Sending sleep command.
2025/09/20 21:36:05 Would send sleep command to GPU agent
2025/09/20 21:36:06 Logged telemetry for Mock RTX 4070 on gpu-2
2025/09/20 21:36:06 Logged telemetry for Mock RTX 4090 on gpu-0
2025/09/20 21:36:06 Logged telemetry for Mock RTX 4080 on gpu-1
2025/09/20 21:36:08 Logged telemetry for Mock RTX 4080 on gpu-1
2025/09/20 21:36:08 Logged telemetry for Mock RTX 4070 on gpu-2
2025/09/20 21:36:08 Logged telemetry for Mock RTX 4090 on gpu-0
2025/09/20 21:36:10 No jobs in queue. Predicting idle period. Sending sleep command.
2025/09/20 21:36:10 Would send sleep command to GPU agent
2025/09/20 21:36:10 Logged telemetry for Mock RTX 4090 on gpu-0
2025/09/20 21:36:10 Logged telemetry for Mock RTX 4070 on gpu-2
2025/09/20 21:36:10 Logged telemetry for Mock RTX 4080 on gpu-1
2025/09/20 21:36:12 Logged telemetry for Mock RTX 4070 on gpu-2
2025/09/20 21:36:12 Logged telemetry for Mock RTX 4090 on gpu-0
2025/09/20 21:36:12 Logged telemetry for Mock RTX 4080 on gpu-1
2025/09/20 21:36:14 Logged telemetry for Mock RTX 4080 on gpu-1
2025/09/20 21:36:14 Logged telemetry for Mock RTX 4070 on gpu-2
2025/09/20 21:36:14 Logged telemetry for Mock RTX 4090 on gpu-0
2025/09/20 21:36:15 No jobs in queue. Predicting idle period. Sending sleep command.
2025/09/20 21:36:15 Would send sleep command to GPU agent
2025/09/20 21:36:16 Logged telemetry for Mock RTX 4090 on gpu-0
2025/09/20 21:36:16 Logged telemetry for Mock RTX 4080 on gpu-1
2025/09/20 21:36:16 Logged telemetry for Mock RTX 4070 on gpu-2
2025/09/20 21:36:18 Logged telemetry for Mock RTX 4090 on gpu-0
2025/09/20 21:36:18 Logged telemetry for Mock RTX 4070 on gpu-2
2025/09/20 21:36:18 Logged telemetry for Mock RTX 4080 on gpu-1
2025/09/20 21:36:20 No jobs in queue. Predicting idle period. Sending sleep command.
2025/09/20 21:36:20 Would send sleep command to GPU agent
2025/09/20 21:36:20 Logged telemetry for Mock RTX 4090 on gpu-0
2025/09/20 21:36:20 Logged telemetry for Mock RTX 4080 on gpu-1
2025/09/20 21:36:20 Logged telemetry for Mock RTX 4070 on gpu-2
2025/09/20 21:36:22 Logged telemetry for Mock RTX 4080 on gpu-1
2025/09/20 21:36:22 Logged telemetry for Mock RTX 4070 on gpu-2
2025/09/20 21:36:22 Logged telemetry for Mock RTX 4090 on gpu-0
2025/09/20 21:36:24 Logged telemetry for Mock RTX 4070 on gpu-2
2025/09/20 21:36:24 Logged telemetry for Mock RTX 4090 on gpu-0
2025/09/20 21:36:24 Logged telemetry for Mock RTX 4080 on gpu-1
2025/09/20 21:36:25 No jobs in queue. Predicting idle period. Sending sleep command.
2025/09/20 21:36:25 Would send sleep command to GPU agent
2025/09/20 21:36:26 Logged telemetry for Mock RTX 4080 on gpu-1
2025/09/20 21:36:26 Logged telemetry for Mock RTX 4070 on gpu-2
2025/09/20 21:36:26 Logged telemetry for Mock RTX 4090 on gpu-0
2025/09/20 21:36:28 Logged telemetry for Mock RTX 4090 on gpu-0
2025/09/20 21:36:28 Logged telemetry for Mock RTX 4080 on gpu-1
2025/09/20 21:36:28 Logged telemetry for Mock RTX 4070 on gpu-2
2025/09/20 21:36:30 No jobs in queue. Predicting idle period. Sending sleep command.
2025/09/20 21:36:30 Would send sleep command to GPU agent
2025/09/20 21:36:30 Logged telemetry for Mock RTX 4070 on gpu-2
2025/09/20 21:36:30 Logged telemetry for Mock RTX 4090 on gpu-0
2025/09/20 21:36:30 Logged telemetry for Mock RTX 4080 on gpu-1
2025/09/20 21:36:32 Logged telemetry for Mock RTX 4080 on gpu-1
2025/09/20 21:36:32 Logged telemetry for Mock RTX 4070 on gpu-2
2025/09/20 21:36:32 Logged telemetry for Mock RTX 4090 on gpu-0
2025/09/20 21:36:34 Logged telemetry for Mock RTX 4090 on gpu-0
2025/09/20 21:36:34 Logged telemetry for Mock RTX 4080 on gpu-1
2025/09/20 21:36:34 Logged telemetry for Mock RTX 4070 on gpu-2
2025/09/20 21:36:35 No jobs in queue. Predicting idle period. Sending sleep command.
2025/09/20 21:36:35 Would send sleep command to GPU agent
2025/09/20 21:36:36 Logged telemetry for Mock RTX 4070 on gpu-2
2025/09/20 21:36:36 Logged telemetry for Mock RTX 4090 on gpu-0
2025/09/20 21:36:36 Logged telemetry for Mock RTX 4080 on gpu-1
2025/09/20 21:36:38 Logged telemetry for Mock RTX 4080 on gpu-1
2025/09/20 21:36:38 Logged telemetry for Mock RTX 4070 on gpu-2
2025/09/20 21:36:38 Logged telemetry for Mock RTX 4090 on gpu-0
2025/09/20 21:36:40 No jobs in queue. Predicting idle period. Sending sleep command.
2025/09/20 21:36:40 Would send sleep command to GPU agent
2025/09/20 21:36:40 Logged telemetry for Mock RTX 4090 on gpu-0
2025/09/20 21:36:40 Logged telemetry for Mock RTX 4080 on gpu-1
2025/09/20 21:36:40 Logged telemetry for Mock RTX 4070 on gpu-2
2025/09/20 21:36:42 Logged telemetry for Mock RTX 4070 on gpu-2
2025/09/20 21:36:42 Logged telemetry for Mock RTX 4090 on gpu-0
2025/09/20 21:36:42 Logged telemetry for Mock RTX 4080 on gpu-1
2025/09/20 21:36:44 Logged telemetry for Mock RTX 4080 on gpu-1
2025/09/20 21:36:44 Logged telemetry for Mock RTX 4070 on gpu-2
2025/09/20 21:36:44 Logged telemetry for Mock RTX 4090 on gpu-0
2025/09/20 21:36:45 No jobs in queue. Predicting idle period. Sending sleep command.
2025/09/20 21:36:45 Would send sleep command to GPU agent
2025/09/20 21:36:46 Logged telemetry for Mock RTX 4080 on gpu-1
2025/09/20 21:36:46 Logged telemetry for Mock RTX 4090 on gpu-0
2025/09/20 21:36:46 Logged telemetry for Mock RTX 4070 on gpu-2
2025/09/20 21:36:48 Logged telemetry for Mock RTX 4070 on gpu-2
2025/09/20 21:36:48 Logged telemetry for Mock RTX 4090 on gpu-0
2025/09/20 21:36:48 Logged telemetry for Mock RTX 4080 on gpu-1
2025/09/20 21:36:50 No jobs in queue. Predicting idle period. Sending sleep command.
2025/09/20 21:36:50 Would send sleep command to GPU agent
2025/09/20 21:36:50 Logged telemetry for Mock RTX 4080 on gpu-1
2025/09/20 21:36:50 Logged telemetry for Mock RTX 4070 on gpu-2
2025/09/20 21:36:50 Logged telemetry for Mock RTX 4090 on gpu-0
2025/09/20 21:36:52 Logged telemetry for Mock RTX 4090 on gpu-0
2025/09/20 21:36:52 Logged telemetry for Mock RTX 4080 on gpu-1
2025/09/20 21:36:52 Logged telemetry for Mock RTX 4070 on gpu-2
2025/09/20 21:36:54 Logged telemetry for Mock RTX 4070 on gpu-2
2025/09/20 21:36:54 Logged telemetry for Mock RTX 4090 on gpu-0
2025/09/20 21:36:54 Logged telemetry for Mock RTX 4080 on gpu-1
2025/09/20 21:36:55 No jobs in queue. Predicting idle period. Sending sleep command.
2025/09/20 21:36:55 Would send sleep command to GPU agent
2025/09/20 21:36:56 Logged telemetry for Mock RTX 4080 on gpu-1
2025/09/20 21:36:56 Logged telemetry for Mock RTX 4070 on gpu-2
2025/09/20 21:36:56 Logged telemetry for Mock RTX 4090 on gpu-0
2025/09/20 21:36:58 Logged telemetry for Mock RTX 4090 on gpu-0
2025/09/20 21:36:58 Logged telemetry for Mock RTX 4080 on gpu-1
2025/09/20 21:36:58 Logged telemetry for Mock RTX 4070 on gpu-2
2025/09/20 21:37:00 No jobs in queue. Predicting idle period. Sending sleep command.
2025/09/20 21:37:00 Would send sleep command to GPU agent
2025/09/20 21:37:00 Logged telemetry for Mock RTX 4090 on gpu-0
2025/09/20 21:37:00 Logged telemetry for Mock RTX 4070 on gpu-2
2025/09/20 21:37:00 Logged telemetry for Mock RTX 4080 on gpu-1
2025/09/20 21:37:02 Logged telemetry for Mock RTX 4090 on gpu-0
2025/09/20 21:37:02 Logged telemetry for Mock RTX 4080 on gpu-1
2025/09/20 21:37:02 Logged telemetry for Mock RTX 4070 on gpu-2
2025/09/20 21:37:04 Logged telemetry for Mock RTX 4070 on gpu-2
2025/09/20 21:37:04 Logged telemetry for Mock RTX 4090 on gpu-0
2025/09/20 21:37:04 Logged telemetry for Mock RTX 4080 on gpu-1
2025/09/20 21:37:05 No jobs in queue. Predicting idle period. Sending sleep command.
2025/09/20 21:37:05 Would send sleep command to GPU agent
2025/09/20 21:37:06 Logged telemetry for Mock RTX 4080 on gpu-1
2025/09/20 21:37:06 Logged telemetry for Mock RTX 4070 on gpu-2
2025/09/20 21:37:06 Logged telemetry for Mock RTX 4090 on gpu-0
2025/09/20 21:37:08 Logged telemetry for Mock RTX 4090 on gpu-0
2025/09/20 21:37:08 Logged telemetry for Mock RTX 4080 on gpu-1
2025/09/20 21:37:08 Logged telemetry for Mock RTX 4070 on gpu-2
2025/09/20 21:37:10 No jobs in queue. Predicting idle period. Sending sleep command.
2025/09/20 21:37:10 Would send sleep command to GPU agent
2025/09/20 21:37:10 Logged telemetry for Mock RTX 4070 on gpu-2
2025/09/20 21:37:10 Logged telemetry for Mock RTX 4090 on gpu-0
2025/09/20 21:37:10 Logged telemetry for Mock RTX 4080 on gpu-1
2025/09/20 21:37:12 Logged telemetry for Mock RTX 4080 on gpu-1
2025/09/20 21:37:12 Logged telemetry for Mock RTX 4070 on gpu-2
2025/09/20 21:37:12 Logged telemetry for Mock RTX 4090 on gpu-0
2025/09/20 21:37:14 Logged telemetry for Mock RTX 4090 on gpu-0
2025/09/20 21:37:14 Logged telemetry for Mock RTX 4080 on gpu-1
2025/09/20 21:37:14 Logged telemetry for Mock RTX 4070 on gpu-2
2025/09/20 21:37:15 No jobs in queue. Predicting idle period. Sending sleep command.
2025/09/20 21:37:15 Would send sleep command to GPU agent
2025/09/20 21:37:16 Logged telemetry for Mock RTX 4070 on gpu-2
2025/09/20 21:37:16 Logged telemetry for Mock RTX 4090 on gpu-0
2025/09/20 21:37:16 Logged telemetry for Mock RTX 4080 on gpu-1
2025/09/20 21:37:18 Logged telemetry for Mock RTX 4080 on gpu-1
2025/09/20 21:37:18 Logged telemetry for Mock RTX 4070 on gpu-2
2025/09/20 21:37:18 Logged telemetry for Mock RTX 4090 on gpu-0
2025/09/20 21:37:20 No jobs in queue. Predicting idle period. Sending sleep command.
2025/09/20 21:37:20 Would send sleep command to GPU agent
2025/09/20 21:37:20 Logged telemetry for Mock RTX 4090 on gpu-0
2025/09/20 21:37:20 Logged telemetry for Mock RTX 4080 on gpu-1
2025/09/20 21:37:20 Logged telemetry for Mock RTX 4070 on gpu-2
2025/09/20 21:37:22 Logged telemetry for Mock RTX 4090 on gpu-0
2025/09/20 21:37:22 Logged telemetry for Mock RTX 4080 on gpu-1
2025/09/20 21:37:22 Logged telemetry for Mock RTX 4070 on gpu-2
2025/09/20 21:37:24 Logged telemetry for Mock RTX 4070 on gpu-2
2025/09/20 21:37:24 Logged telemetry for Mock RTX 4090 on gpu-0
2025/09/20 21:37:24 Logged telemetry for Mock RTX 4080 on gpu-1
2025/09/20 21:37:25 No jobs in queue. Predicting idle period. Sending sleep command.
2025/09/20 21:37:25 Would send sleep command to GPU agent
2025/09/20 21:37:26 Logged telemetry for Mock RTX 4080 on gpu-1
2025/09/20 21:37:26 Logged telemetry for Mock RTX 4090 on gpu-0
2025/09/20 21:37:26 Logged telemetry for Mock RTX 4070 on gpu-2
2025/09/20 21:37:28 Logged telemetry for Mock RTX 4080 on gpu-1
2025/09/20 21:37:28 Logged telemetry for Mock RTX 4070 on gpu-2
2025/09/20 21:37:28 Logged telemetry for Mock RTX 4090 on gpu-0
2025/09/20 21:37:30 No jobs in queue. Predicting idle period. Sending sleep command.
2025/09/20 21:37:30 Would send sleep command to GPU agent
2025/09/20 21:37:30 Logged telemetry for Mock RTX 4090 on gpu-0
2025/09/20 21:37:30 Logged telemetry for Mock RTX 4070 on gpu-2
2025/09/20 21:37:30 Logged telemetry for Mock RTX 4080 on gpu-1
2025/09/20 21:37:32 Logged telemetry for Mock RTX 4080 on gpu-1
2025/09/20 21:37:32 Logged telemetry for Mock RTX 4090 on gpu-0
2025/09/20 21:37:32 Logged telemetry for Mock RTX 4070 on gpu-2
2025/09/20 21:37:34 Logged telemetry for Mock RTX 4070 on gpu-2
2025/09/20 21:37:34 Logged telemetry for Mock RTX 4080 on gpu-1
2025/09/20 21:37:34 Logged telemetry for Mock RTX 4090 on gpu-0
2025/09/20 21:37:35 No jobs in queue. Predicting idle period. Sending sleep command.
2025/09/20 21:37:35 Would send sleep command to GPU agent
2025/09/20 21:37:36 Logged telemetry for Mock RTX 4090 on gpu-0
2025/09/20 21:37:36 Logged telemetry for Mock RTX 4070 on gpu-2
2025/09/20 21:37:36 Logged telemetry for Mock RTX 4080 on gpu-1
2025/09/20 21:37:38 Logged telemetry for Mock RTX 4080 on gpu-1
2025/09/20 21:37:38 Logged telemetry for Mock RTX 4090 on gpu-0
2025/09/20 21:37:38 Logged telemetry for Mock RTX 4070 on gpu-2
2025/09/20 21:37:40 No jobs in queue. Predicting idle period. Sending sleep command.
2025/09/20 21:37:40 Would send sleep command to GPU agent
2025/09/20 21:37:40 Logged telemetry for Mock RTX 4080 on gpu-1
2025/09/20 21:37:40 Logged telemetry for Mock RTX 4070 on gpu-2
2025/09/20 21:37:40 Logged telemetry for Mock RTX 4090 on gpu-0
2025/09/20 21:37:42 Logged telemetry for Mock RTX 4090 on gpu-0
2025/09/20 21:37:42 Logged telemetry for Mock RTX 4080 on gpu-1
2025/09/20 21:37:42 Logged telemetry for Mock RTX 4070 on gpu-2
2025/09/20 21:37:44 Logged telemetry for Mock RTX 4070 on gpu-2
2025/09/20 21:37:44 Logged telemetry for Mock RTX 4090 on gpu-0
2025/09/20 21:37:44 Logged telemetry for Mock RTX 4080 on gpu-1
2025/09/20 21:37:45 No jobs in queue. Predicting idle period. Sending sleep command.
2025/09/20 21:37:45 Would send sleep command to GPU agent
2025/09/20 21:37:46 Logged telemetry for Mock RTX 4070 on gpu-2
2025/09/20 21:37:46 Logged telemetry for Mock RTX 4080 on gpu-1
2025/09/20 21:37:46 Logged telemetry for Mock RTX 4090 on gpu-0
2025/09/20 21:37:48 Logged telemetry for Mock RTX 4080 on gpu-1
2025/09/20 21:37:48 Logged telemetry for Mock RTX 4090 on gpu-0
2025/09/20 21:37:48 Logged telemetry for Mock RTX 4070 on gpu-2
2025/09/20 21:37:50 No jobs in queue. Predicting idle period. Sending sleep command.
2025/09/20 21:37:50 Would send sleep command to GPU agent
2025/09/20 21:37:50 Logged telemetry for Mock RTX 4090 on gpu-0
2025/09/20 21:37:50 Logged telemetry for Mock RTX 4070 on gpu-2
2025/09/20 21:37:50 Logged telemetry for Mock RTX 4080 on gpu-1
2025/09/20 21:37:52 Logged telemetry for Mock RTX 4080 on gpu-1
2025/09/20 21:37:52 Logged telemetry for Mock RTX 4090 on gpu-0
2025/09/20 21:37:52 Logged telemetry for Mock RTX 4070 on gpu-2
2025/09/20 21:37:54 Logged telemetry for Mock RTX 4070 on gpu-2
2025/09/20 21:37:54 Logged telemetry for Mock RTX 4080 on gpu-1
2025/09/20 21:37:54 Logged telemetry for Mock RTX 4090 on gpu-0
2025/09/20 21:37:55 No jobs in queue. Predicting idle period. Sending sleep command.
2025/09/20 21:37:55 Would send sleep command to GPU agent
2025/09/20 21:37:56 Logged telemetry for Mock RTX 4090 on gpu-0
2025/09/20 21:37:56 Logged telemetry for Mock RTX 4070 on gpu-2
2025/09/20 21:37:56 Logged telemetry for Mock RTX 4080 on gpu-1
2025/09/20 21:37:58 Logged telemetry for Mock RTX 4080 on gpu-1
2025/09/20 21:37:58 Logged telemetry for Mock RTX 4070 on gpu-2
2025/09/20 21:37:58 Logged telemetry for Mock RTX 4090 on gpu-0
2025/09/20 21:38:00 No jobs in queue. Predicting idle period. Sending sleep command.
2025/09/20 21:38:00 Would send sleep command to GPU agent
2025/09/20 21:38:00 Logged telemetry for Mock RTX 4090 on gpu-0
2025/09/20 21:38:00 Logged telemetry for Mock RTX 4080 on gpu-1
2025/09/20 21:38:00 Logged telemetry for Mock RTX 4070 on gpu-2
2025/09/20 21:38:02 Logged telemetry for Mock RTX 4070 on gpu-2
2025/09/20 21:38:02 Logged telemetry for Mock RTX 4090 on gpu-0
2025/09/20 21:38:02 Logged telemetry for Mock RTX 4080 on gpu-1
2025/09/20 21:38:04 Logged telemetry for Mock RTX 4080 on gpu-1
2025/09/20 21:38:04 Logged telemetry for Mock RTX 4070 on gpu-2
2025/09/20 21:38:04 Logged telemetry for Mock RTX 4090 on gpu-0
2025/09/20 21:38:05 No jobs in queue. Predicting idle period. Sending sleep command.
2025/09/20 21:38:05 Would send sleep command to GPU agent
2025/09/20 21:38:06 Logged telemetry for Mock RTX 4090 on gpu-0
2025/09/20 21:38:06 Logged telemetry for Mock RTX 4080 on gpu-1
2025/09/20 21:38:06 Logged telemetry for Mock RTX 4070 on gpu-2
2025/09/20 21:38:08 Logged telemetry for Mock RTX 4070 on gpu-2
2025/09/20 21:38:08 Logged telemetry for Mock RTX 4080 on gpu-1
2025/09/20 21:38:08 Logged telemetry for Mock RTX 4090 on gpu-0
2025/09/20 21:38:10 No jobs in queue. Predicting idle period. Sending sleep command.
2025/09/20 21:38:10 Would send sleep command to GPU agent
2025/09/20 21:38:10 Logged telemetry for Mock RTX 4090 on gpu-0
2025/09/20 21:38:10 Logged telemetry for Mock RTX 4070 on gpu-2
2025/09/20 21:38:10 Logged telemetry for Mock RTX 4080 on gpu-1
2025/09/20 21:38:12 Logged telemetry for Mock RTX 4080 on gpu-1
2025/09/20 21:38:12 Logged telemetry for Mock RTX 4090 on gpu-0
2025/09/20 21:38:12 Logged telemetry for Mock RTX 4070 on gpu-2
2025/09/20 21:38:14 Logged telemetry for Mock RTX 4070 on gpu-2
2025/09/20 21:38:14 Logged telemetry for Mock RTX 4080 on gpu-1
2025/09/20 21:38:14 Logged telemetry for Mock RTX 4090 on gpu-0
2025/09/20 21:38:15 No jobs in queue. Predicting idle period. Sending sleep command.
2025/09/20 21:38:15 Would send sleep command to GPU agent
2025/09/20 21:38:16 Logged telemetry for Mock RTX 4070 on gpu-2
2025/09/20 21:38:16 Logged telemetry for Mock RTX 4090 on gpu-0
2025/09/20 21:38:16 Logged telemetry for Mock RTX 4080 on gpu-1
2025/09/20 21:38:18 Logged telemetry for Mock RTX 4080 on gpu-1
2025/09/20 21:38:18 Logged telemetry for Mock RTX 4090 on gpu-0
2025/09/20 21:38:18 Logged telemetry for Mock RTX 4070 on gpu-2
2025/09/20 21:38:20 No jobs in queue. Predicting idle period. Sending sleep command.
2025/09/20 21:38:20 Would send sleep command to GPU agent
2025/09/20 21:38:20 Logged telemetry for Mock RTX 4090 on gpu-0
2025/09/20 21:38:20 Logged telemetry for Mock RTX 4070 on gpu-2
2025/09/20 21:38:20 Logged telemetry for Mock RTX 4080 on gpu-1
2025/09/20 21:38:22 Logged telemetry for Mock RTX 4090 on gpu-0
2025/09/20 21:38:22 Logged telemetry for Mock RTX 4080 on gpu-1
2025/09/20 21:38:22 Logged telemetry for Mock RTX 4070 on gpu-2
2025/09/20 21:38:24 Logged telemetry for Mock RTX 4070 on gpu-2
2025/09/20 21:38:24 Logged telemetry for Mock RTX 4080 on gpu-1
2025/09/20 21:38:24 Logged telemetry for Mock RTX 4090 on gpu-0
2025/09/20 21:38:25 No jobs in queue. Predicting idle period. Sending sleep command.
2025/09/20 21:38:25 Would send sleep command to GPU agent
2025/09/20 21:38:26 Logged telemetry for Mock RTX 4070 on gpu-2
2025/09/20 21:38:26 Logged telemetry for Mock RTX 4080 on gpu-1
2025/09/20 21:38:26 Logged telemetry for Mock RTX 4090 on gpu-0
2025/09/20 21:38:28 Logged telemetry for Mock RTX 4090 on gpu-0
2025/09/20 21:38:28 Logged telemetry for Mock RTX 4070 on gpu-2
2025/09/20 21:38:28 Logged telemetry for Mock RTX 4080 on gpu-1
2025/09/20 21:38:30 No jobs in queue. Predicting idle period. Sending sleep command.
2025/09/20 21:38:30 Would send sleep command to GPU agent
2025/09/20 21:38:30 Logged telemetry for Mock RTX 4090 on gpu-0
2025/09/20 21:38:30 Logged telemetry for Mock RTX 4080 on gpu-1
2025/09/20 21:38:30 Logged telemetry for Mock RTX 4070 on gpu-2
2025/09/20 21:38:32 Logged telemetry for Mock RTX 4070 on gpu-2
2025/09/20 21:38:32 Logged telemetry for Mock RTX 4080 on gpu-1
2025/09/20 21:38:32 Logged telemetry for Mock RTX 4090 on gpu-0
2025/09/20 21:38:34 Logged telemetry for Mock RTX 4090 on gpu-0
2025/09/20 21:38:34 Logged telemetry for Mock RTX 4070 on gpu-2
2025/09/20 21:38:34 Logged telemetry for Mock RTX 4080 on gpu-1
2025/09/20 21:38:35 No jobs in queue. Predicting idle period. Sending sleep command.
2025/09/20 21:38:35 Would send sleep command to GPU agent
2025/09/20 21:38:36 Logged telemetry for Mock RTX 4080 on gpu-1
2025/09/20 21:38:36 Logged telemetry for Mock RTX 4090 on gpu-0
2025/09/20 21:38:36 Logged telemetry for Mock RTX 4070 on gpu-2
2025/09/20 21:38:38 Logged telemetry for Mock RTX 4070 on gpu-2
2025/09/20 21:38:38 Logged telemetry for Mock RTX 4080 on gpu-1
2025/09/20 21:38:38 Logged telemetry for Mock RTX 4090 on gpu-0
2025/09/20 21:38:40 No jobs in queue. Predicting idle period. Sending sleep command.
2025/09/20 21:38:40 Would send sleep command to GPU agent
2025/09/20 21:38:40 Logged telemetry for Mock RTX 4090 on gpu-0
2025/09/20 21:38:40 Logged telemetry for Mock RTX 4070 on gpu-2
2025/09/20 21:38:40 Logged telemetry for Mock RTX 4080 on gpu-1
2025/09/20 21:38:42 Logged telemetry for Mock RTX 4080 on gpu-1
2025/09/20 21:38:42 Logged telemetry for Mock RTX 4090 on gpu-0
2025/09/20 21:38:42 Logged telemetry for Mock RTX 4070 on gpu-2
2025/09/20 21:38:44 Logged telemetry for Mock RTX 4070 on gpu-2
2025/09/20 21:38:44 Logged telemetry for Mock RTX 4080 on gpu-1
2025/09/20 21:38:44 Logged telemetry for Mock RTX 4090 on gpu-0
2025/09/20 21:38:45 No jobs in queue. Predicting idle period. Sending sleep command.
2025/09/20 21:38:45 Would send sleep command to GPU agent
2025/09/20 21:38:46 Logged telemetry for Mock RTX 4070 on gpu-2
2025/09/20 21:38:46 Logged telemetry for Mock RTX 4080 on gpu-1
2025/09/20 21:38:46 Logged telemetry for Mock RTX 4090 on gpu-0
2025/09/20 21:38:48 Logged telemetry for Mock RTX 4090 on gpu-0
2025/09/20 21:38:48 Logged telemetry for Mock RTX 4080 on gpu-1
2025/09/20 21:38:48 Logged telemetry for Mock RTX 4070 on gpu-2
2025/09/20 21:38:50 No jobs in queue. Predicting idle period. Sending sleep command.
2025/09/20 21:38:50 Would send sleep command to GPU agent
2025/09/20 21:38:50 Logged telemetry for Mock RTX 4090 on gpu-0
2025/09/20 21:38:50 Logged telemetry for Mock RTX 4070 on gpu-2
2025/09/20 21:38:50 Logged telemetry for Mock RTX 4080 on gpu-1
2025/09/20 21:38:52 Logged telemetry for Mock RTX 4080 on gpu-1
2025/09/20 21:38:52 Logged telemetry for Mock RTX 4090 on gpu-0
2025/09/20 21:38:52 Logged telemetry for Mock RTX 4070 on gpu-2
2025/09/20 21:38:54 Logged telemetry for Mock RTX 4070 on gpu-2
2025/09/20 21:38:54 Logged telemetry for Mock RTX 4090 on gpu-0
2025/09/20 21:38:54 Logged telemetry for Mock RTX 4080 on gpu-1
2025/09/20 21:38:55 No jobs in queue. Predicting idle period. Sending sleep command.
2025/09/20 21:38:55 Would send sleep command to GPU agent
2025/09/20 21:38:56 Logged telemetry for Mock RTX 4080 on gpu-1
2025/09/20 21:38:56 Logged telemetry for Mock RTX 4070 on gpu-2
2025/09/20 21:38:56 Logged telemetry for Mock RTX 4090 on gpu-0
2025/09/20 21:38:58 Logged telemetry for Mock RTX 4090 on gpu-0
2025/09/20 21:38:58 Logged telemetry for Mock RTX 4080 on gpu-1
2025/09/20 21:38:58 Logged telemetry for Mock RTX 4070 on gpu-2
2025/09/20 21:39:00 No jobs in queue. Predicting idle period. Sending sleep command.
2025/09/20 21:39:00 Would send sleep command to GPU agent
2025/09/20 21:39:00 Logged telemetry for Mock RTX 4070 on gpu-2
2025/09/20 21:39:00 Logged telemetry for Mock RTX 4090 on gpu-0
2025/09/20 21:39:00 Logged telemetry for Mock RTX 4080 on gpu-1
2025/09/20 21:39:02 Logged telemetry for Mock RTX 4080 on gpu-1
2025/09/20 21:39:02 Logged telemetry for Mock RTX 4070 on gpu-2
2025/09/20 21:39:02 Logged telemetry for Mock RTX 4090 on gpu-0
2025/09/20 21:39:04 Logged telemetry for Mock RTX 4090 on gpu-0
2025/09/20 21:39:04 Logged telemetry for Mock RTX 4080 on gpu-1
2025/09/20 21:39:04 Logged telemetry for Mock RTX 4070 on gpu-2
2025/09/20 21:39:05 No jobs in queue. Predicting idle period. Sending sleep command.
2025/09/20 21:39:05 Would send sleep command to GPU agent
2025/09/20 21:39:06 Logged telemetry for Mock RTX 4070 on gpu-2
2025/09/20 21:39:06 Logged telemetry for Mock RTX 4090 on gpu-0
2025/09/20 21:39:06 Logged telemetry for Mock RTX 4080 on gpu-1
2025/09/20 21:39:08 Logged telemetry for Mock RTX 4080 on gpu-1
2025/09/20 21:39:08 Logged telemetry for Mock RTX 4070 on gpu-2
2025/09/20 21:39:08 Logged telemetry for Mock RTX 4090 on gpu-0
2025/09/20 21:39:10 No jobs in queue. Predicting idle period. Sending sleep command.
2025/09/20 21:39:10 Would send sleep command to GPU agent
2025/09/20 21:39:10 Logged telemetry for Mock RTX 4070 on gpu-2
2025/09/20 21:39:10 Logged telemetry for Mock RTX 4080 on gpu-1
2025/09/20 21:39:10 Logged telemetry for Mock RTX 4090 on gpu-0
2025/09/20 21:39:12 Logged telemetry for Mock RTX 4090 on gpu-0
2025/09/20 21:39:12 Logged telemetry for Mock RTX 4070 on gpu-2
2025/09/20 21:39:12 Logged telemetry for Mock RTX 4080 on gpu-1
2025/09/20 21:39:14 Logged telemetry for Mock RTX 4090 on gpu-0
2025/09/20 21:39:14 Logged telemetry for Mock RTX 4080 on gpu-1
2025/09/20 21:39:14 Logged telemetry for Mock RTX 4070 on gpu-2
2025/09/20 21:39:15 No jobs in queue. Predicting idle period. Sending sleep command.
2025/09/20 21:39:15 Would send sleep command to GPU agent
2025/09/20 21:39:16 Logged telemetry for Mock RTX 4070 on gpu-2
2025/09/20 21:39:16 Logged telemetry for Mock RTX 4080 on gpu-1
2025/09/20 21:39:16 Logged telemetry for Mock RTX 4090 on gpu-0
2025/09/20 21:39:18 Logged telemetry for Mock RTX 4070 on gpu-2
2025/09/20 21:39:18 Logged telemetry for Mock RTX 4090 on gpu-0
2025/09/20 21:39:18 Logged telemetry for Mock RTX 4080 on gpu-1
2025/09/20 21:39:20 No jobs in queue. Predicting idle period. Sending sleep command.
2025/09/20 21:39:20 Would send sleep command to GPU agent
2025/09/20 21:39:20 Logged telemetry for Mock RTX 4080 on gpu-1
2025/09/20 21:39:20 Logged telemetry for Mock RTX 4070 on gpu-2
2025/09/20 21:39:20 Logged telemetry for Mock RTX 4090 on gpu-0
2025/09/20 21:39:22 Logged telemetry for Mock RTX 4090 on gpu-0
2025/09/20 21:39:22 Logged telemetry for Mock RTX 4080 on gpu-1
2025/09/20 21:39:22 Logged telemetry for Mock RTX 4070 on gpu-2
2025/09/20 21:39:24 Logged telemetry for Mock RTX 4070 on gpu-2
2025/09/20 21:39:24 Logged telemetry for Mock RTX 4090 on gpu-0
2025/09/20 21:39:24 Logged telemetry for Mock RTX 4080 on gpu-1
2025/09/20 21:39:25 No jobs in queue. Predicting idle period. Sending sleep command.
2025/09/20 21:39:25 Would send sleep command to GPU agent
2025/09/20 21:39:26 Logged telemetry for Mock RTX 4080 on gpu-1
2025/09/20 21:39:26 Logged telemetry for Mock RTX 4070 on gpu-2
2025/09/20 21:39:26 Logged telemetry for Mock RTX 4090 on gpu-0
2025/09/20 21:39:28 Logged telemetry for Mock RTX 4090 on gpu-0
2025/09/20 21:39:28 Logged telemetry for Mock RTX 4080 on gpu-1
2025/09/20 21:39:28 Logged telemetry for Mock RTX 4070 on gpu-2
2025/09/20 21:39:30 No jobs in queue. Predicting idle period. Sending sleep command.
2025/09/20 21:39:30 Would send sleep command to GPU agent
2025/09/20 21:39:30 Logged telemetry for Mock RTX 4070 on gpu-2
2025/09/20 21:39:30 Logged telemetry for Mock RTX 4090 on gpu-0
2025/09/20 21:39:30 Logged telemetry for Mock RTX 4080 on gpu-1
2025/09/20 21:39:32 Logged telemetry for Mock RTX 4080 on gpu-1
2025/09/20 21:39:32 Logged telemetry for Mock RTX 4070 on gpu-2
2025/09/20 21:39:32 Logged telemetry for Mock RTX 4090 on gpu-0
2025/09/20 21:39:34 Logged telemetry for Mock RTX 4090 on gpu-0
2025/09/20 21:39:34 Logged telemetry for Mock RTX 4080 on gpu-1
2025/09/20 21:39:34 Logged telemetry for Mock RTX 4070 on gpu-2
2025/09/20 21:39:35 No jobs in queue. Predicting idle period. Sending sleep command.
2025/09/20 21:39:35 Would send sleep command to GPU agent
2025/09/20 21:39:36 Logged telemetry for Mock RTX 4070 on gpu-2
2025/09/20 21:39:36 Logged telemetry for Mock RTX 4090 on gpu-0
2025/09/20 21:39:36 Logged telemetry for Mock RTX 4080 on gpu-1
2025/09/20 21:39:38 Logged telemetry for Mock RTX 4080 on gpu-1
2025/09/20 21:39:38 Logged telemetry for Mock RTX 4070 on gpu-2
2025/09/20 21:39:38 Logged telemetry for Mock RTX 4090 on gpu-0
2025/09/20 21:39:40 No jobs in queue. Predicting idle period. Sending sleep command.
2025/09/20 21:39:40 Would send sleep command to GPU agent
2025/09/20 21:39:40 Logged telemetry for Mock RTX 4090 on gpu-0
2025/09/20 21:39:40 Logged telemetry for Mock RTX 4070 on gpu-2
2025/09/20 21:39:40 Logged telemetry for Mock RTX 4080 on gpu-1
2025/09/20 21:39:42 Logged telemetry for Mock RTX 4080 on gpu-1
2025/09/20 21:39:42 Logged telemetry for Mock RTX 4090 on gpu-0
2025/09/20 21:39:42 Logged telemetry for Mock RTX 4070 on gpu-2
2025/09/20 21:39:44 Logged telemetry for Mock RTX 4070 on gpu-2
2025/09/20 21:39:44 Logged telemetry for Mock RTX 4080 on gpu-1
2025/09/20 21:39:44 Logged telemetry for Mock RTX 4090 on gpu-0
2025/09/20 21:39:45 No jobs in queue. Predicting idle period. Sending sleep command.
2025/09/20 21:39:45 Would send sleep command to GPU agent
2025/09/20 21:39:46 Logged telemetry for Mock RTX 4090 on gpu-0
2025/09/20 21:39:46 Logged telemetry for Mock RTX 4070 on gpu-2
2025/09/20 21:39:46 Logged telemetry for Mock RTX 4080 on gpu-1
2025/09/20 21:39:48 Logged telemetry for Mock RTX 4080 on gpu-1
2025/09/20 21:39:48 Logged telemetry for Mock RTX 4090 on gpu-0
2025/09/20 21:39:48 Logged telemetry for Mock RTX 4070 on gpu-2
2025/09/20 21:39:50 No jobs in queue. Predicting idle period. Sending sleep command.
2025/09/20 21:39:50 Would send sleep command to GPU agent
2025/09/20 21:39:50 Logged telemetry for Mock RTX 4070 on gpu-2
2025/09/20 21:39:50 Logged telemetry for Mock RTX 4080 on gpu-1
2025/09/20 21:39:50 Logged telemetry for Mock RTX 4090 on gpu-0
2025/09/20 21:39:52 Logged telemetry for Mock RTX 4090 on gpu-0
2025/09/20 21:39:52 Logged telemetry for Mock RTX 4070 on gpu-2
2025/09/20 21:39:52 Logged telemetry for Mock RTX 4080 on gpu-1
2025/09/20 21:39:54 Logged telemetry for Mock RTX 4080 on gpu-1
2025/09/20 21:39:54 Logged telemetry for Mock RTX 4090 on gpu-0
2025/09/20 21:39:54 Logged telemetry for Mock RTX 4070 on gpu-2
2025/09/20 21:39:55 No jobs in queue. Predicting idle period. Sending sleep command.
2025/09/20 21:39:55 Would send sleep command to GPU agent
2025/09/20 21:39:56 Logged telemetry for Mock RTX 4070 on gpu-2
2025/09/20 21:39:56 Logged telemetry for Mock RTX 4080 on gpu-1
2025/09/20 21:39:56 Logged telemetry for Mock RTX 4090 on gpu-0
2025/09/20 21:39:58 Logged telemetry for Mock RTX 4090 on gpu-0
2025/09/20 21:39:58 Logged telemetry for Mock RTX 4070 on gpu-2
2025/09/20 21:39:58 Logged telemetry for Mock RTX 4080 on gpu-1
2025/09/20 21:40:00 No jobs in queue. Predicting idle period. Sending sleep command.
2025/09/20 21:40:00 Would send sleep command to GPU agent
2025/09/20 21:40:00 Logged telemetry for Mock RTX 4080 on gpu-1
2025/09/20 21:40:00 Logged telemetry for Mock RTX 4090 on gpu-0
2025/09/20 21:40:00 Logged telemetry for Mock RTX 4070 on gpu-2
2025/09/20 21:40:02 Logged telemetry for Mock RTX 4070 on gpu-2
2025/09/20 21:40:02 Logged telemetry for Mock RTX 4080 on gpu-1
2025/09/20 21:40:02 Logged telemetry for Mock RTX 4090 on gpu-0
2025/09/20 21:40:04 Logged telemetry for Mock RTX 4090 on gpu-0
2025/09/20 21:40:04 Logged telemetry for Mock RTX 4070 on gpu-2
2025/09/20 21:40:04 Logged telemetry for Mock RTX 4080 on gpu-1
2025/09/20 21:40:05 No jobs in queue. Predicting idle period. Sending sleep command.
2025/09/20 21:40:05 Would send sleep command to GPU agent
2025/09/20 21:40:06 Logged telemetry for Mock RTX 4080 on gpu-1
2025/09/20 21:40:06 Logged telemetry for Mock RTX 4090 on gpu-0
2025/09/20 21:40:06 Logged telemetry for Mock RTX 4070 on gpu-2
2025/09/20 21:40:08 Logged telemetry for Mock RTX 4070 on gpu-2
2025/09/20 21:40:08 Logged telemetry for Mock RTX 4080 on gpu-1
2025/09/20 21:40:08 Logged telemetry for Mock RTX 4090 on gpu-0
2025/09/20 21:40:10 No jobs in queue. Predicting idle period. Sending sleep command.
2025/09/20 21:40:10 Would send sleep command to GPU agent
2025/09/20 21:40:10 Logged telemetry for Mock RTX 4090 on gpu-0
2025/09/20 21:40:10 Logged telemetry for Mock RTX 4070 on gpu-2
2025/09/20 21:40:10 Logged telemetry for Mock RTX 4080 on gpu-1
2025/09/20 21:40:12 Logged telemetry for Mock RTX 4080 on gpu-1
2025/09/20 21:40:12 Logged telemetry for Mock RTX 4090 on gpu-0
2025/09/20 21:40:12 Logged telemetry for Mock RTX 4070 on gpu-2
2025/09/20 21:40:14 Logged telemetry for Mock RTX 4070 on gpu-2
2025/09/20 21:40:14 Logged telemetry for Mock RTX 4080 on gpu-1
2025/09/20 21:40:14 Logged telemetry for Mock RTX 4090 on gpu-0
2025/09/20 21:40:15 No jobs in queue. Predicting idle period. Sending sleep command.
2025/09/20 21:40:15 Would send sleep command to GPU agent
2025/09/20 21:40:16 Logged telemetry for Mock RTX 4090 on gpu-0
2025/09/20 21:40:16 Logged telemetry for Mock RTX 4080 on gpu-1
2025/09/20 21:40:16 Logged telemetry for Mock RTX 4070 on gpu-2
2025/09/20 21:40:18 Logged telemetry for Mock RTX 4070 on gpu-2
2025/09/20 21:40:18 Logged telemetry for Mock RTX 4090 on gpu-0
2025/09/20 21:40:18 Logged telemetry for Mock RTX 4080 on gpu-1
2025/09/20 21:40:20 No jobs in queue. Predicting idle period. Sending sleep command.
2025/09/20 21:40:20 Would send sleep command to GPU agent
2025/09/20 21:40:20 Logged telemetry for Mock RTX 4070 on gpu-2
2025/09/20 21:40:20 Logged telemetry for Mock RTX 4090 on gpu-0
2025/09/20 21:40:20 Logged telemetry for Mock RTX 4080 on gpu-1
2025/09/20 21:40:22 Logged telemetry for Mock RTX 4080 on gpu-1
2025/09/20 21:40:22 Logged telemetry for Mock RTX 4070 on gpu-2
2025/09/20 21:40:22 Logged telemetry for Mock RTX 4090 on gpu-0
2025/09/20 21:40:24 Logged telemetry for Mock RTX 4080 on gpu-1
2025/09/20 21:40:24 Logged telemetry for Mock RTX 4070 on gpu-2
2025/09/20 21:40:24 Logged telemetry for Mock RTX 4090 on gpu-0
2025/09/20 21:40:25 No jobs in queue. Predicting idle period. Sending sleep command.
2025/09/20 21:40:25 Would send sleep command to GPU agent
2025/09/20 21:40:26 Logged telemetry for Mock RTX 4090 on gpu-0
2025/09/20 21:40:26 Logged telemetry for Mock RTX 4080 on gpu-1
2025/09/20 21:40:26 Logged telemetry for Mock RTX 4070 on gpu-2
2025/09/20 21:40:28 Logged telemetry for Mock RTX 4070 on gpu-2
2025/09/20 21:40:28 Logged telemetry for Mock RTX 4080 on gpu-1
2025/09/20 21:40:28 Logged telemetry for Mock RTX 4090 on gpu-0
2025/09/20 21:40:30 No jobs in queue. Predicting idle period. Sending sleep command.
2025/09/20 21:40:30 Would send sleep command to GPU agent
2025/09/20 21:40:30 Logged telemetry for Mock RTX 4090 on gpu-0
2025/09/20 21:40:30 Logged telemetry for Mock RTX 4070 on gpu-2
2025/09/20 21:40:30 Logged telemetry for Mock RTX 4080 on gpu-1
2025/09/20 21:40:32 Logged telemetry for Mock RTX 4080 on gpu-1
2025/09/20 21:40:32 Logged telemetry for Mock RTX 4090 on gpu-0
2025/09/20 21:40:32 Logged telemetry for Mock RTX 4070 on gpu-2
2025/09/20 21:40:34 Logged telemetry for Mock RTX 4070 on gpu-2
2025/09/20 21:40:34 Logged telemetry for Mock RTX 4080 on gpu-1
2025/09/20 21:40:34 Logged telemetry for Mock RTX 4090 on gpu-0
2025/09/20 21:40:35 No jobs in queue. Predicting idle period. Sending sleep command.
2025/09/20 21:40:35 Would send sleep command to GPU agent
2025/09/20 21:40:36 Logged telemetry for Mock RTX 4090 on gpu-0
2025/09/20 21:40:36 Logged telemetry for Mock RTX 4080 on gpu-1
2025/09/20 21:40:36 Logged telemetry for Mock RTX 4070 on gpu-2
2025/09/20 21:40:38 Logged telemetry for Mock RTX 4070 on gpu-2
2025/09/20 21:40:38 Logged telemetry for Mock RTX 4090 on gpu-0
2025/09/20 21:40:38 Logged telemetry for Mock RTX 4080 on gpu-1
2025/09/20 21:40:40 No jobs in queue. Predicting idle period. Sending sleep command.
2025/09/20 21:40:40 Would send sleep command to GPU agent
2025/09/20 21:40:40 Logged telemetry for Mock RTX 4080 on gpu-1
2025/09/20 21:40:40 Logged telemetry for Mock RTX 4070 on gpu-2
2025/09/20 21:40:40 Logged telemetry for Mock RTX 4090 on gpu-0
2025/09/20 21:40:42 Logged telemetry for Mock RTX 4080 on gpu-1
2025/09/20 21:40:42 Logged telemetry for Mock RTX 4070 on gpu-2
2025/09/20 21:40:42 Logged telemetry for Mock RTX 4090 on gpu-0
2025/09/20 21:40:44 Logged telemetry for Mock RTX 4090 on gpu-0
2025/09/20 21:40:44 Logged telemetry for Mock RTX 4080 on gpu-1
2025/09/20 21:40:44 Logged telemetry for Mock RTX 4070 on gpu-2
2025/09/20 21:40:45 No jobs in queue. Predicting idle period. Sending sleep command.
2025/09/20 21:40:45 Would send sleep command to GPU agent
2025/09/20 21:40:46 Logged telemetry for Mock RTX 4070 on gpu-2
2025/09/20 21:40:46 Logged telemetry for Mock RTX 4090 on gpu-0
2025/09/20 21:40:46 Logged telemetry for Mock RTX 4080 on gpu-1
2025/09/20 21:40:48 Logged telemetry for Mock RTX 4080 on gpu-1
2025/09/20 21:40:48 Logged telemetry for Mock RTX 4070 on gpu-2
2025/09/20 21:40:48 Logged telemetry for Mock RTX 4090 on gpu-0
2025/09/20 21:40:50 No jobs in queue. Predicting idle period. Sending sleep command.
2025/09/20 21:40:50 Would send sleep command to GPU agent
2025/09/20 21:40:50 Logged telemetry for Mock RTX 4070 on gpu-2
2025/09/20 21:40:50 Logged telemetry for Mock RTX 4090 on gpu-0
2025/09/20 21:40:50 Logged telemetry for Mock RTX 4080 on gpu-1
2025/09/20 21:40:52 Logged telemetry for Mock RTX 4090 on gpu-0
2025/09/20 21:40:52 Logged telemetry for Mock RTX 4070 on gpu-2
2025/09/20 21:40:52 Logged telemetry for Mock RTX 4080 on gpu-1
2025/09/20 21:40:54 Logged telemetry for Mock RTX 4080 on gpu-1
2025/09/20 21:40:54 Logged telemetry for Mock RTX 4090 on gpu-0
2025/09/20 21:40:54 Logged telemetry for Mock RTX 4070 on gpu-2
2025/09/20 21:40:55 No jobs in queue. Predicting idle period. Sending sleep command.
2025/09/20 21:40:55 Would send sleep command to GPU agent
2025/09/20 21:40:56 Logged telemetry for Mock RTX 4080 on gpu-1
2025/09/20 21:40:56 Logged telemetry for Mock RTX 4070 on gpu-2
2025/09/20 21:40:56 Logged telemetry for Mock RTX 4090 on gpu-0
2025/09/20 21:40:58 Logged telemetry for Mock RTX 4090 on gpu-0
2025/09/20 21:40:58 Logged telemetry for Mock RTX 4070 on gpu-2
2025/09/20 21:40:58 Logged telemetry for Mock RTX 4080 on gpu-1
2025/09/20 21:41:00 No jobs in queue. Predicting idle period. Sending sleep command.
2025/09/20 21:41:00 Would send sleep command to GPU agent
2025/09/20 21:41:00 Logged telemetry for Mock RTX 4080 on gpu-1
2025/09/20 21:41:00 Logged telemetry for Mock RTX 4090 on gpu-0
2025/09/20 21:41:00 Logged telemetry for Mock RTX 4070 on gpu-2
2025/09/20 21:41:02 Logged telemetry for Mock RTX 4070 on gpu-2
2025/09/20 21:41:02 Logged telemetry for Mock RTX 4080 on gpu-1
2025/09/20 21:41:02 Logged telemetry for Mock RTX 4090 on gpu-0
2025/09/20 21:41:04 Logged telemetry for Mock RTX 4090 on gpu-0
2025/09/20 21:41:04 Logged telemetry for Mock RTX 4070 on gpu-2
2025/09/20 21:41:04 Logged telemetry for Mock RTX 4080 on gpu-1
2025/09/20 21:41:05 No jobs in queue. Predicting idle period. Sending sleep command.
2025/09/20 21:41:05 Would send sleep command to GPU agent
2025/09/20 21:41:06 Logged telemetry for Mock RTX 4080 on gpu-1
2025/09/20 21:41:06 Logged telemetry for Mock RTX 4090 on gpu-0
2025/09/20 21:41:06 Logged telemetry for Mock RTX 4070 on gpu-2
2025/09/20 21:41:08 Logged telemetry for Mock RTX 4070 on gpu-2
2025/09/20 21:41:08 Logged telemetry for Mock RTX 4080 on gpu-1
2025/09/20 21:41:08 Logged telemetry for Mock RTX 4090 on gpu-0
2025/09/20 21:41:10 No jobs in queue. Predicting idle period. Sending sleep command.
2025/09/20 21:41:10 Would send sleep command to GPU agent
2025/09/20 21:41:10 Logged telemetry for Mock RTX 4070 on gpu-2
2025/09/20 21:41:10 Logged telemetry for Mock RTX 4080 on gpu-1
2025/09/20 21:41:10 Logged telemetry for Mock RTX 4090 on gpu-0
2025/09/20 21:41:12 Logged telemetry for Mock RTX 4090 on gpu-0
2025/09/20 21:41:12 Logged telemetry for Mock RTX 4080 on gpu-1
2025/09/20 21:41:12 Logged telemetry for Mock RTX 4070 on gpu-2
2025/09/20 21:41:14 Logged telemetry for Mock RTX 4090 on gpu-0
2025/09/20 21:41:14 Logged telemetry for Mock RTX 4070 on gpu-2
2025/09/20 21:41:14 Logged telemetry for Mock RTX 4080 on gpu-1
2025/09/20 21:41:15 No jobs in queue. Predicting idle period. Sending sleep command.
2025/09/20 21:41:15 Would send sleep command to GPU agent
2025/09/20 21:41:16 Logged telemetry for Mock RTX 4070 on gpu-2
2025/09/20 21:41:16 Logged telemetry for Mock RTX 4080 on gpu-1
2025/09/20 21:41:16 Logged telemetry for Mock RTX 4090 on gpu-0
2025/09/20 21:41:18 Logged telemetry for Mock RTX 4090 on gpu-0
2025/09/20 21:41:18 Logged telemetry for Mock RTX 4080 on gpu-1
2025/09/20 21:41:18 Logged telemetry for Mock RTX 4070 on gpu-2
2025/09/20 21:41:20 No jobs in queue. Predicting idle period. Sending sleep command.
2025/09/20 21:41:20 Would send sleep command to GPU agent
2025/09/20 21:41:20 Logged telemetry for Mock RTX 4070 on gpu-2
2025/09/20 21:41:20 Logged telemetry for Mock RTX 4090 on gpu-0
2025/09/20 21:41:20 Logged telemetry for Mock RTX 4080 on gpu-1
2025/09/20 21:41:22 Logged telemetry for Mock RTX 4080 on gpu-1
2025/09/20 21:41:22 Logged telemetry for Mock RTX 4090 on gpu-0
2025/09/20 21:41:22 Logged telemetry for Mock RTX 4070 on gpu-2
2025/09/20 21:41:24 Logged telemetry for Mock RTX 4090 on gpu-0
2025/09/20 21:41:24 Logged telemetry for Mock RTX 4080 on gpu-1
2025/09/20 21:41:24 Logged telemetry for Mock RTX 4070 on gpu-2
2025/09/20 21:41:25 No jobs in queue. Predicting idle period. Sending sleep command.
2025/09/20 21:41:25 Would send sleep command to GPU agent
2025/09/20 21:41:26 Logged telemetry for Mock RTX 4090 on gpu-0
2025/09/20 21:41:26 Logged telemetry for Mock RTX 4080 on gpu-1
2025/09/20 21:41:26 Logged telemetry for Mock RTX 4070 on gpu-2
2025/09/20 21:41:28 Logged telemetry for Mock RTX 4070 on gpu-2
2025/09/20 21:41:28 Logged telemetry for Mock RTX 4090 on gpu-0
2025/09/20 21:41:28 Logged telemetry for Mock RTX 4080 on gpu-1
2025/09/20 21:41:30 No jobs in queue. Predicting idle period. Sending sleep command.
2025/09/20 21:41:30 Would send sleep command to GPU agent
2025/09/20 21:41:30 Logged telemetry for Mock RTX 4080 on gpu-1
2025/09/20 21:41:30 Logged telemetry for Mock RTX 4070 on gpu-2
2025/09/20 21:41:30 Logged telemetry for Mock RTX 4090 on gpu-0
2025/09/20 21:41:32 Logged telemetry for Mock RTX 4090 on gpu-0
2025/09/20 21:41:32 Logged telemetry for Mock RTX 4080 on gpu-1
2025/09/20 21:41:32 Logged telemetry for Mock RTX 4070 on gpu-2
2025/09/20 21:41:34 Logged telemetry for Mock RTX 4070 on gpu-2
2025/09/20 21:41:34 Logged telemetry for Mock RTX 4090 on gpu-0
2025/09/20 21:41:34 Logged telemetry for Mock RTX 4080 on gpu-1
2025/09/20 21:41:35 No jobs in queue. Predicting idle period. Sending sleep command.
2025/09/20 21:41:35 Would send sleep command to GPU agent
2025/09/20 21:41:36 Logged telemetry for Mock RTX 4080 on gpu-1
2025/09/20 21:41:36 Logged telemetry for Mock RTX 4070 on gpu-2
2025/09/20 21:41:36 Logged telemetry for Mock RTX 4090 on gpu-0
2025/09/20 21:41:38 Logged telemetry for Mock RTX 4090 on gpu-0
2025/09/20 21:41:38 Logged telemetry for Mock RTX 4080 on gpu-1
2025/09/20 21:41:38 Logged telemetry for Mock RTX 4070 on gpu-2
2025/09/20 21:41:40 No jobs in queue. Predicting idle period. Sending sleep command.
2025/09/20 21:41:40 Would send sleep command to GPU agent
2025/09/20 21:41:40 Logged telemetry for Mock RTX 4070 on gpu-2
2025/09/20 21:41:40 Logged telemetry for Mock RTX 4090 on gpu-0
2025/09/20 21:41:40 Logged telemetry for Mock RTX 4080 on gpu-1
2025/09/20 21:41:42 Logged telemetry for Mock RTX 4080 on gpu-1
2025/09/20 21:41:42 Logged telemetry for Mock RTX 4070 on gpu-2
2025/09/20 21:41:42 Logged telemetry for Mock RTX 4090 on gpu-0
2025/09/20 21:41:44 Logged telemetry for Mock RTX 4090 on gpu-0
2025/09/20 21:41:44 Logged telemetry for Mock RTX 4080 on gpu-1
2025/09/20 21:41:44 Logged telemetry for Mock RTX 4070 on gpu-2
2025/09/20 21:41:45 No jobs in queue. Predicting idle period. Sending sleep command.
2025/09/20 21:41:45 Would send sleep command to GPU agent
2025/09/20 21:41:46 Logged telemetry for Mock RTX 4070 on gpu-2
2025/09/20 21:41:46 Logged telemetry for Mock RTX 4090 on gpu-0
2025/09/20 21:41:46 Logged telemetry for Mock RTX 4080 on gpu-1
2025/09/20 21:41:48 Logged telemetry for Mock RTX 4080 on gpu-1
2025/09/20 21:41:48 Logged telemetry for Mock RTX 4070 on gpu-2
2025/09/20 21:41:48 Logged telemetry for Mock RTX 4090 on gpu-0
2025/09/20 21:41:50 No jobs in queue. Predicting idle period. Sending sleep command.
2025/09/20 21:41:50 Would send sleep command to GPU agent
2025/09/20 21:41:50 Logged telemetry for Mock RTX 4090 on gpu-0
2025/09/20 21:41:50 Logged telemetry for Mock RTX 4080 on gpu-1
2025/09/20 21:41:50 Logged telemetry for Mock RTX 4070 on gpu-2
2025/09/20 21:41:52 Logged telemetry for Mock RTX 4070 on gpu-2
2025/09/20 21:41:52 Logged telemetry for Mock RTX 4090 on gpu-0
2025/09/20 21:41:52 Logged telemetry for Mock RTX 4080 on gpu-1
2025/09/20 21:41:54 Logged telemetry for Mock RTX 4080 on gpu-1
2025/09/20 21:41:54 Logged telemetry for Mock RTX 4070 on gpu-2
2025/09/20 21:41:54 Logged telemetry for Mock RTX 4090 on gpu-0
2025/09/20 21:41:55 No jobs in queue. Predicting idle period. Sending sleep command.
2025/09/20 21:41:55 Would send sleep command to GPU agent
2025/09/20 21:41:56 Logged telemetry for Mock RTX 4090 on gpu-0
2025/09/20 21:41:56 Logged telemetry for Mock RTX 4080 on gpu-1
2025/09/20 21:41:56 Logged telemetry for Mock RTX 4070 on gpu-2
2025/09/20 21:41:58 Logged telemetry for Mock RTX 4070 on gpu-2
2025/09/20 21:41:58 Logged telemetry for Mock RTX 4090 on gpu-0
2025/09/20 21:41:58 Logged telemetry for Mock RTX 4080 on gpu-1
2025/09/20 21:42:00 No jobs in queue. Predicting idle period. Sending sleep command.
2025/09/20 21:42:00 Would send sleep command to GPU agent
2025/09/20 21:42:00 Logged telemetry for Mock RTX 4080 on gpu-1
2025/09/20 21:42:00 Logged telemetry for Mock RTX 4090 on gpu-0
2025/09/20 21:42:00 Logged telemetry for Mock RTX 4070 on gpu-2
2025/09/20 21:42:02 Logged telemetry for Mock RTX 4080 on gpu-1
2025/09/20 21:42:02 Logged telemetry for Mock RTX 4090 on gpu-0
2025/09/20 21:42:02 Logged telemetry for Mock RTX 4070 on gpu-2
2025/09/20 21:42:04 Logged telemetry for Mock RTX 4070 on gpu-2
2025/09/20 21:42:04 Logged telemetry for Mock RTX 4080 on gpu-1
2025/09/20 21:42:04 Logged telemetry for Mock RTX 4090 on gpu-0
2025/09/20 21:42:05 No jobs in queue. Predicting idle period. Sending sleep command.
2025/09/20 21:42:05 Would send sleep command to GPU agent
2025/09/20 21:42:06 Logged telemetry for Mock RTX 4090 on gpu-0
2025/09/20 21:42:06 Logged telemetry for Mock RTX 4070 on gpu-2
2025/09/20 21:42:06 Logged telemetry for Mock RTX 4080 on gpu-1
2025/09/20 21:42:08 Logged telemetry for Mock RTX 4080 on gpu-1
2025/09/20 21:42:08 Logged telemetry for Mock RTX 4090 on gpu-0
2025/09/20 21:42:08 Logged telemetry for Mock RTX 4070 on gpu-2
2025/09/20 21:42:10 No jobs in queue. Predicting idle period. Sending sleep command.
2025/09/20 21:42:10 Would send sleep command to GPU agent
2025/09/20 21:42:10 Logged telemetry for Mock RTX 4080 on gpu-1
2025/09/20 21:42:10 Logged telemetry for Mock RTX 4070 on gpu-2
2025/09/20 21:42:10 Logged telemetry for Mock RTX 4090 on gpu-0
2025/09/20 21:42:12 Logged telemetry for Mock RTX 4090 on gpu-0
2025/09/20 21:42:12 Logged telemetry for Mock RTX 4070 on gpu-2
2025/09/20 21:42:12 Logged telemetry for Mock RTX 4080 on gpu-1
2025/09/20 21:42:14 Logged telemetry for Mock RTX 4080 on gpu-1
2025/09/20 21:42:14 Logged telemetry for Mock RTX 4090 on gpu-0
2025/09/20 21:42:14 Logged telemetry for Mock RTX 4070 on gpu-2
2025/09/20 21:42:15 No jobs in queue. Predicting idle period. Sending sleep command.
2025/09/20 21:42:15 Would send sleep command to GPU agent
2025/09/20 21:42:16 Logged telemetry for Mock RTX 4070 on gpu-2
2025/09/20 21:42:16 Logged telemetry for Mock RTX 4080 on gpu-1
2025/09/20 21:42:16 Logged telemetry for Mock RTX 4090 on gpu-0
2025/09/20 21:42:18 Logged telemetry for Mock RTX 4090 on gpu-0
2025/09/20 21:42:18 Logged telemetry for Mock RTX 4070 on gpu-2
2025/09/20 21:42:18 Logged telemetry for Mock RTX 4080 on gpu-1
2025/09/20 21:42:20 No jobs in queue. Predicting idle period. Sending sleep command.
2025/09/20 21:42:20 Would send sleep command to GPU agent
2025/09/20 21:42:20 Logged telemetry for Mock RTX 4080 on gpu-1
2025/09/20 21:42:20 Logged telemetry for Mock RTX 4090 on gpu-0
2025/09/20 21:42:20 Logged telemetry for Mock RTX 4070 on gpu-2
2025/09/20 21:42:22 Logged telemetry for Mock RTX 4070 on gpu-2
2025/09/20 21:42:22 Logged telemetry for Mock RTX 4090 on gpu-0
2025/09/20 21:42:22 Logged telemetry for Mock RTX 4080 on gpu-1
2025/09/20 21:42:24 Logged telemetry for Mock RTX 4080 on gpu-1
2025/09/20 21:42:24 Logged telemetry for Mock RTX 4070 on gpu-2
2025/09/20 21:42:24 Logged telemetry for Mock RTX 4090 on gpu-0
2025/09/20 21:42:25 No jobs in queue. Predicting idle period. Sending sleep command.
2025/09/20 21:42:25 Would send sleep command to GPU agent
2025/09/20 21:42:26 Logged telemetry for Mock RTX 4090 on gpu-0
2025/09/20 21:42:26 Logged telemetry for Mock RTX 4080 on gpu-1
2025/09/20 21:42:26 Logged telemetry for Mock RTX 4070 on gpu-2
2025/09/20 21:42:28 Logged telemetry for Mock RTX 4070 on gpu-2
2025/09/20 21:42:28 Logged telemetry for Mock RTX 4090 on gpu-0
2025/09/20 21:42:28 Logged telemetry for Mock RTX 4080 on gpu-1
2025/09/20 21:42:30 No jobs in queue. Predicting idle period. Sending sleep command.
2025/09/20 21:42:30 Would send sleep command to GPU agent
2025/09/20 21:42:30 Logged telemetry for Mock RTX 4080 on gpu-1
2025/09/20 21:42:30 Logged telemetry for Mock RTX 4070 on gpu-2
2025/09/20 21:42:30 Logged telemetry for Mock RTX 4090 on gpu-0
2025/09/20 21:42:32 Logged telemetry for Mock RTX 4090 on gpu-0
2025/09/20 21:42:32 Logged telemetry for Mock RTX 4080 on gpu-1
2025/09/20 21:42:32 Logged telemetry for Mock RTX 4070 on gpu-2
2025/09/20 21:42:34 Logged telemetry for Mock RTX 4070 on gpu-2
2025/09/20 21:42:34 Logged telemetry for Mock RTX 4090 on gpu-0
2025/09/20 21:42:34 Logged telemetry for Mock RTX 4080 on gpu-1
2025/09/20 21:42:35 No jobs in queue. Predicting idle period. Sending sleep command.
2025/09/20 21:42:35 Would send sleep command to GPU agent
2025/09/20 21:42:36 Logged telemetry for Mock RTX 4080 on gpu-1
2025/09/20 21:42:36 Logged telemetry for Mock RTX 4070 on gpu-2
2025/09/20 21:42:36 Logged telemetry for Mock RTX 4090 on gpu-0
2025/09/20 21:42:38 Logged telemetry for Mock RTX 4090 on gpu-0
2025/09/20 21:42:38 Logged telemetry for Mock RTX 4080 on gpu-1
2025/09/20 21:42:38 Logged telemetry for Mock RTX 4070 on gpu-2
2025/09/20 21:42:40 No jobs in queue. Predicting idle period. Sending sleep command.
2025/09/20 21:42:40 Would send sleep command to GPU agent
2025/09/20 21:42:40 Logged telemetry for Mock RTX 4070 on gpu-2
2025/09/20 21:42:40 Logged telemetry for Mock RTX 4090 on gpu-0
2025/09/20 21:42:40 Logged telemetry for Mock RTX 4080 on gpu-1
2025/09/20 21:42:42 Logged telemetry for Mock RTX 4080 on gpu-1
2025/09/20 21:42:42 Logged telemetry for Mock RTX 4070 on gpu-2
2025/09/20 21:42:42 Logged telemetry for Mock RTX 4090 on gpu-0
2025/09/20 21:42:44 Logged telemetry for Mock RTX 4090 on gpu-0
2025/09/20 21:42:44 Logged telemetry for Mock RTX 4080 on gpu-1
2025/09/20 21:42:44 Logged telemetry for Mock RTX 4070 on gpu-2
2025/09/20 21:42:45 No jobs in queue. Predicting idle period. Sending sleep command.
2025/09/20 21:42:45 Would send sleep command to GPU agent
2025/09/20 21:42:46 Logged telemetry for Mock RTX 4070 on gpu-2
2025/09/20 21:42:46 Logged telemetry for Mock RTX 4080 on gpu-1
2025/09/20 21:42:46 Logged telemetry for Mock RTX 4090 on gpu-0
2025/09/20 21:42:48 Logged telemetry for Mock RTX 4090 on gpu-0
2025/09/20 21:42:48 Logged telemetry for Mock RTX 4070 on gpu-2
2025/09/20 21:42:48 Logged telemetry for Mock RTX 4080 on gpu-1
2025/09/20 21:42:50 No jobs in queue. Predicting idle period. Sending sleep command.
2025/09/20 21:42:50 Would send sleep command to GPU agent
2025/09/20 21:42:50 Logged telemetry for Mock RTX 4080 on gpu-1
2025/09/20 21:42:50 Logged telemetry for Mock RTX 4090 on gpu-0
2025/09/20 21:42:50 Logged telemetry for Mock RTX 4070 on gpu-2
2025/09/20 21:42:52 Logged telemetry for Mock RTX 4070 on gpu-2
2025/09/20 21:42:52 Logged telemetry for Mock RTX 4090 on gpu-0
2025/09/20 21:42:52 Logged telemetry for Mock RTX 4080 on gpu-1
2025/09/20 21:42:54 Logged telemetry for Mock RTX 4080 on gpu-1
2025/09/20 21:42:54 Logged telemetry for Mock RTX 4070 on gpu-2
2025/09/20 21:42:54 Logged telemetry for Mock RTX 4090 on gpu-0
2025/09/20 21:42:55 No jobs in queue. Predicting idle period. Sending sleep command.
2025/09/20 21:42:55 Would send sleep command to GPU agent
2025/09/20 21:42:56 Logged telemetry for Mock RTX 4090 on gpu-0
2025/09/20 21:42:56 Logged telemetry for Mock RTX 4080 on gpu-1
2025/09/20 21:42:56 Logged telemetry for Mock RTX 4070 on gpu-2
2025/09/20 21:42:58 Logged telemetry for Mock RTX 4070 on gpu-2
2025/09/20 21:42:58 Logged telemetry for Mock RTX 4090 on gpu-0
2025/09/20 21:42:58 Logged telemetry for Mock RTX 4080 on gpu-1
2025/09/20 21:43:00 No jobs in queue. Predicting idle period. Sending sleep command.
2025/09/20 21:43:00 Would send sleep command to GPU agent
2025/09/20 21:43:00 Logged telemetry for Mock RTX 4080 on gpu-1
2025/09/20 21:43:00 Logged telemetry for Mock RTX 4070 on gpu-2
2025/09/20 21:43:00 Logged telemetry for Mock RTX 4090 on gpu-0
2025/09/20 21:43:02 Logged telemetry for Mock RTX 4090 on gpu-0
2025/09/20 21:43:02 Logged telemetry for Mock RTX 4070 on gpu-2
2025/09/20 21:43:02 Logged telemetry for Mock RTX 4080 on gpu-1
2025/09/20 21:43:04 Logged telemetry for Mock RTX 4080 on gpu-1
2025/09/20 21:43:04 Logged telemetry for Mock RTX 4090 on gpu-0
2025/09/20 21:43:04 Logged telemetry for Mock RTX 4070 on gpu-2
2025/09/20 21:43:05 No jobs in queue. Predicting idle period. Sending sleep command.
2025/09/20 21:43:05 Would send sleep command to GPU agent
2025/09/20 21:43:06 Logged telemetry for Mock RTX 4070 on gpu-2
2025/09/20 21:43:06 Logged telemetry for Mock RTX 4080 on gpu-1
2025/09/20 21:43:06 Logged telemetry for Mock RTX 4090 on gpu-0
2025/09/20 21:43:08 Logged telemetry for Mock RTX 4090 on gpu-0
2025/09/20 21:43:08 Logged telemetry for Mock RTX 4070 on gpu-2
2025/09/20 21:43:08 Logged telemetry for Mock RTX 4080 on gpu-1
2025/09/20 21:43:10 No jobs in queue. Predicting idle period. Sending sleep command.
2025/09/20 21:43:10 Would send sleep command to GPU agent
2025/09/20 21:43:10 Logged telemetry for Mock RTX 4080 on gpu-1
2025/09/20 21:43:10 Logged telemetry for Mock RTX 4090 on gpu-0
2025/09/20 21:43:10 Logged telemetry for Mock RTX 4070 on gpu-2
2025/09/20 21:43:12 Logged telemetry for Mock RTX 4070 on gpu-2
2025/09/20 21:43:12 Logged telemetry for Mock RTX 4080 on gpu-1
2025/09/20 21:43:12 Logged telemetry for Mock RTX 4090 on gpu-0
2025/09/20 21:43:14 Logged telemetry for Mock RTX 4090 on gpu-0
2025/09/20 21:43:14 Logged telemetry for Mock RTX 4070 on gpu-2
2025/09/20 21:43:14 Logged telemetry for Mock RTX 4080 on gpu-1
2025/09/20 21:43:15 No jobs in queue. Predicting idle period. Sending sleep command.
2025/09/20 21:43:15 Would send sleep command to GPU agent
2025/09/20 21:43:16 Logged telemetry for Mock RTX 4080 on gpu-1
2025/09/20 21:43:16 Logged telemetry for Mock RTX 4090 on gpu-0
2025/09/20 21:43:16 Logged telemetry for Mock RTX 4070 on gpu-2
2025/09/20 21:43:18 Logged telemetry for Mock RTX 4070 on gpu-2
2025/09/20 21:43:18 Logged telemetry for Mock RTX 4080 on gpu-1
2025/09/20 21:43:18 Logged telemetry for Mock RTX 4090 on gpu-0
2025/09/20 21:43:20 No jobs in queue. Predicting idle period. Sending sleep command.
2025/09/20 21:43:20 Would send sleep command to GPU agent
2025/09/20 21:43:20 Logged telemetry for Mock RTX 4090 on gpu-0
2025/09/20 21:43:20 Logged telemetry for Mock RTX 4070 on gpu-2
2025/09/20 21:43:20 Logged telemetry for Mock RTX 4080 on gpu-1
2025/09/20 21:43:22 Logged telemetry for Mock RTX 4080 on gpu-1
2025/09/20 21:43:22 Logged telemetry for Mock RTX 4090 on gpu-0
2025/09/20 21:43:22 Logged telemetry for Mock RTX 4070 on gpu-2
2025/09/20 21:43:24 Logged telemetry for Mock RTX 4070 on gpu-2
2025/09/20 21:43:24 Logged telemetry for Mock RTX 4080 on gpu-1
2025/09/20 21:43:24 Logged telemetry for Mock RTX 4090 on gpu-0
2025/09/20 21:43:25 No jobs in queue. Predicting idle period. Sending sleep command.
2025/09/20 21:43:25 Would send sleep command to GPU agent
2025/09/20 21:43:26 Logged telemetry for Mock RTX 4090 on gpu-0
2025/09/20 21:43:26 Logged telemetry for Mock RTX 4070 on gpu-2
2025/09/20 21:43:26 Logged telemetry for Mock RTX 4080 on gpu-1
2025/09/20 21:43:28 Logged telemetry for Mock RTX 4080 on gpu-1
2025/09/20 21:43:28 Logged telemetry for Mock RTX 4090 on gpu-0
2025/09/20 21:43:28 Logged telemetry for Mock RTX 4070 on gpu-2
2025/09/20 21:43:30 No jobs in queue. Predicting idle period. Sending sleep command.
2025/09/20 21:43:30 Would send sleep command to GPU agent
2025/09/20 21:43:30 Logged telemetry for Mock RTX 4070 on gpu-2
2025/09/20 21:43:30 Logged telemetry for Mock RTX 4080 on gpu-1
2025/09/20 21:43:30 Logged telemetry for Mock RTX 4090 on gpu-0
2025/09/20 21:43:32 Logged telemetry for Mock RTX 4090 on gpu-0
2025/09/20 21:43:32 Logged telemetry for Mock RTX 4070 on gpu-2
2025/09/20 21:43:32 Logged telemetry for Mock RTX 4080 on gpu-1
2025/09/20 21:43:34 Logged telemetry for Mock RTX 4080 on gpu-1
2025/09/20 21:43:34 Logged telemetry for Mock RTX 4090 on gpu-0
2025/09/20 21:43:34 Logged telemetry for Mock RTX 4070 on gpu-2
2025/09/20 21:43:35 No jobs in queue. Predicting idle period. Sending sleep command.
2025/09/20 21:43:35 Would send sleep command to GPU agent
2025/09/20 21:43:36 Logged telemetry for Mock RTX 4070 on gpu-2
2025/09/20 21:43:36 Logged telemetry for Mock RTX 4080 on gpu-1
2025/09/20 21:43:36 Logged telemetry for Mock RTX 4090 on gpu-0
2025/09/20 21:43:38 Logged telemetry for Mock RTX 4070 on gpu-2
2025/09/20 21:43:38 Logged telemetry for Mock RTX 4090 on gpu-0
2025/09/20 21:43:38 Logged telemetry for Mock RTX 4080 on gpu-1
2025/09/20 21:43:40 No jobs in queue. Predicting idle period. Sending sleep command.
2025/09/20 21:43:40 Would send sleep command to GPU agent
2025/09/20 21:43:40 Logged telemetry for Mock RTX 4080 on gpu-1
2025/09/20 21:43:40 Logged telemetry for Mock RTX 4070 on gpu-2
2025/09/20 21:43:40 Logged telemetry for Mock RTX 4090 on gpu-0
2025/09/20 21:43:42 Logged telemetry for Mock RTX 4090 on gpu-0
2025/09/20 21:43:42 Logged telemetry for Mock RTX 4080 on gpu-1
2025/09/20 21:43:42 Logged telemetry for Mock RTX 4070 on gpu-2
2025/09/20 21:43:44 Logged telemetry for Mock RTX 4070 on gpu-2
2025/09/20 21:43:44 Logged telemetry for Mock RTX 4090 on gpu-0
2025/09/20 21:43:44 Logged telemetry for Mock RTX 4080 on gpu-1
2025/09/20 21:43:45 No jobs in queue. Predicting idle period. Sending sleep command.
2025/09/20 21:43:45 Would send sleep command to GPU agent
2025/09/20 21:43:46 Logged telemetry for Mock RTX 4070 on gpu-2
2025/09/20 21:43:46 Logged telemetry for Mock RTX 4080 on gpu-1
2025/09/20 21:43:46 Logged telemetry for Mock RTX 4090 on gpu-0
2025/09/20 21:43:48 Logged telemetry for Mock RTX 4090 on gpu-0
2025/09/20 21:43:48 Logged telemetry for Mock RTX 4080 on gpu-1
2025/09/20 21:43:48 Logged telemetry for Mock RTX 4070 on gpu-2
2025/09/20 21:43:50 No jobs in queue. Predicting idle period. Sending sleep command.
2025/09/20 21:43:50 Would send sleep command to GPU agent
2025/09/20 21:43:50 Logged telemetry for Mock RTX 4070 on gpu-2
2025/09/20 21:43:50 Logged telemetry for Mock RTX 4090 on gpu-0
2025/09/20 21:43:50 Logged telemetry for Mock RTX 4080 on gpu-1
2025/09/20 21:43:52 Logged telemetry for Mock RTX 4090 on gpu-0
2025/09/20 21:43:52 Logged telemetry for Mock RTX 4070 on gpu-2
2025/09/20 21:43:52 Logged telemetry for Mock RTX 4080 on gpu-1
2025/09/20 21:43:54 Logged telemetry for Mock RTX 4080 on gpu-1
2025/09/20 21:43:54 Logged telemetry for Mock RTX 4090 on gpu-0
2025/09/20 21:43:54 Logged telemetry for Mock RTX 4070 on gpu-2
2025/09/20 21:43:55 No jobs in queue. Predicting idle period. Sending sleep command.
2025/09/20 21:43:55 Would send sleep command to GPU agent
2025/09/20 21:43:56 Logged telemetry for Mock RTX 4080 on gpu-1
2025/09/20 21:43:56 Logged telemetry for Mock RTX 4070 on gpu-2
2025/09/20 21:43:56 Logged telemetry for Mock RTX 4090 on gpu-0
2025/09/20 21:43:58 Logged telemetry for Mock RTX 4090 on gpu-0
2025/09/20 21:43:58 Logged telemetry for Mock RTX 4070 on gpu-2
2025/09/20 21:43:58 Logged telemetry for Mock RTX 4080 on gpu-1
2025/09/20 21:44:00 No jobs in queue. Predicting idle period. Sending sleep command.
2025/09/20 21:44:00 Would send sleep command to GPU agent
2025/09/20 21:44:00 Logged telemetry for Mock RTX 4090 on gpu-0
2025/09/20 21:44:00 Logged telemetry for Mock RTX 4080 on gpu-1
2025/09/20 21:44:00 Logged telemetry for Mock RTX 4070 on gpu-2
2025/09/20 21:44:02 Logged telemetry for Mock RTX 4070 on gpu-2
2025/09/20 21:44:02 Logged telemetry for Mock RTX 4080 on gpu-1
2025/09/20 21:44:02 Logged telemetry for Mock RTX 4090 on gpu-0
2025/09/20 21:44:04 Logged telemetry for Mock RTX 4090 on gpu-0
2025/09/20 21:44:04 Logged telemetry for Mock RTX 4070 on gpu-2
2025/09/20 21:44:04 Logged telemetry for Mock RTX 4080 on gpu-1
2025/09/20 21:44:05 No jobs in queue. Predicting idle period. Sending sleep command.
2025/09/20 21:44:05 Would send sleep command to GPU agent
2025/09/20 21:44:06 Logged telemetry for Mock RTX 4080 on gpu-1
2025/09/20 21:44:06 Logged telemetry for Mock RTX 4090 on gpu-0
2025/09/20 21:44:06 Logged telemetry for Mock RTX 4070 on gpu-2
2025/09/20 21:44:08 Logged telemetry for Mock RTX 4070 on gpu-2
2025/09/20 21:44:08 Logged telemetry for Mock RTX 4080 on gpu-1
2025/09/20 21:44:08 Logged telemetry for Mock RTX 4090 on gpu-0
2025/09/20 21:44:10 No jobs in queue. Predicting idle period. Sending sleep command.
2025/09/20 21:44:10 Would send sleep command to GPU agent
2025/09/20 21:44:10 Logged telemetry for Mock RTX 4090 on gpu-0
2025/09/20 21:44:10 Logged telemetry for Mock RTX 4070 on gpu-2
2025/09/20 21:44:10 Logged telemetry for Mock RTX 4080 on gpu-1
2025/09/20 21:44:12 Logged telemetry for Mock RTX 4090 on gpu-0
2025/09/20 21:44:12 Logged telemetry for Mock RTX 4080 on gpu-1
2025/09/20 21:44:12 Logged telemetry for Mock RTX 4070 on gpu-2
2025/09/20 21:44:14 Logged telemetry for Mock RTX 4070 on gpu-2
2025/09/20 21:44:14 Logged telemetry for Mock RTX 4080 on gpu-1
2025/09/20 21:44:14 Logged telemetry for Mock RTX 4090 on gpu-0
2025/09/20 21:44:15 No jobs in queue. Predicting idle period. Sending sleep command.
2025/09/20 21:44:15 Would send sleep command to GPU agent
2025/09/20 21:44:16 Logged telemetry for Mock RTX 4090 on gpu-0
2025/09/20 21:44:16 Logged telemetry for Mock RTX 4070 on gpu-2
2025/09/20 21:44:16 Logged telemetry for Mock RTX 4080 on gpu-1
2025/09/20 21:44:18 Logged telemetry for Mock RTX 4080 on gpu-1
2025/09/20 21:44:18 Logged telemetry for Mock RTX 4090 on gpu-0
2025/09/20 21:44:18 Logged telemetry for Mock RTX 4070 on gpu-2
2025/09/20 21:44:20 No jobs in queue. Predicting idle period. Sending sleep command.
2025/09/20 21:44:20 Would send sleep command to GPU agent
2025/09/20 21:44:20 Logged telemetry for Mock RTX 4070 on gpu-2
2025/09/20 21:44:20 Logged telemetry for Mock RTX 4080 on gpu-1
2025/09/20 21:44:20 Logged telemetry for Mock RTX 4090 on gpu-0
2025/09/20 21:44:22 Logged telemetry for Mock RTX 4090 on gpu-0
2025/09/20 21:44:22 Logged telemetry for Mock RTX 4070 on gpu-2
2025/09/20 21:44:22 Logged telemetry for Mock RTX 4080 on gpu-1
2025/09/20 21:44:24 Logged telemetry for Mock RTX 4080 on gpu-1
2025/09/20 21:44:24 Logged telemetry for Mock RTX 4090 on gpu-0
2025/09/20 21:44:24 Logged telemetry for Mock RTX 4070 on gpu-2
2025/09/20 21:44:25 No jobs in queue. Predicting idle period. Sending sleep command.
2025/09/20 21:44:25 Would send sleep command to GPU agent
2025/09/20 21:44:26 Logged telemetry for Mock RTX 4070 on gpu-2
2025/09/20 21:44:26 Logged telemetry for Mock RTX 4080 on gpu-1
2025/09/20 21:44:26 Logged telemetry for Mock RTX 4090 on gpu-0
2025/09/20 21:44:28 Logged telemetry for Mock RTX 4090 on gpu-0
2025/09/20 21:44:28 Logged telemetry for Mock RTX 4070 on gpu-2
2025/09/20 21:44:28 Logged telemetry for Mock RTX 4080 on gpu-1
2025/09/20 21:44:30 No jobs in queue. Predicting idle period. Sending sleep command.
2025/09/20 21:44:30 Would send sleep command to GPU agent
2025/09/20 21:44:30 Logged telemetry for Mock RTX 4080 on gpu-1
2025/09/20 21:44:30 Logged telemetry for Mock RTX 4090 on gpu-0
2025/09/20 21:44:30 Logged telemetry for Mock RTX 4070 on gpu-2
2025/09/20 21:44:32 Logged telemetry for Mock RTX 4070 on gpu-2
2025/09/20 21:44:32 Logged telemetry for Mock RTX 4080 on gpu-1
2025/09/20 21:44:32 Logged telemetry for Mock RTX 4090 on gpu-0
2025/09/20 21:44:34 Logged telemetry for Mock RTX 4090 on gpu-0
2025/09/20 21:44:34 Logged telemetry for Mock RTX 4070 on gpu-2
2025/09/20 21:44:34 Logged telemetry for Mock RTX 4080 on gpu-1
2025/09/20 21:44:35 No jobs in queue. Predicting idle period. Sending sleep command.
2025/09/20 21:44:35 Would send sleep command to GPU agent
2025/09/20 21:44:36 Logged telemetry for Mock RTX 4090 on gpu-0
2025/09/20 21:44:36 Logged telemetry for Mock RTX 4080 on gpu-1
2025/09/20 21:44:36 Logged telemetry for Mock RTX 4070 on gpu-2
2025/09/20 21:44:38 Logged telemetry for Mock RTX 4070 on gpu-2
2025/09/20 21:44:38 Logged telemetry for Mock RTX 4080 on gpu-1
2025/09/20 21:44:38 Logged telemetry for Mock RTX 4090 on gpu-0
2025/09/20 21:44:40 No jobs in queue. Predicting idle period. Sending sleep command.
2025/09/20 21:44:40 Would send sleep command to GPU agent
2025/09/20 21:44:40 Logged telemetry for Mock RTX 4090 on gpu-0
2025/09/20 21:44:40 Logged telemetry for Mock RTX 4070 on gpu-2
2025/09/20 21:44:40 Logged telemetry for Mock RTX 4080 on gpu-1
2025/09/20 21:44:42 Logged telemetry for Mock RTX 4080 on gpu-1
2025/09/20 21:44:42 Logged telemetry for Mock RTX 4090 on gpu-0
2025/09/20 21:44:42 Logged telemetry for Mock RTX 4070 on gpu-2
2025/09/20 21:44:44 Logged telemetry for Mock RTX 4070 on gpu-2
2025/09/20 21:44:44 Logged telemetry for Mock RTX 4080 on gpu-1
2025/09/20 21:44:44 Logged telemetry for Mock RTX 4090 on gpu-0
2025/09/20 21:44:45 No jobs in queue. Predicting idle period. Sending sleep command.
2025/09/20 21:44:45 Would send sleep command to GPU agent
2025/09/20 21:44:46 Logged telemetry for Mock RTX 4090 on gpu-0
2025/09/20 21:44:46 Logged telemetry for Mock RTX 4070 on gpu-2
2025/09/20 21:44:46 Logged telemetry for Mock RTX 4080 on gpu-1
2025/09/20 21:44:48 Logged telemetry for Mock RTX 4080 on gpu-1
2025/09/20 21:44:48 Logged telemetry for Mock RTX 4090 on gpu-0
2025/09/20 21:44:48 Logged telemetry for Mock RTX 4070 on gpu-2
2025/09/20 21:44:50 No jobs in queue. Predicting idle period. Sending sleep command.
2025/09/20 21:44:50 Would send sleep command to GPU agent
2025/09/20 21:44:50 Logged telemetry for Mock RTX 4070 on gpu-2
2025/09/20 21:44:50 Logged telemetry for Mock RTX 4080 on gpu-1
2025/09/20 21:44:50 Logged telemetry for Mock RTX 4090 on gpu-0
2025/09/20 21:44:52 Logged telemetry for Mock RTX 4070 on gpu-2
2025/09/20 21:44:52 Logged telemetry for Mock RTX 4090 on gpu-0
2025/09/20 21:44:52 Logged telemetry for Mock RTX 4080 on gpu-1
2025/09/20 21:44:54 Logged telemetry for Mock RTX 4080 on gpu-1
2025/09/20 21:44:54 Logged telemetry for Mock RTX 4070 on gpu-2
2025/09/20 21:44:54 Logged telemetry for Mock RTX 4090 on gpu-0
2025/09/20 21:44:55 No jobs in queue. Predicting idle period. Sending sleep command.
2025/09/20 21:44:55 Would send sleep command to GPU agent
2025/09/20 21:44:56 Logged telemetry for Mock RTX 4090 on gpu-0
2025/09/20 21:44:56 Logged telemetry for Mock RTX 4080 on gpu-1
2025/09/20 21:44:56 Logged telemetry for Mock RTX 4070 on gpu-2
2025/09/20 21:44:58 Logged telemetry for Mock RTX 4070 on gpu-2
2025/09/20 21:44:58 Logged telemetry for Mock RTX 4090 on gpu-0
2025/09/20 21:44:58 Logged telemetry for Mock RTX 4080 on gpu-1
2025/09/20 21:45:00 No jobs in queue. Predicting idle period. Sending sleep command.
2025/09/20 21:45:00 Would send sleep command to GPU agent
2025/09/20 21:45:00 Logged telemetry for Mock RTX 4080 on gpu-1
2025/09/20 21:45:00 Logged telemetry for Mock RTX 4070 on gpu-2
2025/09/20 21:45:00 Logged telemetry for Mock RTX 4090 on gpu-0
2025/09/20 21:45:02 Logged telemetry for Mock RTX 4090 on gpu-0
2025/09/20 21:45:02 Logged telemetry for Mock RTX 4070 on gpu-2
2025/09/20 21:45:02 Logged telemetry for Mock RTX 4080 on gpu-1
2025/09/20 21:45:04 Logged telemetry for Mock RTX 4080 on gpu-1
2025/09/20 21:45:04 Logged telemetry for Mock RTX 4090 on gpu-0
2025/09/20 21:45:04 Logged telemetry for Mock RTX 4070 on gpu-2
2025/09/20 21:45:05 No jobs in queue. Predicting idle period. Sending sleep command.
2025/09/20 21:45:05 Would send sleep command to GPU agent
2025/09/20 21:45:06 Logged telemetry for Mock RTX 4070 on gpu-2
2025/09/20 21:45:06 Logged telemetry for Mock RTX 4080 on gpu-1
2025/09/20 21:45:06 Logged telemetry for Mock RTX 4090 on gpu-0
2025/09/20 21:45:08 Logged telemetry for Mock RTX 4090 on gpu-0
2025/09/20 21:45:08 Logged telemetry for Mock RTX 4070 on gpu-2
2025/09/20 21:45:08 Logged telemetry for Mock RTX 4080 on gpu-1
2025/09/20 21:45:10 No jobs in queue. Predicting idle period. Sending sleep command.
2025/09/20 21:45:10 Would send sleep command to GPU agent
2025/09/20 21:45:10 Logged telemetry for Mock RTX 4080 on gpu-1
2025/09/20 21:45:10 Logged telemetry for Mock RTX 4090 on gpu-0
2025/09/20 21:45:10 Logged telemetry for Mock RTX 4070 on gpu-2
2025/09/20 21:45:12 Logged telemetry for Mock RTX 4070 on gpu-2
2025/09/20 21:45:12 Logged telemetry for Mock RTX 4090 on gpu-0
2025/09/20 21:45:12 Logged telemetry for Mock RTX 4080 on gpu-1
2025/09/20 21:45:14 Logged telemetry for Mock RTX 4080 on gpu-1
2025/09/20 21:45:14 Logged telemetry for Mock RTX 4070 on gpu-2
2025/09/20 21:45:14 Logged telemetry for Mock RTX 4090 on gpu-0
2025/09/20 21:45:15 No jobs in queue. Predicting idle period. Sending sleep command.
2025/09/20 21:45:15 Would send sleep command to GPU agent
2025/09/20 21:45:16 Logged telemetry for Mock RTX 4070 on gpu-2
2025/09/20 21:45:16 Logged telemetry for Mock RTX 4080 on gpu-1
2025/09/20 21:45:16 Logged telemetry for Mock RTX 4090 on gpu-0
2025/09/20 21:45:18 Logged telemetry for Mock RTX 4070 on gpu-2
2025/09/20 21:45:18 Logged telemetry for Mock RTX 4090 on gpu-0
2025/09/20 21:45:18 Logged telemetry for Mock RTX 4080 on gpu-1
2025/09/20 21:45:20 No jobs in queue. Predicting idle period. Sending sleep command.
2025/09/20 21:45:20 Would send sleep command to GPU agent
2025/09/20 21:45:20 Logged telemetry for Mock RTX 4090 on gpu-0
2025/09/20 21:45:20 Logged telemetry for Mock RTX 4080 on gpu-1
2025/09/20 21:45:20 Logged telemetry for Mock RTX 4070 on gpu-2
2025/09/20 21:45:22 Logged telemetry for Mock RTX 4070 on gpu-2
2025/09/20 21:45:22 Logged telemetry for Mock RTX 4080 on gpu-1
2025/09/20 21:45:22 Logged telemetry for Mock RTX 4090 on gpu-0
2025/09/20 21:45:24 Logged telemetry for Mock RTX 4090 on gpu-0
2025/09/20 21:45:24 Logged telemetry for Mock RTX 4070 on gpu-2
2025/09/20 21:45:24 Logged telemetry for Mock RTX 4080 on gpu-1
2025/09/20 21:45:25 No jobs in queue. Predicting idle period. Sending sleep command.
2025/09/20 21:45:25 Would send sleep command to GPU agent
2025/09/20 21:45:26 Logged telemetry for Mock RTX 4090 on gpu-0
2025/09/20 21:45:26 Logged telemetry for Mock RTX 4080 on gpu-1
2025/09/20 21:45:26 Logged telemetry for Mock RTX 4070 on gpu-2
2025/09/20 21:45:28 Logged telemetry for Mock RTX 4070 on gpu-2
2025/09/20 21:45:28 Logged telemetry for Mock RTX 4090 on gpu-0
2025/09/20 21:45:28 Logged telemetry for Mock RTX 4080 on gpu-1
2025/09/20 21:45:30 No jobs in queue. Predicting idle period. Sending sleep command.
2025/09/20 21:45:30 Would send sleep command to GPU agent
2025/09/20 21:45:30 Logged telemetry for Mock RTX 4080 on gpu-1
2025/09/20 21:45:30 Logged telemetry for Mock RTX 4070 on gpu-2
2025/09/20 21:45:30 Logged telemetry for Mock RTX 4090 on gpu-0
2025/09/20 21:45:32 Logged telemetry for Mock RTX 4090 on gpu-0
2025/09/20 21:45:32 Logged telemetry for Mock RTX 4080 on gpu-1
2025/09/20 21:45:32 Logged telemetry for Mock RTX 4070 on gpu-2
2025/09/20 21:45:34 Logged telemetry for Mock RTX 4070 on gpu-2
2025/09/20 21:45:34 Logged telemetry for Mock RTX 4090 on gpu-0
2025/09/20 21:45:34 Logged telemetry for Mock RTX 4080 on gpu-1
2025/09/20 21:45:35 No jobs in queue. Predicting idle period. Sending sleep command.
2025/09/20 21:45:35 Would send sleep command to GPU agent
2025/09/20 21:45:36 Logged telemetry for Mock RTX 4080 on gpu-1
2025/09/20 21:45:36 Logged telemetry for Mock RTX 4070 on gpu-2
2025/09/20 21:45:36 Logged telemetry for Mock RTX 4090 on gpu-0
2025/09/20 21:45:38 Logged telemetry for Mock RTX 4090 on gpu-0
2025/09/20 21:45:38 Logged telemetry for Mock RTX 4080 on gpu-1
2025/09/20 21:45:38 Logged telemetry for Mock RTX 4070 on gpu-2
2025/09/20 21:45:40 No jobs in queue. Predicting idle period. Sending sleep command.
2025/09/20 21:45:40 Would send sleep command to GPU agent
2025/09/20 21:45:40 Logged telemetry for Mock RTX 4090 on gpu-0
2025/09/20 21:45:40 Logged telemetry for Mock RTX 4070 on gpu-2
2025/09/20 21:45:40 Logged telemetry for Mock RTX 4080 on gpu-1
2025/09/20 21:45:42 Logged telemetry for Mock RTX 4080 on gpu-1
2025/09/20 21:45:42 Logged telemetry for Mock RTX 4090 on gpu-0
2025/09/20 21:45:42 Logged telemetry for Mock RTX 4070 on gpu-2
2025/09/20 21:45:44 Logged telemetry for Mock RTX 4070 on gpu-2
2025/09/20 21:45:44 Logged telemetry for Mock RTX 4080 on gpu-1
2025/09/20 21:45:44 Logged telemetry for Mock RTX 4090 on gpu-0
2025/09/20 21:45:45 No jobs in queue. Predicting idle period. Sending sleep command.
2025/09/20 21:45:45 Would send sleep command to GPU agent
2025/09/20 21:45:46 Logged telemetry for Mock RTX 4090 on gpu-0
2025/09/20 21:45:46 Logged telemetry for Mock RTX 4080 on gpu-1
2025/09/20 21:45:46 Logged telemetry for Mock RTX 4070 on gpu-2
2025/09/20 21:45:48 Logged telemetry for Mock RTX 4070 on gpu-2
2025/09/20 21:45:48 Logged telemetry for Mock RTX 4090 on gpu-0
2025/09/20 21:45:48 Logged telemetry for Mock RTX 4080 on gpu-1
2025/09/20 21:45:50 No jobs in queue. Predicting idle period. Sending sleep command.
2025/09/20 21:45:50 Would send sleep command to GPU agent
2025/09/20 21:45:50 Logged telemetry for Mock RTX 4080 on gpu-1
2025/09/20 21:45:50 Logged telemetry for Mock RTX 4070 on gpu-2
2025/09/20 21:45:50 Logged telemetry for Mock RTX 4090 on gpu-0
2025/09/20 21:45:52 Logged telemetry for Mock RTX 4090 on gpu-0
2025/09/20 21:45:52 Logged telemetry for Mock RTX 4080 on gpu-1
2025/09/20 21:45:52 Logged telemetry for Mock RTX 4070 on gpu-2
2025/09/20 21:45:54 Logged telemetry for Mock RTX 4070 on gpu-2
2025/09/20 21:45:54 Logged telemetry for Mock RTX 4090 on gpu-0
2025/09/20 21:45:54 Logged telemetry for Mock RTX 4080 on gpu-1
2025/09/20 21:45:55 No jobs in queue. Predicting idle period. Sending sleep command.
2025/09/20 21:45:55 Would send sleep command to GPU agent
2025/09/20 21:45:56 Logged telemetry for Mock RTX 4070 on gpu-2
2025/09/20 21:45:56 Logged telemetry for Mock RTX 4080 on gpu-1
2025/09/20 21:45:56 Logged telemetry for Mock RTX 4090 on gpu-0
2025/09/20 21:45:58 Logged telemetry for Mock RTX 4090 on gpu-0
2025/09/20 21:45:58 Logged telemetry for Mock RTX 4070 on gpu-2
2025/09/20 21:45:58 Logged telemetry for Mock RTX 4080 on gpu-1
2025/09/20 21:46:00 No jobs in queue. Predicting idle period. Sending sleep command.
2025/09/20 21:46:00 Would send sleep command to GPU agent
2025/09/20 21:46:00 Logged telemetry for Mock RTX 4080 on gpu-1
2025/09/20 21:46:00 Logged telemetry for Mock RTX 4090 on gpu-0
2025/09/20 21:46:00 Logged telemetry for Mock RTX 4070 on gpu-2
2025/09/20 21:46:02 Logged telemetry for Mock RTX 4070 on gpu-2
2025/09/20 21:46:02 Logged telemetry for Mock RTX 4080 on gpu-1
2025/09/20 21:46:02 Logged telemetry for Mock RTX 4090 on gpu-0
2025/09/20 21:46:04 Logged telemetry for Mock RTX 4090 on gpu-0
2025/09/20 21:46:04 Logged telemetry for Mock RTX 4070 on gpu-2
2025/09/20 21:46:04 Logged telemetry for Mock RTX 4080 on gpu-1
2025/09/20 21:46:05 No jobs in queue. Predicting idle period. Sending sleep command.
2025/09/20 21:46:05 Would send sleep command to GPU agent
2025/09/20 21:46:06 Logged telemetry for Mock RTX 4080 on gpu-1
2025/09/20 21:46:06 Logged telemetry for Mock RTX 4090 on gpu-0
2025/09/20 21:46:06 Logged telemetry for Mock RTX 4070 on gpu-2
2025/09/20 21:46:08 Logged telemetry for Mock RTX 4080 on gpu-1
2025/09/20 21:46:08 Logged telemetry for Mock RTX 4070 on gpu-2
2025/09/20 21:46:08 Logged telemetry for Mock RTX 4090 on gpu-0
2025/09/20 21:46:10 No jobs in queue. Predicting idle period. Sending sleep command.
2025/09/20 21:46:10 Would send sleep command to GPU agent
2025/09/20 21:46:10 Logged telemetry for Mock RTX 4090 on gpu-0
2025/09/20 21:46:10 Logged telemetry for Mock RTX 4070 on gpu-2
2025/09/20 21:46:10 Logged telemetry for Mock RTX 4080 on gpu-1
2025/09/20 21:46:12 Logged telemetry for Mock RTX 4080 on gpu-1
2025/09/20 21:46:12 Logged telemetry for Mock RTX 4090 on gpu-0
2025/09/20 21:46:12 Logged telemetry for Mock RTX 4070 on gpu-2
2025/09/20 21:46:14 Logged telemetry for Mock RTX 4070 on gpu-2
2025/09/20 21:46:14 Logged telemetry for Mock RTX 4080 on gpu-1
2025/09/20 21:46:14 Logged telemetry for Mock RTX 4090 on gpu-0
2025/09/20 21:46:15 No jobs in queue. Predicting idle period. Sending sleep command.
2025/09/20 21:46:15 Would send sleep command to GPU agent
2025/09/20 21:46:16 Logged telemetry for Mock RTX 4090 on gpu-0
2025/09/20 21:46:16 Logged telemetry for Mock RTX 4070 on gpu-2
2025/09/20 21:46:16 Logged telemetry for Mock RTX 4080 on gpu-1
2025/09/20 21:46:18 Logged telemetry for Mock RTX 4080 on gpu-1
2025/09/20 21:46:18 Logged telemetry for Mock RTX 4090 on gpu-0
2025/09/20 21:46:18 Logged telemetry for Mock RTX 4070 on gpu-2
2025/09/20 21:46:20 No jobs in queue. Predicting idle period. Sending sleep command.
2025/09/20 21:46:20 Would send sleep command to GPU agent
2025/09/20 21:46:20 Logged telemetry for Mock RTX 4070 on gpu-2
2025/09/20 21:46:20 Logged telemetry for Mock RTX 4080 on gpu-1
2025/09/20 21:46:20 Logged telemetry for Mock RTX 4090 on gpu-0
2025/09/20 21:46:22 Logged telemetry for Mock RTX 4070 on gpu-2
2025/09/20 21:46:22 Logged telemetry for Mock RTX 4090 on gpu-0
2025/09/20 21:46:22 Logged telemetry for Mock RTX 4080 on gpu-1
2025/09/20 21:46:24 Logged telemetry for Mock RTX 4080 on gpu-1
2025/09/20 21:46:24 Logged telemetry for Mock RTX 4070 on gpu-2
2025/09/20 21:46:24 Logged telemetry for Mock RTX 4090 on gpu-0
2025/09/20 21:46:25 No jobs in queue. Predicting idle period. Sending sleep command.
2025/09/20 21:46:25 Would send sleep command to GPU agent
2025/09/20 21:46:26 Logged telemetry for Mock RTX 4090 on gpu-0
2025/09/20 21:46:26 Logged telemetry for Mock RTX 4080 on gpu-1
2025/09/20 21:46:26 Logged telemetry for Mock RTX 4070 on gpu-2
2025/09/20 21:46:28 Logged telemetry for Mock RTX 4070 on gpu-2
2025/09/20 21:46:28 Logged telemetry for Mock RTX 4090 on gpu-0
2025/09/20 21:46:28 Logged telemetry for Mock RTX 4080 on gpu-1
2025/09/20 21:46:30 No jobs in queue. Predicting idle period. Sending sleep command.
2025/09/20 21:46:30 Would send sleep command to GPU agent
2025/09/20 21:46:30 Logged telemetry for Mock RTX 4080 on gpu-1
2025/09/20 21:46:30 Logged telemetry for Mock RTX 4070 on gpu-2
2025/09/20 21:46:30 Logged telemetry for Mock RTX 4090 on gpu-0
2025/09/20 21:46:32 Logged telemetry for Mock RTX 4090 on gpu-0
2025/09/20 21:46:32 Logged telemetry for Mock RTX 4080 on gpu-1
2025/09/20 21:46:32 Logged telemetry for Mock RTX 4070 on gpu-2
2025/09/20 21:46:34 Logged telemetry for Mock RTX 4070 on gpu-2
2025/09/20 21:46:34 Logged telemetry for Mock RTX 4090 on gpu-0
2025/09/20 21:46:34 Logged telemetry for Mock RTX 4080 on gpu-1
2025/09/20 21:46:35 No jobs in queue. Predicting idle period. Sending sleep command.
2025/09/20 21:46:35 Would send sleep command to GPU agent
2025/09/20 21:46:36 Logged telemetry for Mock RTX 4080 on gpu-1
2025/09/20 21:46:36 Logged telemetry for Mock RTX 4070 on gpu-2
2025/09/20 21:46:36 Logged telemetry for Mock RTX 4090 on gpu-0
2025/09/20 21:46:38 Logged telemetry for Mock RTX 4080 on gpu-1
2025/09/20 21:46:38 Logged telemetry for Mock RTX 4090 on gpu-0
2025/09/20 21:46:38 Logged telemetry for Mock RTX 4070 on gpu-2
2025/09/20 21:46:40 No jobs in queue. Predicting idle period. Sending sleep command.
2025/09/20 21:46:40 Would send sleep command to GPU agent
2025/09/20 21:46:40 Logged telemetry for Mock RTX 4070 on gpu-2
2025/09/20 21:46:40 Logged telemetry for Mock RTX 4090 on gpu-0
2025/09/20 21:46:40 Logged telemetry for Mock RTX 4080 on gpu-1
2025/09/20 21:46:42 Logged telemetry for Mock RTX 4080 on gpu-1
2025/09/20 21:46:42 Logged telemetry for Mock RTX 4070 on gpu-2
2025/09/20 21:46:42 Logged telemetry for Mock RTX 4090 on gpu-0
2025/09/20 21:46:44 Logged telemetry for Mock RTX 4090 on gpu-0
2025/09/20 21:46:44 Logged telemetry for Mock RTX 4080 on gpu-1
2025/09/20 21:46:44 Logged telemetry for Mock RTX 4070 on gpu-2
2025/09/20 21:46:45 No jobs in queue. Predicting idle period. Sending sleep command.
2025/09/20 21:46:45 Would send sleep command to GPU agent
2025/09/20 21:46:46 Logged telemetry for Mock RTX 4070 on gpu-2
2025/09/20 21:46:46 Logged telemetry for Mock RTX 4090 on gpu-0
2025/09/20 21:46:46 Logged telemetry for Mock RTX 4080 on gpu-1
2025/09/20 21:46:48 Logged telemetry for Mock RTX 4080 on gpu-1
2025/09/20 21:46:48 Logged telemetry for Mock RTX 4070 on gpu-2
2025/09/20 21:46:48 Logged telemetry for Mock RTX 4090 on gpu-0
2025/09/20 21:46:50 No jobs in queue. Predicting idle period. Sending sleep command.
2025/09/20 21:46:50 Would send sleep command to GPU agent
2025/09/20 21:46:50 Logged telemetry for Mock RTX 4090 on gpu-0
2025/09/20 21:46:50 Logged telemetry for Mock RTX 4080 on gpu-1
2025/09/20 21:46:50 Logged telemetry for Mock RTX 4070 on gpu-2
2025/09/20 21:46:52 Logged telemetry for Mock RTX 4070 on gpu-2
2025/09/20 21:46:52 Logged telemetry for Mock RTX 4090 on gpu-0
2025/09/20 21:46:52 Logged telemetry for Mock RTX 4080 on gpu-1
2025/09/20 21:46:54 Logged telemetry for Mock RTX 4080 on gpu-1
2025/09/20 21:46:54 Logged telemetry for Mock RTX 4070 on gpu-2
2025/09/20 21:46:54 Logged telemetry for Mock RTX 4090 on gpu-0
2025/09/20 21:46:55 No jobs in queue. Predicting idle period. Sending sleep command.
2025/09/20 21:46:55 Would send sleep command to GPU agent
2025/09/20 21:46:56 Logged telemetry for Mock RTX 4090 on gpu-0
2025/09/20 21:46:56 Logged telemetry for Mock RTX 4080 on gpu-1
2025/09/20 21:46:56 Logged telemetry for Mock RTX 4070 on gpu-2
2025/09/20 21:46:58 Logged telemetry for Mock RTX 4070 on gpu-2
2025/09/20 21:46:58 Logged telemetry for Mock RTX 4090 on gpu-0
2025/09/20 21:46:58 Logged telemetry for Mock RTX 4080 on gpu-1
2025/09/20 21:47:00 No jobs in queue. Predicting idle period. Sending sleep command.
2025/09/20 21:47:00 Would send sleep command to GPU agent
2025/09/20 21:47:00 Logged telemetry for Mock RTX 4080 on gpu-1
2025/09/20 21:47:00 Logged telemetry for Mock RTX 4070 on gpu-2
2025/09/20 21:47:00 Logged telemetry for Mock RTX 4090 on gpu-0
2025/09/20 21:47:02 Logged telemetry for Mock RTX 4090 on gpu-0
2025/09/20 21:47:02 Logged telemetry for Mock RTX 4080 on gpu-1
2025/09/20 21:47:02 Logged telemetry for Mock RTX 4070 on gpu-2
2025/09/20 21:47:04 Logged telemetry for Mock RTX 4070 on gpu-2
2025/09/20 21:47:04 Logged telemetry for Mock RTX 4090 on gpu-0
2025/09/20 21:47:04 Logged telemetry for Mock RTX 4080 on gpu-1
2025/09/20 21:47:05 No jobs in queue. Predicting idle period. Sending sleep command.
2025/09/20 21:47:05 Would send sleep command to GPU agent
2025/09/20 21:47:06 Logged telemetry for Mock RTX 4080 on gpu-1
2025/09/20 21:47:06 Logged telemetry for Mock RTX 4070 on gpu-2
2025/09/20 21:47:06 Logged telemetry for Mock RTX 4090 on gpu-0
2025/09/20 21:47:08 Logged telemetry for Mock RTX 4090 on gpu-0
2025/09/20 21:47:08 Logged telemetry for Mock RTX 4080 on gpu-1
2025/09/20 21:47:08 Logged telemetry for Mock RTX 4070 on gpu-2
2025/09/20 21:47:10 No jobs in queue. Predicting idle period. Sending sleep command.
2025/09/20 21:47:10 Would send sleep command to GPU agent
2025/09/20 21:47:10 Logged telemetry for Mock RTX 4070 on gpu-2
2025/09/20 21:47:10 Logged telemetry for Mock RTX 4090 on gpu-0
2025/09/20 21:47:10 Logged telemetry for Mock RTX 4080 on gpu-1
2025/09/20 21:47:12 Logged telemetry for Mock RTX 4080 on gpu-1
2025/09/20 21:47:12 Logged telemetry for Mock RTX 4070 on gpu-2
2025/09/20 21:47:12 Logged telemetry for Mock RTX 4090 on gpu-0
2025/09/20 21:47:14 Logged telemetry for Mock RTX 4090 on gpu-0
2025/09/20 21:47:14 Logged telemetry for Mock RTX 4080 on gpu-1
2025/09/20 21:47:14 Logged telemetry for Mock RTX 4070 on gpu-2
2025/09/20 21:47:15 No jobs in queue. Predicting idle period. Sending sleep command.
2025/09/20 21:47:15 Would send sleep command to GPU agent
2025/09/20 21:47:16 Logged telemetry for Mock RTX 4070 on gpu-2
2025/09/20 21:47:16 Logged telemetry for Mock RTX 4090 on gpu-0
2025/09/20 21:47:16 Logged telemetry for Mock RTX 4080 on gpu-1
2025/09/20 21:47:18 Logged telemetry for Mock RTX 4080 on gpu-1
2025/09/20 21:47:18 Logged telemetry for Mock RTX 4070 on gpu-2
2025/09/20 21:47:18 Logged telemetry for Mock RTX 4090 on gpu-0
2025/09/20 21:47:20 No jobs in queue. Predicting idle period. Sending sleep command.
2025/09/20 21:47:20 Would send sleep command to GPU agent
2025/09/20 21:47:20 Logged telemetry for Mock RTX 4090 on gpu-0
2025/09/20 21:47:20 Logged telemetry for Mock RTX 4080 on gpu-1
2025/09/20 21:47:20 Logged telemetry for Mock RTX 4070 on gpu-2
2025/09/20 21:47:22 Logged telemetry for Mock RTX 4070 on gpu-2
2025/09/20 21:47:22 Logged telemetry for Mock RTX 4080 on gpu-1
2025/09/20 21:47:22 Logged telemetry for Mock RTX 4090 on gpu-0
2025/09/20 21:47:24 Logged telemetry for Mock RTX 4090 on gpu-0
2025/09/20 21:47:24 Logged telemetry for Mock RTX 4070 on gpu-2
2025/09/20 21:47:24 Logged telemetry for Mock RTX 4080 on gpu-1
2025/09/20 21:47:25 No jobs in queue. Predicting idle period. Sending sleep command.
2025/09/20 21:47:25 Would send sleep command to GPU agent
2025/09/20 21:47:26 Logged telemetry for Mock RTX 4080 on gpu-1
2025/09/20 21:47:26 Logged telemetry for Mock RTX 4090 on gpu-0
2025/09/20 21:47:26 Logged telemetry for Mock RTX 4070 on gpu-2
2025/09/20 21:47:28 Logged telemetry for Mock RTX 4070 on gpu-2
2025/09/20 21:47:28 Logged telemetry for Mock RTX 4080 on gpu-1
2025/09/20 21:47:28 Logged telemetry for Mock RTX 4090 on gpu-0
2025/09/20 21:47:30 No jobs in queue. Predicting idle period. Sending sleep command.
2025/09/20 21:47:30 Would send sleep command to GPU agent
2025/09/20 21:47:30 Logged telemetry for Mock RTX 4090 on gpu-0
2025/09/20 21:47:30 Logged telemetry for Mock RTX 4070 on gpu-2
2025/09/20 21:47:30 Logged telemetry for Mock RTX 4080 on gpu-1
2025/09/20 21:47:32 Logged telemetry for Mock RTX 4080 on gpu-1
2025/09/20 21:47:32 Logged telemetry for Mock RTX 4090 on gpu-0
2025/09/20 21:47:32 Logged telemetry for Mock RTX 4070 on gpu-2
2025/09/20 21:47:34 Logged telemetry for Mock RTX 4070 on gpu-2
2025/09/20 21:47:34 Logged telemetry for Mock RTX 4080 on gpu-1
2025/09/20 21:47:34 Logged telemetry for Mock RTX 4090 on gpu-0
2025/09/20 21:47:35 No jobs in queue. Predicting idle period. Sending sleep command.
2025/09/20 21:47:35 Would send sleep command to GPU agent
2025/09/20 21:47:36 Logged telemetry for Mock RTX 4090 on gpu-0
2025/09/20 21:47:36 Logged telemetry for Mock RTX 4070 on gpu-2
2025/09/20 21:47:36 Logged telemetry for Mock RTX 4080 on gpu-1
2025/09/20 21:47:38 Logged telemetry for Mock RTX 4080 on gpu-1
2025/09/20 21:47:38 Logged telemetry for Mock RTX 4090 on gpu-0
2025/09/20 21:47:38 Logged telemetry for Mock RTX 4070 on gpu-2
2025/09/20 21:47:40 No jobs in queue. Predicting idle period. Sending sleep command.
2025/09/20 21:47:40 Would send sleep command to GPU agent
2025/09/20 21:47:40 Logged telemetry for Mock RTX 4070 on gpu-2
2025/09/20 21:47:40 Logged telemetry for Mock RTX 4090 on gpu-0
2025/09/20 21:47:40 Logged telemetry for Mock RTX 4080 on gpu-1
2025/09/20 21:47:42 Logged telemetry for Mock RTX 4070 on gpu-2
2025/09/20 21:47:42 Logged telemetry for Mock RTX 4080 on gpu-1
2025/09/20 21:47:42 Logged telemetry for Mock RTX 4090 on gpu-0
2025/09/20 21:47:44 Logged telemetry for Mock RTX 4070 on gpu-2
2025/09/20 21:47:44 Logged telemetry for Mock RTX 4080 on gpu-1
2025/09/20 21:47:44 Logged telemetry for Mock RTX 4090 on gpu-0
2025/09/20 21:47:45 No jobs in queue. Predicting idle period. Sending sleep command.
2025/09/20 21:47:45 Would send sleep command to GPU agent
2025/09/20 21:47:46 Logged telemetry for Mock RTX 4090 on gpu-0
2025/09/20 21:47:46 Logged telemetry for Mock RTX 4070 on gpu-2
2025/09/20 21:47:46 Logged telemetry for Mock RTX 4080 on gpu-1
2025/09/20 21:47:48 Logged telemetry for Mock RTX 4080 on gpu-1
2025/09/20 21:47:48 Logged telemetry for Mock RTX 4090 on gpu-0
2025/09/20 21:47:48 Logged telemetry for Mock RTX 4070 on gpu-2
2025/09/20 21:47:50 No jobs in queue. Predicting idle period. Sending sleep command.
2025/09/20 21:47:50 Would send sleep command to GPU agent
2025/09/20 21:47:50 Logged telemetry for Mock RTX 4070 on gpu-2
2025/09/20 21:47:50 Logged telemetry for Mock RTX 4080 on gpu-1
2025/09/20 21:47:50 Logged telemetry for Mock RTX 4090 on gpu-0
2025/09/20 21:47:52 Logged telemetry for Mock RTX 4090 on gpu-0
2025/09/20 21:47:52 Logged telemetry for Mock RTX 4070 on gpu-2
2025/09/20 21:47:52 Logged telemetry for Mock RTX 4080 on gpu-1
2025/09/20 21:47:54 Logged telemetry for Mock RTX 4090 on gpu-0
2025/09/20 21:47:54 Logged telemetry for Mock RTX 4080 on gpu-1
2025/09/20 21:47:54 Logged telemetry for Mock RTX 4070 on gpu-2
2025/09/20 21:47:55 No jobs in queue. Predicting idle period. Sending sleep command.
2025/09/20 21:47:55 Would send sleep command to GPU agent
2025/09/20 21:47:56 Logged telemetry for Mock RTX 4070 on gpu-2
2025/09/20 21:47:56 Logged telemetry for Mock RTX 4090 on gpu-0
2025/09/20 21:47:56 Logged telemetry for Mock RTX 4080 on gpu-1
2025/09/20 21:47:58 Logged telemetry for Mock RTX 4090 on gpu-0
2025/09/20 21:47:58 Logged telemetry for Mock RTX 4070 on gpu-2
2025/09/20 21:47:58 Logged telemetry for Mock RTX 4080 on gpu-1
2025/09/20 21:48:00 No jobs in queue. Predicting idle period. Sending sleep command.
2025/09/20 21:48:00 Would send sleep command to GPU agent
2025/09/20 21:48:00 Logged telemetry for Mock RTX 4080 on gpu-1
2025/09/20 21:48:00 Logged telemetry for Mock RTX 4090 on gpu-0
2025/09/20 21:48:00 Logged telemetry for Mock RTX 4070 on gpu-2
2025/09/20 21:48:02 Logged telemetry for Mock RTX 4070 on gpu-2
2025/09/20 21:48:02 Logged telemetry for Mock RTX 4080 on gpu-1
2025/09/20 21:48:02 Logged telemetry for Mock RTX 4090 on gpu-0
2025/09/20 21:48:04 Logged telemetry for Mock RTX 4090 on gpu-0
2025/09/20 21:48:04 Logged telemetry for Mock RTX 4070 on gpu-2
2025/09/20 21:48:04 Logged telemetry for Mock RTX 4080 on gpu-1
2025/09/20 21:48:05 No jobs in queue. Predicting idle period. Sending sleep command.
2025/09/20 21:48:05 Would send sleep command to GPU agent
2025/09/20 21:48:06 Logged telemetry for Mock RTX 4080 on gpu-1
2025/09/20 21:48:06 Logged telemetry for Mock RTX 4090 on gpu-0
2025/09/20 21:48:06 Logged telemetry for Mock RTX 4070 on gpu-2
2025/09/20 21:48:08 Logged telemetry for Mock RTX 4070 on gpu-2
2025/09/20 21:48:08 Logged telemetry for Mock RTX 4080 on gpu-1
2025/09/20 21:48:08 Logged telemetry for Mock RTX 4090 on gpu-0
2025/09/20 21:48:10 No jobs in queue. Predicting idle period. Sending sleep command.
2025/09/20 21:48:10 Would send sleep command to GPU agent
2025/09/20 21:48:10 Logged telemetry for Mock RTX 4090 on gpu-0
2025/09/20 21:48:10 Logged telemetry for Mock RTX 4070 on gpu-2
2025/09/20 21:48:10 Logged telemetry for Mock RTX 4080 on gpu-1
2025/09/20 21:48:12 Logged telemetry for Mock RTX 4080 on gpu-1
2025/09/20 21:48:12 Logged telemetry for Mock RTX 4090 on gpu-0
2025/09/20 21:48:12 Logged telemetry for Mock RTX 4070 on gpu-2
2025/09/20 21:48:14 Logged telemetry for Mock RTX 4070 on gpu-2
2025/09/20 21:48:14 Logged telemetry for Mock RTX 4080 on gpu-1
2025/09/20 21:48:14 Logged telemetry for Mock RTX 4090 on gpu-0
2025/09/20 21:48:15 No jobs in queue. Predicting idle period. Sending sleep command.
2025/09/20 21:48:15 Would send sleep command to GPU agent
2025/09/20 21:48:16 Logged telemetry for Mock RTX 4090 on gpu-0
2025/09/20 21:48:16 Logged telemetry for Mock RTX 4070 on gpu-2
2025/09/20 21:48:16 Logged telemetry for Mock RTX 4080 on gpu-1
2025/09/20 21:48:18 Logged telemetry for Mock RTX 4080 on gpu-1
2025/09/20 21:48:18 Logged telemetry for Mock RTX 4090 on gpu-0
2025/09/20 21:48:18 Logged telemetry for Mock RTX 4070 on gpu-2
2025/09/20 21:48:20 No jobs in queue. Predicting idle period. Sending sleep command.
2025/09/20 21:48:20 Would send sleep command to GPU agent
2025/09/20 21:48:20 Logged telemetry for Mock RTX 4090 on gpu-0
2025/09/20 21:48:20 Logged telemetry for Mock RTX 4080 on gpu-1
2025/09/20 21:48:20 Logged telemetry for Mock RTX 4070 on gpu-2
2025/09/20 21:48:22 Logged telemetry for Mock RTX 4070 on gpu-2
2025/09/20 21:48:22 Logged telemetry for Mock RTX 4090 on gpu-0
2025/09/20 21:48:22 Logged telemetry for Mock RTX 4080 on gpu-1
2025/09/20 21:48:24 Logged telemetry for Mock RTX 4080 on gpu-1
2025/09/20 21:48:24 Logged telemetry for Mock RTX 4070 on gpu-2
2025/09/20 21:48:24 Logged telemetry for Mock RTX 4090 on gpu-0
2025/09/20 21:48:25 No jobs in queue. Predicting idle period. Sending sleep command.
2025/09/20 21:48:25 Would send sleep command to GPU agent
2025/09/20 21:48:26 Logged telemetry for Mock RTX 4090 on gpu-0
2025/09/20 21:48:26 Logged telemetry for Mock RTX 4080 on gpu-1
2025/09/20 21:48:26 Logged telemetry for Mock RTX 4070 on gpu-2
2025/09/20 21:48:28 Logged telemetry for Mock RTX 4070 on gpu-2
2025/09/20 21:48:28 Logged telemetry for Mock RTX 4090 on gpu-0
2025/09/20 21:48:28 Logged telemetry for Mock RTX 4080 on gpu-1
2025/09/20 21:48:30 No jobs in queue. Predicting idle period. Sending sleep command.
2025/09/20 21:48:30 Would send sleep command to GPU agent
2025/09/20 21:48:30 Logged telemetry for Mock RTX 4080 on gpu-1
2025/09/20 21:48:30 Logged telemetry for Mock RTX 4070 on gpu-2
2025/09/20 21:48:30 Logged telemetry for Mock RTX 4090 on gpu-0
2025/09/20 21:48:32 Logged telemetry for Mock RTX 4090 on gpu-0
2025/09/20 21:48:32 Logged telemetry for Mock RTX 4080 on gpu-1
2025/09/20 21:48:32 Logged telemetry for Mock RTX 4070 on gpu-2
2025/09/20 21:48:34 Logged telemetry for Mock RTX 4070 on gpu-2
2025/09/20 21:48:34 Logged telemetry for Mock RTX 4090 on gpu-0
2025/09/20 21:48:34 Logged telemetry for Mock RTX 4080 on gpu-1
2025/09/20 21:48:35 No jobs in queue. Predicting idle period. Sending sleep command.
2025/09/20 21:48:35 Would send sleep command to GPU agent
2025/09/20 21:48:36 Logged telemetry for Mock RTX 4070 on gpu-2
2025/09/20 21:48:36 Logged telemetry for Mock RTX 4090 on gpu-0
2025/09/20 21:48:36 Logged telemetry for Mock RTX 4080 on gpu-1
2025/09/20 21:48:38 Logged telemetry for Mock RTX 4080 on gpu-1
2025/09/20 21:48:38 Logged telemetry for Mock RTX 4070 on gpu-2
2025/09/20 21:48:38 Logged telemetry for Mock RTX 4090 on gpu-0
2025/09/20 21:48:40 No jobs in queue. Predicting idle period. Sending sleep command.
2025/09/20 21:48:40 Would send sleep command to GPU agent
2025/09/20 21:48:40 Logged telemetry for Mock RTX 4090 on gpu-0
2025/09/20 21:48:40 Logged telemetry for Mock RTX 4080 on gpu-1
2025/09/20 21:48:40 Logged telemetry for Mock RTX 4070 on gpu-2
2025/09/20 21:48:42 Logged telemetry for Mock RTX 4090 on gpu-0
2025/09/20 21:48:42 Logged telemetry for Mock RTX 4070 on gpu-2
2025/09/20 21:48:42 Logged telemetry for Mock RTX 4080 on gpu-1
2025/09/20 21:48:44 Logged telemetry for Mock RTX 4070 on gpu-2
2025/09/20 21:48:44 Logged telemetry for Mock RTX 4080 on gpu-1
2025/09/20 21:48:44 Logged telemetry for Mock RTX 4090 on gpu-0
2025/09/20 21:48:45 No jobs in queue. Predicting idle period. Sending sleep command.
2025/09/20 21:48:45 Would send sleep command to GPU agent
2025/09/20 21:48:46 Logged telemetry for Mock RTX 4090 on gpu-0
2025/09/20 21:48:46 Logged telemetry for Mock RTX 4070 on gpu-2
2025/09/20 21:48:46 Logged telemetry for Mock RTX 4080 on gpu-1
2025/09/20 21:48:48 Logged telemetry for Mock RTX 4080 on gpu-1
2025/09/20 21:48:48 Logged telemetry for Mock RTX 4090 on gpu-0
2025/09/20 21:48:48 Logged telemetry for Mock RTX 4070 on gpu-2
2025/09/20 21:48:50 No jobs in queue. Predicting idle period. Sending sleep command.
2025/09/20 21:48:50 Would send sleep command to GPU agent
2025/09/20 21:48:50 Logged telemetry for Mock RTX 4070 on gpu-2
2025/09/20 21:48:50 Logged telemetry for Mock RTX 4080 on gpu-1
2025/09/20 21:48:50 Logged telemetry for Mock RTX 4090 on gpu-0
2025/09/20 21:48:52 Logged telemetry for Mock RTX 4090 on gpu-0
2025/09/20 21:48:52 Logged telemetry for Mock RTX 4070 on gpu-2
2025/09/20 21:48:52 Logged telemetry for Mock RTX 4080 on gpu-1
2025/09/20 21:48:54 Logged telemetry for Mock RTX 4080 on gpu-1
2025/09/20 21:48:54 Logged telemetry for Mock RTX 4090 on gpu-0
2025/09/20 21:48:54 Logged telemetry for Mock RTX 4070 on gpu-2
2025/09/20 21:48:55 No jobs in queue. Predicting idle period. Sending sleep command.
2025/09/20 21:48:55 Would send sleep command to GPU agent
2025/09/20 21:48:56 Logged telemetry for Mock RTX 4070 on gpu-2
2025/09/20 21:48:56 Logged telemetry for Mock RTX 4080 on gpu-1
2025/09/20 21:48:56 Logged telemetry for Mock RTX 4090 on gpu-0
2025/09/20 21:48:58 Logged telemetry for Mock RTX 4090 on gpu-0
2025/09/20 21:48:58 Logged telemetry for Mock RTX 4080 on gpu-1
2025/09/20 21:48:58 Logged telemetry for Mock RTX 4070 on gpu-2
2025/09/20 21:49:00 No jobs in queue. Predicting idle period. Sending sleep command.
2025/09/20 21:49:00 Would send sleep command to GPU agent
2025/09/20 21:49:00 Logged telemetry for Mock RTX 4090 on gpu-0
2025/09/20 21:49:00 Logged telemetry for Mock RTX 4080 on gpu-1
2025/09/20 21:49:00 Logged telemetry for Mock RTX 4070 on gpu-2
2025/09/20 21:49:02 Logged telemetry for Mock RTX 4090 on gpu-0
2025/09/20 21:49:02 Logged telemetry for Mock RTX 4070 on gpu-2
2025/09/20 21:49:02 Logged telemetry for Mock RTX 4080 on gpu-1
2025/09/20 21:49:04 Logged telemetry for Mock RTX 4080 on gpu-1
2025/09/20 21:49:04 Logged telemetry for Mock RTX 4090 on gpu-0
2025/09/20 21:49:04 Logged telemetry for Mock RTX 4070 on gpu-2
2025/09/20 21:49:05 No jobs in queue. Predicting idle period. Sending sleep command.
2025/09/20 21:49:05 Would send sleep command to GPU agent
2025/09/20 21:49:06 Logged telemetry for Mock RTX 4070 on gpu-2
2025/09/20 21:49:06 Logged telemetry for Mock RTX 4080 on gpu-1
2025/09/20 21:49:06 Logged telemetry for Mock RTX 4090 on gpu-0
2025/09/20 21:49:08 Logged telemetry for Mock RTX 4090 on gpu-0
2025/09/20 21:49:08 Logged telemetry for Mock RTX 4070 on gpu-2
2025/09/20 21:49:08 Logged telemetry for Mock RTX 4080 on gpu-1
2025/09/20 21:49:10 No jobs in queue. Predicting idle period. Sending sleep command.
2025/09/20 21:49:10 Would send sleep command to GPU agent
2025/09/20 21:49:10 Logged telemetry for Mock RTX 4080 on gpu-1
2025/09/20 21:49:10 Logged telemetry for Mock RTX 4090 on gpu-0
2025/09/20 21:49:10 Logged telemetry for Mock RTX 4070 on gpu-2
2025/09/20 21:49:12 Logged telemetry for Mock RTX 4070 on gpu-2
2025/09/20 21:49:12 Logged telemetry for Mock RTX 4080 on gpu-1
2025/09/20 21:49:12 Logged telemetry for Mock RTX 4090 on gpu-0
2025/09/20 21:49:14 Logged telemetry for Mock RTX 4090 on gpu-0
2025/09/20 21:49:14 Logged telemetry for Mock RTX 4070 on gpu-2
2025/09/20 21:49:14 Logged telemetry for Mock RTX 4080 on gpu-1
2025/09/20 21:49:15 No jobs in queue. Predicting idle period. Sending sleep command.
2025/09/20 21:49:15 Would send sleep command to GPU agent
2025/09/20 21:49:16 Logged telemetry for Mock RTX 4080 on gpu-1
2025/09/20 21:49:16 Logged telemetry for Mock RTX 4090 on gpu-0
2025/09/20 21:49:16 Logged telemetry for Mock RTX 4070 on gpu-2
2025/09/20 21:49:18 Logged telemetry for Mock RTX 4080 on gpu-1
2025/09/20 21:49:18 Logged telemetry for Mock RTX 4070 on gpu-2
2025/09/20 21:49:18 Logged telemetry for Mock RTX 4090 on gpu-0
2025/09/20 21:49:20 No jobs in queue. Predicting idle period. Sending sleep command.
2025/09/20 21:49:20 Would send sleep command to GPU agent
2025/09/20 21:49:20 Logged telemetry for Mock RTX 4090 on gpu-0
2025/09/20 21:49:20 Logged telemetry for Mock RTX 4070 on gpu-2
2025/09/20 21:49:20 Logged telemetry for Mock RTX 4080 on gpu-1
2025/09/20 21:49:22 Logged telemetry for Mock RTX 4080 on gpu-1
2025/09/20 21:49:22 Logged telemetry for Mock RTX 4090 on gpu-0
2025/09/20 21:49:22 Logged telemetry for Mock RTX 4070 on gpu-2
2025/09/20 21:49:24 Logged telemetry for Mock RTX 4070 on gpu-2
2025/09/20 21:49:24 Logged telemetry for Mock RTX 4090 on gpu-0
2025/09/20 21:49:24 Logged telemetry for Mock RTX 4080 on gpu-1
2025/09/20 21:49:25 No jobs in queue. Predicting idle period. Sending sleep command.
2025/09/20 21:49:25 Would send sleep command to GPU agent
2025/09/20 21:49:26 Logged telemetry for Mock RTX 4080 on gpu-1
2025/09/20 21:49:26 Logged telemetry for Mock RTX 4070 on gpu-2
2025/09/20 21:49:26 Logged telemetry for Mock RTX 4090 on gpu-0
2025/09/20 21:49:28 Logged telemetry for Mock RTX 4090 on gpu-0
2025/09/20 21:49:28 Logged telemetry for Mock RTX 4070 on gpu-2
2025/09/20 21:49:28 Logged telemetry for Mock RTX 4080 on gpu-1
2025/09/20 21:49:30 No jobs in queue. Predicting idle period. Sending sleep command.
2025/09/20 21:49:30 Would send sleep command to GPU agent
2025/09/20 21:49:30 Logged telemetry for Mock RTX 4080 on gpu-1
2025/09/20 21:49:30 Logged telemetry for Mock RTX 4090 on gpu-0
2025/09/20 21:49:30 Logged telemetry for Mock RTX 4070 on gpu-2
2025/09/20 21:49:32 Logged telemetry for Mock RTX 4070 on gpu-2
2025/09/20 21:49:32 Logged telemetry for Mock RTX 4080 on gpu-1
2025/09/20 21:49:32 Logged telemetry for Mock RTX 4090 on gpu-0
2025/09/20 21:49:34 Logged telemetry for Mock RTX 4090 on gpu-0
2025/09/20 21:49:34 Logged telemetry for Mock RTX 4070 on gpu-2
2025/09/20 21:49:34 Logged telemetry for Mock RTX 4080 on gpu-1
2025/09/20 21:49:35 No jobs in queue. Predicting idle period. Sending sleep command.
2025/09/20 21:49:35 Would send sleep command to GPU agent
2025/09/20 21:49:36 Logged telemetry for Mock RTX 4080 on gpu-1
2025/09/20 21:49:36 Logged telemetry for Mock RTX 4090 on gpu-0
2025/09/20 21:49:36 Logged telemetry for Mock RTX 4070 on gpu-2
2025/09/20 21:49:38 Logged telemetry for Mock RTX 4090 on gpu-0
2025/09/20 21:49:38 Logged telemetry for Mock RTX 4070 on gpu-2
2025/09/20 21:49:38 Logged telemetry for Mock RTX 4080 on gpu-1
2025/09/20 21:49:40 No jobs in queue. Predicting idle period. Sending sleep command.
2025/09/20 21:49:40 Would send sleep command to GPU agent
2025/09/20 21:49:40 Logged telemetry for Mock RTX 4080 on gpu-1
2025/09/20 21:49:40 Logged telemetry for Mock RTX 4090 on gpu-0
2025/09/20 21:49:40 Logged telemetry for Mock RTX 4070 on gpu-2
2025/09/20 21:49:42 Logged telemetry for Mock RTX 4070 on gpu-2
2025/09/20 21:49:42 Logged telemetry for Mock RTX 4080 on gpu-1
2025/09/20 21:49:42 Logged telemetry for Mock RTX 4090 on gpu-0
2025/09/20 21:49:44 Logged telemetry for Mock RTX 4090 on gpu-0
2025/09/20 21:49:44 Logged telemetry for Mock RTX 4070 on gpu-2
2025/09/20 21:49:44 Logged telemetry for Mock RTX 4080 on gpu-1
2025/09/20 21:49:45 No jobs in queue. Predicting idle period. Sending sleep command.
2025/09/20 21:49:45 Would send sleep command to GPU agent
2025/09/20 21:49:46 Logged telemetry for Mock RTX 4080 on gpu-1
2025/09/20 21:49:46 Logged telemetry for Mock RTX 4090 on gpu-0
2025/09/20 21:49:46 Logged telemetry for Mock RTX 4070 on gpu-2
2025/09/20 21:49:48 Logged telemetry for Mock RTX 4070 on gpu-2
2025/09/20 21:49:48 Logged telemetry for Mock RTX 4090 on gpu-0
2025/09/20 21:49:48 Logged telemetry for Mock RTX 4080 on gpu-1
2025/09/20 21:49:50 No jobs in queue. Predicting idle period. Sending sleep command.
2025/09/20 21:49:50 Would send sleep command to GPU agent
2025/09/20 21:49:50 Logged telemetry for Mock RTX 4070 on gpu-2
2025/09/20 21:49:50 Logged telemetry for Mock RTX 4080 on gpu-1
2025/09/20 21:49:50 Logged telemetry for Mock RTX 4090 on gpu-0
2025/09/20 21:49:52 Logged telemetry for Mock RTX 4090 on gpu-0
2025/09/20 21:49:52 Logged telemetry for Mock RTX 4080 on gpu-1
2025/09/20 21:49:52 Logged telemetry for Mock RTX 4070 on gpu-2
2025/09/20 21:49:54 Logged telemetry for Mock RTX 4070 on gpu-2
2025/09/20 21:49:54 Logged telemetry for Mock RTX 4090 on gpu-0
2025/09/20 21:49:54 Logged telemetry for Mock RTX 4080 on gpu-1
2025/09/20 21:49:55 No jobs in queue. Predicting idle period. Sending sleep command.
2025/09/20 21:49:55 Would send sleep command to GPU agent
2025/09/20 21:49:56 Logged telemetry for Mock RTX 4080 on gpu-1
2025/09/20 21:49:56 Logged telemetry for Mock RTX 4070 on gpu-2
2025/09/20 21:49:56 Logged telemetry for Mock RTX 4090 on gpu-0
2025/09/20 21:49:58 Logged telemetry for Mock RTX 4090 on gpu-0
2025/09/20 21:49:58 Logged telemetry for Mock RTX 4080 on gpu-1
2025/09/20 21:49:58 Logged telemetry for Mock RTX 4070 on gpu-2
2025/09/20 21:50:00 No jobs in queue. Predicting idle period. Sending sleep command.
2025/09/20 21:50:00 Would send sleep command to GPU agent
2025/09/20 21:50:00 Logged telemetry for Mock RTX 4070 on gpu-2
2025/09/20 21:50:00 Logged telemetry for Mock RTX 4090 on gpu-0
2025/09/20 21:50:00 Logged telemetry for Mock RTX 4080 on gpu-1
2025/09/20 21:50:02 Logged telemetry for Mock RTX 4070 on gpu-2
2025/09/20 21:50:02 Logged telemetry for Mock RTX 4080 on gpu-1
2025/09/20 21:50:02 Logged telemetry for Mock RTX 4090 on gpu-0
2025/09/20 21:50:04 Logged telemetry for Mock RTX 4070 on gpu-2
2025/09/20 21:50:04 Logged telemetry for Mock RTX 4080 on gpu-1
2025/09/20 21:50:04 Logged telemetry for Mock RTX 4090 on gpu-0
2025/09/20 21:50:05 No jobs in queue. Predicting idle period. Sending sleep command.
2025/09/20 21:50:05 Would send sleep command to GPU agent
2025/09/20 21:50:06 Logged telemetry for Mock RTX 4090 on gpu-0
2025/09/20 21:50:06 Logged telemetry for Mock RTX 4070 on gpu-2
2025/09/20 21:50:06 Logged telemetry for Mock RTX 4080 on gpu-1
2025/09/20 21:50:08 Logged telemetry for Mock RTX 4090 on gpu-0
2025/09/20 21:50:08 Logged telemetry for Mock RTX 4080 on gpu-1
2025/09/20 21:50:08 Logged telemetry for Mock RTX 4070 on gpu-2
2025/09/20 21:50:10 No jobs in queue. Predicting idle period. Sending sleep command.
2025/09/20 21:50:10 Would send sleep command to GPU agent
2025/09/20 21:50:10 Logged telemetry for Mock RTX 4070 on gpu-2
2025/09/20 21:50:10 Logged telemetry for Mock RTX 4090 on gpu-0
2025/09/20 21:50:10 Logged telemetry for Mock RTX 4080 on gpu-1
2025/09/20 21:50:12 Logged telemetry for Mock RTX 4080 on gpu-1
2025/09/20 21:50:12 Logged telemetry for Mock RTX 4070 on gpu-2
2025/09/20 21:50:12 Logged telemetry for Mock RTX 4090 on gpu-0
2025/09/20 21:50:14 Logged telemetry for Mock RTX 4090 on gpu-0
2025/09/20 21:50:14 Logged telemetry for Mock RTX 4080 on gpu-1
2025/09/20 21:50:14 Logged telemetry for Mock RTX 4070 on gpu-2
2025/09/20 21:50:15 No jobs in queue. Predicting idle period. Sending sleep command.
2025/09/20 21:50:15 Would send sleep command to GPU agent
2025/09/20 21:50:16 Logged telemetry for Mock RTX 4070 on gpu-2
2025/09/20 21:50:16 Logged telemetry for Mock RTX 4090 on gpu-0
2025/09/20 21:50:16 Logged telemetry for Mock RTX 4080 on gpu-1
2025/09/20 21:50:18 Logged telemetry for Mock RTX 4080 on gpu-1
2025/09/20 21:50:18 Logged telemetry for Mock RTX 4070 on gpu-2
2025/09/20 21:50:18 Logged telemetry for Mock RTX 4090 on gpu-0
2025/09/20 21:50:20 No jobs in queue. Predicting idle period. Sending sleep command.
2025/09/20 21:50:20 Would send sleep command to GPU agent
2025/09/20 21:50:20 Logged telemetry for Mock RTX 4090 on gpu-0
2025/09/20 21:50:20 Logged telemetry for Mock RTX 4080 on gpu-1
2025/09/20 21:50:20 Logged telemetry for Mock RTX 4070 on gpu-2
2025/09/20 21:50:22 Logged telemetry for Mock RTX 4070 on gpu-2
2025/09/20 21:50:22 Logged telemetry for Mock RTX 4080 on gpu-1
2025/09/20 21:50:22 Logged telemetry for Mock RTX 4090 on gpu-0
2025/09/20 21:50:24 Logged telemetry for Mock RTX 4090 on gpu-0
2025/09/20 21:50:24 Logged telemetry for Mock RTX 4070 on gpu-2
2025/09/20 21:50:24 Logged telemetry for Mock RTX 4080 on gpu-1
2025/09/20 21:50:25 No jobs in queue. Predicting idle period. Sending sleep command.
2025/09/20 21:50:25 Would send sleep command to GPU agent
2025/09/20 21:50:26 Logged telemetry for Mock RTX 4080 on gpu-1
2025/09/20 21:50:26 Logged telemetry for Mock RTX 4090 on gpu-0
2025/09/20 21:50:26 Logged telemetry for Mock RTX 4070 on gpu-2
2025/09/20 21:50:28 Logged telemetry for Mock RTX 4070 on gpu-2
2025/09/20 21:50:28 Logged telemetry for Mock RTX 4080 on gpu-1
2025/09/20 21:50:28 Logged telemetry for Mock RTX 4090 on gpu-0
2025/09/20 21:50:30 No jobs in queue. Predicting idle period. Sending sleep command.
2025/09/20 21:50:30 Would send sleep command to GPU agent
2025/09/20 21:50:30 Logged telemetry for Mock RTX 4090 on gpu-0
2025/09/20 21:50:30 Logged telemetry for Mock RTX 4070 on gpu-2
2025/09/20 21:50:30 Logged telemetry for Mock RTX 4080 on gpu-1
2025/09/20 21:50:32 Logged telemetry for Mock RTX 4080 on gpu-1
2025/09/20 21:50:32 Logged telemetry for Mock RTX 4090 on gpu-0
2025/09/20 21:50:32 Logged telemetry for Mock RTX 4070 on gpu-2
2025/09/20 21:50:34 Logged telemetry for Mock RTX 4070 on gpu-2
2025/09/20 21:50:34 Logged telemetry for Mock RTX 4090 on gpu-0
2025/09/20 21:50:34 Logged telemetry for Mock RTX 4080 on gpu-1
2025/09/20 21:50:35 No jobs in queue. Predicting idle period. Sending sleep command.
2025/09/20 21:50:35 Would send sleep command to GPU agent
2025/09/20 21:50:36 Logged telemetry for Mock RTX 4080 on gpu-1
2025/09/20 21:50:36 Logged telemetry for Mock RTX 4070 on gpu-2
2025/09/20 21:50:36 Logged telemetry for Mock RTX 4090 on gpu-0
2025/09/20 21:50:38 Logged telemetry for Mock RTX 4090 on gpu-0
2025/09/20 21:50:38 Logged telemetry for Mock RTX 4080 on gpu-1
2025/09/20 21:50:38 Logged telemetry for Mock RTX 4070 on gpu-2
2025/09/20 21:50:40 No jobs in queue. Predicting idle period. Sending sleep command.
2025/09/20 21:50:40 Would send sleep command to GPU agent
2025/09/20 21:50:40 Logged telemetry for Mock RTX 4070 on gpu-2
2025/09/20 21:50:40 Logged telemetry for Mock RTX 4090 on gpu-0
2025/09/20 21:50:40 Logged telemetry for Mock RTX 4080 on gpu-1
2025/09/20 21:50:42 Logged telemetry for Mock RTX 4080 on gpu-1
2025/09/20 21:50:42 Logged telemetry for Mock RTX 4070 on gpu-2
2025/09/20 21:50:42 Logged telemetry for Mock RTX 4090 on gpu-0
2025/09/20 21:50:44 Logged telemetry for Mock RTX 4090 on gpu-0
2025/09/20 21:50:44 Logged telemetry for Mock RTX 4080 on gpu-1
2025/09/20 21:50:44 Logged telemetry for Mock RTX 4070 on gpu-2
2025/09/20 21:50:45 No jobs in queue. Predicting idle period. Sending sleep command.
2025/09/20 21:50:45 Would send sleep command to GPU agent
2025/09/20 21:50:46 Logged telemetry for Mock RTX 4070 on gpu-2
2025/09/20 21:50:46 Logged telemetry for Mock RTX 4090 on gpu-0
2025/09/20 21:50:46 Logged telemetry for Mock RTX 4080 on gpu-1
2025/09/20 21:50:48 Logged telemetry for Mock RTX 4070 on gpu-2
2025/09/20 21:50:48 Logged telemetry for Mock RTX 4080 on gpu-1
2025/09/20 21:50:48 Logged telemetry for Mock RTX 4090 on gpu-0
2025/09/20 21:50:50 No jobs in queue. Predicting idle period. Sending sleep command.
2025/09/20 21:50:50 Would send sleep command to GPU agent
2025/09/20 21:50:50 Logged telemetry for Mock RTX 4090 on gpu-0
2025/09/20 21:50:50 Logged telemetry for Mock RTX 4080 on gpu-1
2025/09/20 21:50:50 Logged telemetry for Mock RTX 4070 on gpu-2
2025/09/20 21:50:52 Logged telemetry for Mock RTX 4070 on gpu-2
2025/09/20 21:50:52 Logged telemetry for Mock RTX 4090 on gpu-0
2025/09/20 21:50:52 Logged telemetry for Mock RTX 4080 on gpu-1
2025/09/20 21:50:54 Logged telemetry for Mock RTX 4080 on gpu-1
2025/09/20 21:50:54 Logged telemetry for Mock RTX 4090 on gpu-0
2025/09/20 21:50:54 Logged telemetry for Mock RTX 4070 on gpu-2
2025/09/20 21:50:55 No jobs in queue. Predicting idle period. Sending sleep command.
2025/09/20 21:50:55 Would send sleep command to GPU agent
2025/09/20 21:50:56 Logged telemetry for Mock RTX 4090 on gpu-0
2025/09/20 21:50:56 Logged telemetry for Mock RTX 4070 on gpu-2
2025/09/20 21:50:56 Logged telemetry for Mock RTX 4080 on gpu-1
2025/09/20 21:50:58 Logged telemetry for Mock RTX 4070 on gpu-2
2025/09/20 21:50:58 Logged telemetry for Mock RTX 4080 on gpu-1
2025/09/20 21:50:58 Logged telemetry for Mock RTX 4090 on gpu-0
2025/09/20 21:51:00 No jobs in queue. Predicting idle period. Sending sleep command.
2025/09/20 21:51:00 Would send sleep command to GPU agent
2025/09/20 21:51:00 Logged telemetry for Mock RTX 4090 on gpu-0
2025/09/20 21:51:00 Logged telemetry for Mock RTX 4070 on gpu-2
2025/09/20 21:51:00 Logged telemetry for Mock RTX 4080 on gpu-1
2025/09/20 21:51:02 Logged telemetry for Mock RTX 4080 on gpu-1
2025/09/20 21:51:02 Logged telemetry for Mock RTX 4090 on gpu-0
2025/09/20 21:51:02 Logged telemetry for Mock RTX 4070 on gpu-2
2025/09/20 21:51:04 Logged telemetry for Mock RTX 4070 on gpu-2
2025/09/20 21:51:04 Logged telemetry for Mock RTX 4090 on gpu-0
2025/09/20 21:51:04 Logged telemetry for Mock RTX 4080 on gpu-1
2025/09/20 21:51:05 No jobs in queue. Predicting idle period. Sending sleep command.
2025/09/20 21:51:05 Would send sleep command to GPU agent
2025/09/20 21:51:06 Logged telemetry for Mock RTX 4080 on gpu-1
2025/09/20 21:51:06 Logged telemetry for Mock RTX 4070 on gpu-2
2025/09/20 21:51:06 Logged telemetry for Mock RTX 4090 on gpu-0
2025/09/20 21:51:08 Logged telemetry for Mock RTX 4090 on gpu-0
2025/09/20 21:51:08 Logged telemetry for Mock RTX 4080 on gpu-1
2025/09/20 21:51:08 Logged telemetry for Mock RTX 4070 on gpu-2
2025/09/20 21:51:10 No jobs in queue. Predicting idle period. Sending sleep command.
2025/09/20 21:51:10 Would send sleep command to GPU agent
2025/09/20 21:51:10 Logged telemetry for Mock RTX 4070 on gpu-2
2025/09/20 21:51:10 Logged telemetry for Mock RTX 4090 on gpu-0
2025/09/20 21:51:10 Logged telemetry for Mock RTX 4080 on gpu-1
2025/09/20 21:51:12 Logged telemetry for Mock RTX 4080 on gpu-1
2025/09/20 21:51:12 Logged telemetry for Mock RTX 4070 on gpu-2
2025/09/20 21:51:12 Logged telemetry for Mock RTX 4090 on gpu-0
2025/09/20 21:51:14 Logged telemetry for Mock RTX 4090 on gpu-0
2025/09/20 21:51:14 Logged telemetry for Mock RTX 4080 on gpu-1
2025/09/20 21:51:14 Logged telemetry for Mock RTX 4070 on gpu-2
2025/09/20 21:51:15 No jobs in queue. Predicting idle period. Sending sleep command.
2025/09/20 21:51:15 Would send sleep command to GPU agent
2025/09/20 21:51:16 Logged telemetry for Mock RTX 4070 on gpu-2
2025/09/20 21:51:16 Logged telemetry for Mock RTX 4090 on gpu-0
2025/09/20 21:51:16 Logged telemetry for Mock RTX 4080 on gpu-1
2025/09/20 21:51:18 Logged telemetry for Mock RTX 4080 on gpu-1
2025/09/20 21:51:18 Logged telemetry for Mock RTX 4070 on gpu-2
2025/09/20 21:51:18 Logged telemetry for Mock RTX 4090 on gpu-0
2025/09/20 21:51:20 No jobs in queue. Predicting idle period. Sending sleep command.
2025/09/20 21:51:20 Would send sleep command to GPU agent
2025/09/20 21:51:20 Logged telemetry for Mock RTX 4090 on gpu-0
2025/09/20 21:51:20 Logged telemetry for Mock RTX 4070 on gpu-2
2025/09/20 21:51:20 Logged telemetry for Mock RTX 4080 on gpu-1
2025/09/20 21:51:22 Logged telemetry for Mock RTX 4080 on gpu-1
2025/09/20 21:51:22 Logged telemetry for Mock RTX 4090 on gpu-0
2025/09/20 21:51:22 Logged telemetry for Mock RTX 4070 on gpu-2
2025/09/20 21:51:24 Logged telemetry for Mock RTX 4070 on gpu-2
2025/09/20 21:51:24 Logged telemetry for Mock RTX 4080 on gpu-1
2025/09/20 21:51:24 Logged telemetry for Mock RTX 4090 on gpu-0
2025/09/20 21:51:25 No jobs in queue. Predicting idle period. Sending sleep command.
2025/09/20 21:51:25 Would send sleep command to GPU agent
2025/09/20 21:51:26 Logged telemetry for Mock RTX 4090 on gpu-0
2025/09/20 21:51:26 Logged telemetry for Mock RTX 4070 on gpu-2
2025/09/20 21:51:26 Logged telemetry for Mock RTX 4080 on gpu-1
2025/09/20 21:51:28 Logged telemetry for Mock RTX 4080 on gpu-1
2025/09/20 21:51:28 Logged telemetry for Mock RTX 4090 on gpu-0
2025/09/20 21:51:28 Logged telemetry for Mock RTX 4070 on gpu-2
2025/09/20 21:51:30 No jobs in queue. Predicting idle period. Sending sleep command.
2025/09/20 21:51:30 Would send sleep command to GPU agent
2025/09/20 21:51:30 Logged telemetry for Mock RTX 4070 on gpu-2
2025/09/20 21:51:30 Logged telemetry for Mock RTX 4080 on gpu-1
2025/09/20 21:51:30 Logged telemetry for Mock RTX 4090 on gpu-0
2025/09/20 21:51:32 Logged telemetry for Mock RTX 4080 on gpu-1
2025/09/20 21:51:32 Logged telemetry for Mock RTX 4090 on gpu-0
2025/09/20 21:51:32 Logged telemetry for Mock RTX 4070 on gpu-2
2025/09/20 21:51:34 Logged telemetry for Mock RTX 4070 on gpu-2
2025/09/20 21:51:34 Logged telemetry for Mock RTX 4090 on gpu-0
2025/09/20 21:51:34 Logged telemetry for Mock RTX 4080 on gpu-1
2025/09/20 21:51:35 No jobs in queue. Predicting idle period. Sending sleep command.
2025/09/20 21:51:35 Would send sleep command to GPU agent
2025/09/20 21:51:36 Logged telemetry for Mock RTX 4080 on gpu-1
2025/09/20 21:51:36 Logged telemetry for Mock RTX 4070 on gpu-2
2025/09/20 21:51:36 Logged telemetry for Mock RTX 4090 on gpu-0
2025/09/20 21:51:38 Logged telemetry for Mock RTX 4090 on gpu-0
2025/09/20 21:51:38 Logged telemetry for Mock RTX 4080 on gpu-1
2025/09/20 21:51:38 Logged telemetry for Mock RTX 4070 on gpu-2
2025/09/20 21:51:40 No jobs in queue. Predicting idle period. Sending sleep command.
2025/09/20 21:51:40 Would send sleep command to GPU agent
2025/09/20 21:51:40 Logged telemetry for Mock RTX 4070 on gpu-2
2025/09/20 21:51:40 Logged telemetry for Mock RTX 4090 on gpu-0
2025/09/20 21:51:40 Logged telemetry for Mock RTX 4080 on gpu-1
2025/09/20 21:51:42 Logged telemetry for Mock RTX 4080 on gpu-1
2025/09/20 21:51:42 Logged telemetry for Mock RTX 4070 on gpu-2
2025/09/20 21:51:42 Logged telemetry for Mock RTX 4090 on gpu-0
2025/09/20 21:51:44 Logged telemetry for Mock RTX 4090 on gpu-0
2025/09/20 21:51:44 Logged telemetry for Mock RTX 4080 on gpu-1
2025/09/20 21:51:44 Logged telemetry for Mock RTX 4070 on gpu-2
2025/09/20 21:51:45 No jobs in queue. Predicting idle period. Sending sleep command.
2025/09/20 21:51:45 Would send sleep command to GPU agent
2025/09/20 21:51:46 Logged telemetry for Mock RTX 4070 on gpu-2
2025/09/20 21:51:46 Logged telemetry for Mock RTX 4090 on gpu-0
2025/09/20 21:51:46 Logged telemetry for Mock RTX 4080 on gpu-1
2025/09/20 21:51:48 Logged telemetry for Mock RTX 4080 on gpu-1
2025/09/20 21:51:48 Logged telemetry for Mock RTX 4070 on gpu-2
2025/09/20 21:51:48 Logged telemetry for Mock RTX 4090 on gpu-0
2025/09/20 21:51:50 No jobs in queue. Predicting idle period. Sending sleep command.
2025/09/20 21:51:50 Would send sleep command to GPU agent
2025/09/20 21:51:50 Logged telemetry for Mock RTX 4090 on gpu-0
2025/09/20 21:51:50 Logged telemetry for Mock RTX 4080 on gpu-1
2025/09/20 21:51:50 Logged telemetry for Mock RTX 4070 on gpu-2
2025/09/20 21:51:52 Logged telemetry for Mock RTX 4070 on gpu-2
2025/09/20 21:51:52 Logged telemetry for Mock RTX 4090 on gpu-0
2025/09/20 21:51:52 Logged telemetry for Mock RTX 4080 on gpu-1
2025/09/20 21:51:54 Logged telemetry for Mock RTX 4080 on gpu-1
2025/09/20 21:51:54 Logged telemetry for Mock RTX 4070 on gpu-2
2025/09/20 21:51:54 Logged telemetry for Mock RTX 4090 on gpu-0
2025/09/20 21:51:55 No jobs in queue. Predicting idle period. Sending sleep command.
2025/09/20 21:51:55 Would send sleep command to GPU agent
2025/09/20 21:51:56 Logged telemetry for Mock RTX 4090 on gpu-0
2025/09/20 21:51:56 Logged telemetry for Mock RTX 4080 on gpu-1
2025/09/20 21:51:56 Logged telemetry for Mock RTX 4070 on gpu-2
2025/09/20 21:51:58 Logged telemetry for Mock RTX 4070 on gpu-2
2025/09/20 21:51:58 Logged telemetry for Mock RTX 4090 on gpu-0
2025/09/20 21:51:58 Logged telemetry for Mock RTX 4080 on gpu-1
2025/09/20 21:52:00 No jobs in queue. Predicting idle period. Sending sleep command.
2025/09/20 21:52:00 Would send sleep command to GPU agent
2025/09/20 21:52:00 Logged telemetry for Mock RTX 4080 on gpu-1
2025/09/20 21:52:00 Logged telemetry for Mock RTX 4070 on gpu-2
2025/09/20 21:52:00 Logged telemetry for Mock RTX 4090 on gpu-0
2025/09/20 21:52:02 Logged telemetry for Mock RTX 4080 on gpu-1
2025/09/20 21:52:02 Logged telemetry for Mock RTX 4090 on gpu-0
2025/09/20 21:52:02 Logged telemetry for Mock RTX 4070 on gpu-2
2025/09/20 21:52:04 Logged telemetry for Mock RTX 4070 on gpu-2
2025/09/20 21:52:04 Logged telemetry for Mock RTX 4080 on gpu-1
2025/09/20 21:52:04 Logged telemetry for Mock RTX 4090 on gpu-0
2025/09/20 21:52:05 No jobs in queue. Predicting idle period. Sending sleep command.
2025/09/20 21:52:05 Would send sleep command to GPU agent
2025/09/20 21:52:06 Logged telemetry for Mock RTX 4090 on gpu-0
2025/09/20 21:52:06 Logged telemetry for Mock RTX 4070 on gpu-2
2025/09/20 21:52:06 Logged telemetry for Mock RTX 4080 on gpu-1
2025/09/20 21:52:08 Logged telemetry for Mock RTX 4080 on gpu-1
2025/09/20 21:52:08 Logged telemetry for Mock RTX 4070 on gpu-2
2025/09/20 21:52:08 Logged telemetry for Mock RTX 4090 on gpu-0
2025/09/20 21:52:10 No jobs in queue. Predicting idle period. Sending sleep command.
2025/09/20 21:52:10 Would send sleep command to GPU agent
2025/09/20 21:52:10 Logged telemetry for Mock RTX 4090 on gpu-0
2025/09/20 21:52:10 Logged telemetry for Mock RTX 4080 on gpu-1
2025/09/20 21:52:10 Logged telemetry for Mock RTX 4070 on gpu-2
2025/09/20 21:52:12 Logged telemetry for Mock RTX 4070 on gpu-2
2025/09/20 21:52:12 Logged telemetry for Mock RTX 4090 on gpu-0
2025/09/20 21:52:12 Logged telemetry for Mock RTX 4080 on gpu-1
2025/09/20 21:52:14 Logged telemetry for Mock RTX 4080 on gpu-1
2025/09/20 21:52:14 Logged telemetry for Mock RTX 4070 on gpu-2
2025/09/20 21:52:14 Logged telemetry for Mock RTX 4090 on gpu-0
2025/09/20 21:52:15 No jobs in queue. Predicting idle period. Sending sleep command.
2025/09/20 21:52:15 Would send sleep command to GPU agent
2025/09/20 21:52:16 Logged telemetry for Mock RTX 4090 on gpu-0
2025/09/20 21:52:16 Logged telemetry for Mock RTX 4080 on gpu-1
2025/09/20 21:52:16 Logged telemetry for Mock RTX 4070 on gpu-2
2025/09/20 21:52:18 Logged telemetry for Mock RTX 4070 on gpu-2
2025/09/20 21:52:18 Logged telemetry for Mock RTX 4090 on gpu-0
2025/09/20 21:52:18 Logged telemetry for Mock RTX 4080 on gpu-1
2025/09/20 21:52:20 No jobs in queue. Predicting idle period. Sending sleep command.
2025/09/20 21:52:20 Would send sleep command to GPU agent
2025/09/20 21:52:20 Logged telemetry for Mock RTX 4080 on gpu-1
2025/09/20 21:52:20 Logged telemetry for Mock RTX 4070 on gpu-2
2025/09/20 21:52:20 Logged telemetry for Mock RTX 4090 on gpu-0
2025/09/20 21:52:22 Logged telemetry for Mock RTX 4090 on gpu-0
2025/09/20 21:52:22 Logged telemetry for Mock RTX 4080 on gpu-1
2025/09/20 21:52:22 Logged telemetry for Mock RTX 4070 on gpu-2
2025/09/20 21:52:24 Logged telemetry for Mock RTX 4070 on gpu-2
2025/09/20 21:52:24 Logged telemetry for Mock RTX 4090 on gpu-0
2025/09/20 21:52:24 Logged telemetry for Mock RTX 4080 on gpu-1
2025/09/20 21:52:25 No jobs in queue. Predicting idle period. Sending sleep command.
2025/09/20 21:52:25 Would send sleep command to GPU agent
2025/09/20 21:52:26 Logged telemetry for Mock RTX 4080 on gpu-1
2025/09/20 21:52:26 Logged telemetry for Mock RTX 4070 on gpu-2
2025/09/20 21:52:26 Logged telemetry for Mock RTX 4090 on gpu-0
2025/09/20 21:52:28 Logged telemetry for Mock RTX 4090 on gpu-0
2025/09/20 21:52:28 Logged telemetry for Mock RTX 4080 on gpu-1
2025/09/20 21:52:28 Logged telemetry for Mock RTX 4070 on gpu-2
2025/09/20 21:52:30 No jobs in queue. Predicting idle period. Sending sleep command.
2025/09/20 21:52:30 Would send sleep command to GPU agent
2025/09/20 21:52:30 Logged telemetry for Mock RTX 4070 on gpu-2
2025/09/20 21:52:30 Logged telemetry for Mock RTX 4090 on gpu-0
2025/09/20 21:52:30 Logged telemetry for Mock RTX 4080 on gpu-1
2025/09/20 21:52:32 Logged telemetry for Mock RTX 4080 on gpu-1
2025/09/20 21:52:32 Logged telemetry for Mock RTX 4070 on gpu-2
2025/09/20 21:52:32 Logged telemetry for Mock RTX 4090 on gpu-0
2025/09/20 21:52:34 Logged telemetry for Mock RTX 4090 on gpu-0
2025/09/20 21:52:34 Logged telemetry for Mock RTX 4080 on gpu-1
2025/09/20 21:52:34 Logged telemetry for Mock RTX 4070 on gpu-2
2025/09/20 21:52:35 No jobs in queue. Predicting idle period. Sending sleep command.
2025/09/20 21:52:35 Would send sleep command to GPU agent
2025/09/20 21:52:36 Logged telemetry for Mock RTX 4070 on gpu-2
2025/09/20 21:52:36 Logged telemetry for Mock RTX 4080 on gpu-1
2025/09/20 21:52:36 Logged telemetry for Mock RTX 4090 on gpu-0
2025/09/20 21:52:38 Logged telemetry for Mock RTX 4090 on gpu-0
2025/09/20 21:52:38 Logged telemetry for Mock RTX 4080 on gpu-1
2025/09/20 21:52:38 Logged telemetry for Mock RTX 4070 on gpu-2
2025/09/20 21:52:40 No jobs in queue. Predicting idle period. Sending sleep command.
2025/09/20 21:52:40 Would send sleep command to GPU agent
2025/09/20 21:52:40 Logged telemetry for Mock RTX 4070 on gpu-2
2025/09/20 21:52:40 Logged telemetry for Mock RTX 4090 on gpu-0
2025/09/20 21:52:40 Logged telemetry for Mock RTX 4080 on gpu-1
2025/09/20 21:52:42 Logged telemetry for Mock RTX 4080 on gpu-1
2025/09/20 21:52:42 Logged telemetry for Mock RTX 4070 on gpu-2
2025/09/20 21:52:42 Logged telemetry for Mock RTX 4090 on gpu-0
2025/09/20 21:52:44 Logged telemetry for Mock RTX 4090 on gpu-0
2025/09/20 21:52:44 Logged telemetry for Mock RTX 4080 on gpu-1
2025/09/20 21:52:44 Logged telemetry for Mock RTX 4070 on gpu-2
2025/09/20 21:52:45 No jobs in queue. Predicting idle period. Sending sleep command.
2025/09/20 21:52:45 Would send sleep command to GPU agent
2025/09/20 21:52:46 Logged telemetry for Mock RTX 4070 on gpu-2
2025/09/20 21:52:46 Logged telemetry for Mock RTX 4090 on gpu-0
2025/09/20 21:52:46 Logged telemetry for Mock RTX 4080 on gpu-1
2025/09/20 21:52:48 Logged telemetry for Mock RTX 4070 on gpu-2
2025/09/20 21:52:48 Logged telemetry for Mock RTX 4080 on gpu-1
2025/09/20 21:52:48 Logged telemetry for Mock RTX 4090 on gpu-0
2025/09/20 21:52:50 No jobs in queue. Predicting idle period. Sending sleep command.
2025/09/20 21:52:50 Would send sleep command to GPU agent
2025/09/20 21:52:50 Logged telemetry for Mock RTX 4090 on gpu-0
2025/09/20 21:52:50 Logged telemetry for Mock RTX 4080 on gpu-1
2025/09/20 21:52:50 Logged telemetry for Mock RTX 4070 on gpu-2
2025/09/20 21:52:52 Logged telemetry for Mock RTX 4070 on gpu-2
2025/09/20 21:52:52 Logged telemetry for Mock RTX 4090 on gpu-0
2025/09/20 21:52:52 Logged telemetry for Mock RTX 4080 on gpu-1
2025/09/20 21:52:54 Logged telemetry for Mock RTX 4070 on gpu-2
2025/09/20 21:52:54 Logged telemetry for Mock RTX 4080 on gpu-1
2025/09/20 21:52:54 Logged telemetry for Mock RTX 4090 on gpu-0
2025/09/20 21:52:55 No jobs in queue. Predicting idle period. Sending sleep command.
2025/09/20 21:52:55 Would send sleep command to GPU agent
2025/09/20 21:52:56 Logged telemetry for Mock RTX 4090 on gpu-0
2025/09/20 21:52:56 Logged telemetry for Mock RTX 4080 on gpu-1
2025/09/20 21:52:56 Logged telemetry for Mock RTX 4070 on gpu-2
2025/09/20 21:52:58 Logged telemetry for Mock RTX 4070 on gpu-2
2025/09/20 21:52:58 Logged telemetry for Mock RTX 4090 on gpu-0
2025/09/20 21:52:58 Logged telemetry for Mock RTX 4080 on gpu-1
2025/09/20 21:53:00 No jobs in queue. Predicting idle period. Sending sleep command.
2025/09/20 21:53:00 Would send sleep command to GPU agent
2025/09/20 21:53:00 Logged telemetry for Mock RTX 4080 on gpu-1
2025/09/20 21:53:00 Logged telemetry for Mock RTX 4070 on gpu-2
2025/09/20 21:53:00 Logged telemetry for Mock RTX 4090 on gpu-0
2025/09/20 21:53:02 Logged telemetry for Mock RTX 4090 on gpu-0
2025/09/20 21:53:02 Logged telemetry for Mock RTX 4080 on gpu-1
2025/09/20 21:53:02 Logged telemetry for Mock RTX 4070 on gpu-2
2025/09/20 21:53:04 Logged telemetry for Mock RTX 4070 on gpu-2
2025/09/20 21:53:04 Logged telemetry for Mock RTX 4090 on gpu-0
2025/09/20 21:53:04 Logged telemetry for Mock RTX 4080 on gpu-1
2025/09/20 21:53:05 No jobs in queue. Predicting idle period. Sending sleep command.
2025/09/20 21:53:05 Would send sleep command to GPU agent
2025/09/20 21:53:06 Logged telemetry for Mock RTX 4080 on gpu-1
2025/09/20 21:53:06 Logged telemetry for Mock RTX 4070 on gpu-2
2025/09/20 21:53:06 Logged telemetry for Mock RTX 4090 on gpu-0
2025/09/20 21:53:08 Logged telemetry for Mock RTX 4090 on gpu-0
2025/09/20 21:53:08 Logged telemetry for Mock RTX 4080 on gpu-1
2025/09/20 21:53:08 Logged telemetry for Mock RTX 4070 on gpu-2
2025/09/20 21:53:10 No jobs in queue. Predicting idle period. Sending sleep command.
2025/09/20 21:53:10 Would send sleep command to GPU agent
2025/09/20 21:53:10 Logged telemetry for Mock RTX 4080 on gpu-1
2025/09/20 21:53:10 Logged telemetry for Mock RTX 4070 on gpu-2
2025/09/20 21:53:10 Logged telemetry for Mock RTX 4090 on gpu-0
2025/09/20 21:53:12 Logged telemetry for Mock RTX 4090 on gpu-0
2025/09/20 21:53:12 Logged telemetry for Mock RTX 4070 on gpu-2
2025/09/20 21:53:12 Logged telemetry for Mock RTX 4080 on gpu-1
2025/09/20 21:53:14 Logged telemetry for Mock RTX 4080 on gpu-1
2025/09/20 21:53:14 Logged telemetry for Mock RTX 4090 on gpu-0
2025/09/20 21:53:14 Logged telemetry for Mock RTX 4070 on gpu-2
2025/09/20 21:53:15 No jobs in queue. Predicting idle period. Sending sleep command.
2025/09/20 21:53:15 Would send sleep command to GPU agent
2025/09/20 21:53:16 Logged telemetry for Mock RTX 4080 on gpu-1
2025/09/20 21:53:16 Logged telemetry for Mock RTX 4070 on gpu-2
2025/09/20 21:53:16 Logged telemetry for Mock RTX 4090 on gpu-0
2025/09/20 21:53:18 Logged telemetry for Mock RTX 4090 on gpu-0
2025/09/20 21:53:18 Logged telemetry for Mock RTX 4070 on gpu-2
2025/09/20 21:53:18 Logged telemetry for Mock RTX 4080 on gpu-1
2025/09/20 21:53:20 No jobs in queue. Predicting idle period. Sending sleep command.
2025/09/20 21:53:20 Would send sleep command to GPU agent
2025/09/20 21:53:20 Logged telemetry for Mock RTX 4080 on gpu-1
2025/09/20 21:53:20 Logged telemetry for Mock RTX 4090 on gpu-0
2025/09/20 21:53:20 Logged telemetry for Mock RTX 4070 on gpu-2
2025/09/20 21:53:22 Logged telemetry for Mock RTX 4070 on gpu-2
2025/09/20 21:53:22 Logged telemetry for Mock RTX 4080 on gpu-1
2025/09/20 21:53:22 Logged telemetry for Mock RTX 4090 on gpu-0
2025/09/20 21:53:24 Logged telemetry for Mock RTX 4090 on gpu-0
2025/09/20 21:53:24 Logged telemetry for Mock RTX 4070 on gpu-2
2025/09/20 21:53:24 Logged telemetry for Mock RTX 4080 on gpu-1
2025/09/20 21:53:25 No jobs in queue. Predicting idle period. Sending sleep command.
2025/09/20 21:53:25 Would send sleep command to GPU agent
2025/09/20 21:53:26 Logged telemetry for Mock RTX 4080 on gpu-1
2025/09/20 21:53:26 Logged telemetry for Mock RTX 4090 on gpu-0
2025/09/20 21:53:26 Logged telemetry for Mock RTX 4070 on gpu-2
2025/09/20 21:53:28 Logged telemetry for Mock RTX 4070 on gpu-2
2025/09/20 21:53:28 Logged telemetry for Mock RTX 4080 on gpu-1
2025/09/20 21:53:28 Logged telemetry for Mock RTX 4090 on gpu-0
2025/09/20 21:53:30 No jobs in queue. Predicting idle period. Sending sleep command.
2025/09/20 21:53:30 Would send sleep command to GPU agent
2025/09/20 21:53:30 Logged telemetry for Mock RTX 4090 on gpu-0
2025/09/20 21:53:30 Logged telemetry for Mock RTX 4070 on gpu-2
2025/09/20 21:53:30 Logged telemetry for Mock RTX 4080 on gpu-1
2025/09/20 21:53:32 Logged telemetry for Mock RTX 4080 on gpu-1
2025/09/20 21:53:32 Logged telemetry for Mock RTX 4090 on gpu-0
2025/09/20 21:53:32 Logged telemetry for Mock RTX 4070 on gpu-2
2025/09/20 21:53:34 Logged telemetry for Mock RTX 4070 on gpu-2
2025/09/20 21:53:34 Logged telemetry for Mock RTX 4080 on gpu-1
2025/09/20 21:53:34 Logged telemetry for Mock RTX 4090 on gpu-0
2025/09/20 21:53:35 No jobs in queue. Predicting idle period. Sending sleep command.
2025/09/20 21:53:35 Would send sleep command to GPU agent
2025/09/20 21:53:36 Logged telemetry for Mock RTX 4090 on gpu-0
2025/09/20 21:53:36 Logged telemetry for Mock RTX 4070 on gpu-2
2025/09/20 21:53:36 Logged telemetry for Mock RTX 4080 on gpu-1
2025/09/20 21:53:38 Logged telemetry for Mock RTX 4080 on gpu-1
2025/09/20 21:53:38 Logged telemetry for Mock RTX 4090 on gpu-0
2025/09/20 21:53:38 Logged telemetry for Mock RTX 4070 on gpu-2
2025/09/20 21:53:40 No jobs in queue. Predicting idle period. Sending sleep command.
2025/09/20 21:53:40 Would send sleep command to GPU agent
2025/09/20 21:53:40 Logged telemetry for Mock RTX 4070 on gpu-2
2025/09/20 21:53:40 Logged telemetry for Mock RTX 4080 on gpu-1
2025/09/20 21:53:40 Logged telemetry for Mock RTX 4090 on gpu-0
2025/09/20 21:53:42 Logged telemetry for Mock RTX 4090 on gpu-0
2025/09/20 21:53:42 Logged telemetry for Mock RTX 4070 on gpu-2
2025/09/20 21:53:42 Logged telemetry for Mock RTX 4080 on gpu-1
2025/09/20 21:53:44 Logged telemetry for Mock RTX 4080 on gpu-1
2025/09/20 21:53:44 Logged telemetry for Mock RTX 4090 on gpu-0
2025/09/20 21:53:44 Logged telemetry for Mock RTX 4070 on gpu-2
2025/09/20 21:53:45 No jobs in queue. Predicting idle period. Sending sleep command.
2025/09/20 21:53:45 Would send sleep command to GPU agent
2025/09/20 21:53:46 Logged telemetry for Mock RTX 4070 on gpu-2
2025/09/20 21:53:46 Logged telemetry for Mock RTX 4080 on gpu-1
2025/09/20 21:53:46 Logged telemetry for Mock RTX 4090 on gpu-0
2025/09/20 21:53:48 Logged telemetry for Mock RTX 4070 on gpu-2
2025/09/20 21:53:48 Logged telemetry for Mock RTX 4090 on gpu-0
2025/09/20 21:53:48 Logged telemetry for Mock RTX 4080 on gpu-1
2025/09/20 21:53:50 No jobs in queue. Predicting idle period. Sending sleep command.
2025/09/20 21:53:50 Would send sleep command to GPU agent
2025/09/20 21:53:50 Logged telemetry for Mock RTX 4080 on gpu-1
2025/09/20 21:53:50 Logged telemetry for Mock RTX 4090 on gpu-0
2025/09/20 21:53:50 Logged telemetry for Mock RTX 4070 on gpu-2
2025/09/20 21:53:52 Logged telemetry for Mock RTX 4070 on gpu-2
2025/09/20 21:53:52 Logged telemetry for Mock RTX 4080 on gpu-1
2025/09/20 21:53:52 Logged telemetry for Mock RTX 4090 on gpu-0
2025/09/20 21:53:54 Logged telemetry for Mock RTX 4090 on gpu-0
2025/09/20 21:53:54 Logged telemetry for Mock RTX 4070 on gpu-2
2025/09/20 21:53:54 Logged telemetry for Mock RTX 4080 on gpu-1
2025/09/20 21:53:55 No jobs in queue. Predicting idle period. Sending sleep command.
2025/09/20 21:53:55 Would send sleep command to GPU agent
2025/09/20 21:53:56 Logged telemetry for Mock RTX 4080 on gpu-1
2025/09/20 21:53:56 Logged telemetry for Mock RTX 4090 on gpu-0
2025/09/20 21:53:56 Logged telemetry for Mock RTX 4070 on gpu-2
2025/09/20 21:53:58 Logged telemetry for Mock RTX 4070 on gpu-2
2025/09/20 21:53:58 Logged telemetry for Mock RTX 4080 on gpu-1
2025/09/20 21:53:58 Logged telemetry for Mock RTX 4090 on gpu-0
2025/09/20 21:54:00 No jobs in queue. Predicting idle period. Sending sleep command.
2025/09/20 21:54:00 Would send sleep command to GPU agent
2025/09/20 21:54:00 Logged telemetry for Mock RTX 4090 on gpu-0
2025/09/20 21:54:00 Logged telemetry for Mock RTX 4070 on gpu-2
2025/09/20 21:54:00 Logged telemetry for Mock RTX 4080 on gpu-1
2025/09/20 21:54:02 Logged telemetry for Mock RTX 4080 on gpu-1
2025/09/20 21:54:02 Logged telemetry for Mock RTX 4090 on gpu-0
2025/09/20 21:54:02 Logged telemetry for Mock RTX 4070 on gpu-2
2025/09/20 21:54:04 Logged telemetry for Mock RTX 4070 on gpu-2
2025/09/20 21:54:04 Logged telemetry for Mock RTX 4080 on gpu-1
2025/09/20 21:54:04 Logged telemetry for Mock RTX 4090 on gpu-0
2025/09/20 21:54:05 No jobs in queue. Predicting idle period. Sending sleep command.
2025/09/20 21:54:05 Would send sleep command to GPU agent
2025/09/20 21:54:06 Logged telemetry for Mock RTX 4090 on gpu-0
2025/09/20 21:54:06 Logged telemetry for Mock RTX 4070 on gpu-2
2025/09/20 21:54:06 Logged telemetry for Mock RTX 4080 on gpu-1
2025/09/20 21:54:08 Logged telemetry for Mock RTX 4080 on gpu-1
2025/09/20 21:54:08 Logged telemetry for Mock RTX 4090 on gpu-0
2025/09/20 21:54:08 Logged telemetry for Mock RTX 4070 on gpu-2
2025/09/20 21:54:10 No jobs in queue. Predicting idle period. Sending sleep command.
2025/09/20 21:54:10 Would send sleep command to GPU agent
2025/09/20 21:54:10 Logged telemetry for Mock RTX 4070 on gpu-2
2025/09/20 21:54:10 Logged telemetry for Mock RTX 4080 on gpu-1
2025/09/20 21:54:10 Logged telemetry for Mock RTX 4090 on gpu-0
2025/09/20 21:54:12 Logged telemetry for Mock RTX 4090 on gpu-0
2025/09/20 21:54:12 Logged telemetry for Mock RTX 4070 on gpu-2
2025/09/20 21:54:12 Logged telemetry for Mock RTX 4080 on gpu-1
2025/09/20 21:54:14 Logged telemetry for Mock RTX 4080 on gpu-1
2025/09/20 21:54:14 Logged telemetry for Mock RTX 4090 on gpu-0
2025/09/20 21:54:14 Logged telemetry for Mock RTX 4070 on gpu-2
2025/09/20 21:54:15 No jobs in queue. Predicting idle period. Sending sleep command.
2025/09/20 21:54:15 Would send sleep command to GPU agent
2025/09/20 21:54:16 Logged telemetry for Mock RTX 4070 on gpu-2
2025/09/20 21:54:16 Logged telemetry for Mock RTX 4080 on gpu-1
2025/09/20 21:54:16 Logged telemetry for Mock RTX 4090 on gpu-0
2025/09/20 21:54:18 Logged telemetry for Mock RTX 4090 on gpu-0
2025/09/20 21:54:18 Logged telemetry for Mock RTX 4070 on gpu-2
2025/09/20 21:54:18 Logged telemetry for Mock RTX 4080 on gpu-1
2025/09/20 21:54:20 No jobs in queue. Predicting idle period. Sending sleep command.
2025/09/20 21:54:20 Would send sleep command to GPU agent
2025/09/20 21:54:20 Logged telemetry for Mock RTX 4080 on gpu-1
2025/09/20 21:54:20 Logged telemetry for Mock RTX 4090 on gpu-0
2025/09/20 21:54:20 Logged telemetry for Mock RTX 4070 on gpu-2
2025/09/20 21:54:22 Logged telemetry for Mock RTX 4070 on gpu-2
2025/09/20 21:54:22 Logged telemetry for Mock RTX 4080 on gpu-1
2025/09/20 21:54:22 Logged telemetry for Mock RTX 4090 on gpu-0
2025/09/20 21:54:24 Logged telemetry for Mock RTX 4090 on gpu-0
2025/09/20 21:54:24 Logged telemetry for Mock RTX 4070 on gpu-2
2025/09/20 21:54:24 Logged telemetry for Mock RTX 4080 on gpu-1
2025/09/20 21:54:25 No jobs in queue. Predicting idle period. Sending sleep command.
2025/09/20 21:54:25 Would send sleep command to GPU agent
2025/09/20 21:54:26 Logged telemetry for Mock RTX 4080 on gpu-1
2025/09/20 21:54:26 Logged telemetry for Mock RTX 4090 on gpu-0
2025/09/20 21:54:26 Logged telemetry for Mock RTX 4070 on gpu-2
2025/09/20 21:54:28 Logged telemetry for Mock RTX 4070 on gpu-2
2025/09/20 21:54:28 Logged telemetry for Mock RTX 4080 on gpu-1
2025/09/20 21:54:28 Logged telemetry for Mock RTX 4090 on gpu-0
2025/09/20 21:54:30 No jobs in queue. Predicting idle period. Sending sleep command.
2025/09/20 21:54:30 Would send sleep command to GPU agent
2025/09/20 21:54:30 Logged telemetry for Mock RTX 4090 on gpu-0
2025/09/20 21:54:30 Logged telemetry for Mock RTX 4070 on gpu-2
2025/09/20 21:54:30 Logged telemetry for Mock RTX 4080 on gpu-1
2025/09/20 21:54:32 Logged telemetry for Mock RTX 4080 on gpu-1
2025/09/20 21:54:32 Logged telemetry for Mock RTX 4090 on gpu-0
2025/09/20 21:54:32 Logged telemetry for Mock RTX 4070 on gpu-2
2025/09/20 21:54:34 Logged telemetry for Mock RTX 4070 on gpu-2
2025/09/20 21:54:34 Logged telemetry for Mock RTX 4080 on gpu-1
2025/09/20 21:54:34 Logged telemetry for Mock RTX 4090 on gpu-0
2025/09/20 21:54:35 No jobs in queue. Predicting idle period. Sending sleep command.
2025/09/20 21:54:35 Would send sleep command to GPU agent
2025/09/20 21:54:36 Logged telemetry for Mock RTX 4070 on gpu-2
2025/09/20 21:54:36 Logged telemetry for Mock RTX 4090 on gpu-0
2025/09/20 21:54:36 Logged telemetry for Mock RTX 4080 on gpu-1
2025/09/20 21:54:38 Logged telemetry for Mock RTX 4090 on gpu-0
2025/09/20 21:54:38 Logged telemetry for Mock RTX 4080 on gpu-1
2025/09/20 21:54:38 Logged telemetry for Mock RTX 4070 on gpu-2
2025/09/20 21:54:40 No jobs in queue. Predicting idle period. Sending sleep command.
2025/09/20 21:54:40 Would send sleep command to GPU agent
2025/09/20 21:54:40 Logged telemetry for Mock RTX 4070 on gpu-2
2025/09/20 21:54:40 Logged telemetry for Mock RTX 4090 on gpu-0
2025/09/20 21:54:40 Logged telemetry for Mock RTX 4080 on gpu-1
2025/09/20 21:54:42 Logged telemetry for Mock RTX 4080 on gpu-1
2025/09/20 21:54:42 Logged telemetry for Mock RTX 4070 on gpu-2
2025/09/20 21:54:42 Logged telemetry for Mock RTX 4090 on gpu-0
2025/09/20 21:54:44 Logged telemetry for Mock RTX 4070 on gpu-2
2025/09/20 21:54:44 Logged telemetry for Mock RTX 4080 on gpu-1
2025/09/20 21:54:44 Logged telemetry for Mock RTX 4090 on gpu-0
2025/09/20 21:54:45 No jobs in queue. Predicting idle period. Sending sleep command.
2025/09/20 21:54:45 Would send sleep command to GPU agent
2025/09/20 21:54:46 Logged telemetry for Mock RTX 4090 on gpu-0
2025/09/20 21:54:46 Logged telemetry for Mock RTX 4070 on gpu-2
2025/09/20 21:54:46 Logged telemetry for Mock RTX 4080 on gpu-1
2025/09/20 21:54:48 Logged telemetry for Mock RTX 4080 on gpu-1
2025/09/20 21:54:48 Logged telemetry for Mock RTX 4090 on gpu-0
2025/09/20 21:54:48 Logged telemetry for Mock RTX 4070 on gpu-2
2025/09/20 21:54:50 No jobs in queue. Predicting idle period. Sending sleep command.
2025/09/20 21:54:50 Would send sleep command to GPU agent
2025/09/20 21:54:50 Logged telemetry for Mock RTX 4080 on gpu-1
2025/09/20 21:54:50 Logged telemetry for Mock RTX 4070 on gpu-2
2025/09/20 21:54:50 Logged telemetry for Mock RTX 4090 on gpu-0
2025/09/20 21:54:52 Logged telemetry for Mock RTX 4090 on gpu-0
2025/09/20 21:54:52 Logged telemetry for Mock RTX 4070 on gpu-2
2025/09/20 21:54:52 Logged telemetry for Mock RTX 4080 on gpu-1
2025/09/20 21:54:54 Logged telemetry for Mock RTX 4080 on gpu-1
2025/09/20 21:54:54 Logged telemetry for Mock RTX 4090 on gpu-0
2025/09/20 21:54:54 Logged telemetry for Mock RTX 4070 on gpu-2
2025/09/20 21:54:55 No jobs in queue. Predicting idle period. Sending sleep command.
2025/09/20 21:54:55 Would send sleep command to GPU agent
2025/09/20 21:54:56 Logged telemetry for Mock RTX 4070 on gpu-2
2025/09/20 21:54:56 Logged telemetry for Mock RTX 4080 on gpu-1
2025/09/20 21:54:56 Logged telemetry for Mock RTX 4090 on gpu-0
2025/09/20 21:54:58 Logged telemetry for Mock RTX 4090 on gpu-0
2025/09/20 21:54:58 Logged telemetry for Mock RTX 4070 on gpu-2
2025/09/20 21:54:58 Logged telemetry for Mock RTX 4080 on gpu-1
2025/09/20 21:55:00 No jobs in queue. Predicting idle period. Sending sleep command.
2025/09/20 21:55:00 Would send sleep command to GPU agent
2025/09/20 21:55:00 Logged telemetry for Mock RTX 4080 on gpu-1
2025/09/20 21:55:00 Logged telemetry for Mock RTX 4090 on gpu-0
2025/09/20 21:55:00 Logged telemetry for Mock RTX 4070 on gpu-2
2025/09/20 21:55:02 Logged telemetry for Mock RTX 4070 on gpu-2
2025/09/20 21:55:02 Logged telemetry for Mock RTX 4080 on gpu-1
2025/09/20 21:55:02 Logged telemetry for Mock RTX 4090 on gpu-0
2025/09/20 21:55:04 Logged telemetry for Mock RTX 4090 on gpu-0
2025/09/20 21:55:04 Logged telemetry for Mock RTX 4070 on gpu-2
2025/09/20 21:55:04 Logged telemetry for Mock RTX 4080 on gpu-1
2025/09/20 21:55:05 No jobs in queue. Predicting idle period. Sending sleep command.
2025/09/20 21:55:05 Would send sleep command to GPU agent
2025/09/20 21:55:06 Logged telemetry for Mock RTX 4080 on gpu-1
2025/09/20 21:55:06 Logged telemetry for Mock RTX 4090 on gpu-0
2025/09/20 21:55:06 Logged telemetry for Mock RTX 4070 on gpu-2
2025/09/20 21:55:08 Logged telemetry for Mock RTX 4070 on gpu-2
2025/09/20 21:55:08 Logged telemetry for Mock RTX 4080 on gpu-1
2025/09/20 21:55:08 Logged telemetry for Mock RTX 4090 on gpu-0
2025/09/20 21:55:10 No jobs in queue. Predicting idle period. Sending sleep command.
2025/09/20 21:55:10 Would send sleep command to GPU agent
2025/09/20 21:55:10 Logged telemetry for Mock RTX 4090 on gpu-0
2025/09/20 21:55:10 Logged telemetry for Mock RTX 4070 on gpu-2
2025/09/20 21:55:10 Logged telemetry for Mock RTX 4080 on gpu-1
2025/09/20 21:55:12 Logged telemetry for Mock RTX 4080 on gpu-1
2025/09/20 21:55:12 Logged telemetry for Mock RTX 4090 on gpu-0
2025/09/20 21:55:12 Logged telemetry for Mock RTX 4070 on gpu-2
2025/09/20 21:55:14 Logged telemetry for Mock RTX 4070 on gpu-2
2025/09/20 21:55:14 Logged telemetry for Mock RTX 4090 on gpu-0
2025/09/20 21:55:14 Logged telemetry for Mock RTX 4080 on gpu-1
2025/09/20 21:55:15 No jobs in queue. Predicting idle period. Sending sleep command.
2025/09/20 21:55:15 Would send sleep command to GPU agent
2025/09/20 21:55:16 Logged telemetry for Mock RTX 4080 on gpu-1
2025/09/20 21:55:16 Logged telemetry for Mock RTX 4070 on gpu-2
2025/09/20 21:55:16 Logged telemetry for Mock RTX 4090 on gpu-0
2025/09/20 21:55:18 Logged telemetry for Mock RTX 4090 on gpu-0
2025/09/20 21:55:18 Logged telemetry for Mock RTX 4080 on gpu-1
2025/09/20 21:55:18 Logged telemetry for Mock RTX 4070 on gpu-2
2025/09/20 21:55:20 No jobs in queue. Predicting idle period. Sending sleep command.
2025/09/20 21:55:20 Would send sleep command to GPU agent
2025/09/20 21:55:20 Logged telemetry for Mock RTX 4070 on gpu-2
2025/09/20 21:55:20 Logged telemetry for Mock RTX 4090 on gpu-0
2025/09/20 21:55:20 Logged telemetry for Mock RTX 4080 on gpu-1
2025/09/20 21:55:22 Logged telemetry for Mock RTX 4080 on gpu-1
2025/09/20 21:55:22 Logged telemetry for Mock RTX 4070 on gpu-2
2025/09/20 21:55:22 Logged telemetry for Mock RTX 4090 on gpu-0
2025/09/20 21:55:24 Logged telemetry for Mock RTX 4090 on gpu-0
2025/09/20 21:55:24 Logged telemetry for Mock RTX 4080 on gpu-1
2025/09/20 21:55:24 Logged telemetry for Mock RTX 4070 on gpu-2
2025/09/20 21:55:25 No jobs in queue. Predicting idle period. Sending sleep command.
2025/09/20 21:55:25 Would send sleep command to GPU agent
2025/09/20 21:55:26 Logged telemetry for Mock RTX 4070 on gpu-2
2025/09/20 21:55:26 Logged telemetry for Mock RTX 4090 on gpu-0
2025/09/20 21:55:26 Logged telemetry for Mock RTX 4080 on gpu-1
2025/09/20 21:55:28 Logged telemetry for Mock RTX 4080 on gpu-1
2025/09/20 21:55:28 Logged telemetry for Mock RTX 4070 on gpu-2
2025/09/20 21:55:28 Logged telemetry for Mock RTX 4090 on gpu-0
2025/09/20 21:55:30 No jobs in queue. Predicting idle period. Sending sleep command.
2025/09/20 21:55:30 Would send sleep command to GPU agent
2025/09/20 21:55:30 Logged telemetry for Mock RTX 4090 on gpu-0
2025/09/20 21:55:30 Logged telemetry for Mock RTX 4080 on gpu-1
2025/09/20 21:55:30 Logged telemetry for Mock RTX 4070 on gpu-2
2025/09/20 21:55:32 Logged telemetry for Mock RTX 4070 on gpu-2
2025/09/20 21:55:32 Logged telemetry for Mock RTX 4090 on gpu-0
2025/09/20 21:55:32 Logged telemetry for Mock RTX 4080 on gpu-1
2025/09/20 21:55:34 Logged telemetry for Mock RTX 4080 on gpu-1
2025/09/20 21:55:34 Logged telemetry for Mock RTX 4070 on gpu-2
2025/09/20 21:55:34 Logged telemetry for Mock RTX 4090 on gpu-0
2025/09/20 21:55:35 No jobs in queue. Predicting idle period. Sending sleep command.
2025/09/20 21:55:35 Would send sleep command to GPU agent
2025/09/20 21:55:36 Logged telemetry for Mock RTX 4090 on gpu-0
2025/09/20 21:55:36 Logged telemetry for Mock RTX 4080 on gpu-1
2025/09/20 21:55:36 Logged telemetry for Mock RTX 4070 on gpu-2
2025/09/20 21:55:38 Logged telemetry for Mock RTX 4070 on gpu-2
2025/09/20 21:55:38 Logged telemetry for Mock RTX 4090 on gpu-0
2025/09/20 21:55:38 Logged telemetry for Mock RTX 4080 on gpu-1
2025/09/20 21:55:40 No jobs in queue. Predicting idle period. Sending sleep command.
2025/09/20 21:55:40 Would send sleep command to GPU agent
2025/09/20 21:55:40 Logged telemetry for Mock RTX 4080 on gpu-1
2025/09/20 21:55:40 Logged telemetry for Mock RTX 4070 on gpu-2
2025/09/20 21:55:40 Logged telemetry for Mock RTX 4090 on gpu-0
2025/09/20 21:55:42 Logged telemetry for Mock RTX 4090 on gpu-0
2025/09/20 21:55:42 Logged telemetry for Mock RTX 4070 on gpu-2
2025/09/20 21:55:42 Logged telemetry for Mock RTX 4080 on gpu-1
2025/09/20 21:55:44 Logged telemetry for Mock RTX 4080 on gpu-1
2025/09/20 21:55:44 Logged telemetry for Mock RTX 4090 on gpu-0
2025/09/20 21:55:44 Logged telemetry for Mock RTX 4070 on gpu-2
2025/09/20 21:55:45 No jobs in queue. Predicting idle period. Sending sleep command.
2025/09/20 21:55:45 Would send sleep command to GPU agent
2025/09/20 21:55:46 Logged telemetry for Mock RTX 4070 on gpu-2
2025/09/20 21:55:46 Logged telemetry for Mock RTX 4080 on gpu-1
2025/09/20 21:55:46 Logged telemetry for Mock RTX 4090 on gpu-0
2025/09/20 21:55:48 Logged telemetry for Mock RTX 4090 on gpu-0
2025/09/20 21:55:48 Logged telemetry for Mock RTX 4080 on gpu-1
2025/09/20 21:55:48 Logged telemetry for Mock RTX 4070 on gpu-2
2025/09/20 21:55:50 No jobs in queue. Predicting idle period. Sending sleep command.
2025/09/20 21:55:50 Would send sleep command to GPU agent
2025/09/20 21:55:50 Logged telemetry for Mock RTX 4070 on gpu-2
2025/09/20 21:55:50 Logged telemetry for Mock RTX 4090 on gpu-0
2025/09/20 21:55:50 Logged telemetry for Mock RTX 4080 on gpu-1
2025/09/20 21:55:52 Logged telemetry for Mock RTX 4080 on gpu-1
2025/09/20 21:55:52 Logged telemetry for Mock RTX 4070 on gpu-2
2025/09/20 21:55:52 Logged telemetry for Mock RTX 4090 on gpu-0
2025/09/20 21:55:54 Logged telemetry for Mock RTX 4090 on gpu-0
2025/09/20 21:55:54 Logged telemetry for Mock RTX 4080 on gpu-1
2025/09/20 21:55:54 Logged telemetry for Mock RTX 4070 on gpu-2
2025/09/20 21:55:55 No jobs in queue. Predicting idle period. Sending sleep command.
2025/09/20 21:55:55 Would send sleep command to GPU agent
2025/09/20 21:55:56 Logged telemetry for Mock RTX 4070 on gpu-2
2025/09/20 21:55:56 Logged telemetry for Mock RTX 4090 on gpu-0
2025/09/20 21:55:56 Logged telemetry for Mock RTX 4080 on gpu-1
2025/09/20 21:55:58 Logged telemetry for Mock RTX 4080 on gpu-1
2025/09/20 21:55:58 Logged telemetry for Mock RTX 4070 on gpu-2
2025/09/20 21:55:58 Logged telemetry for Mock RTX 4090 on gpu-0
2025/09/20 21:56:00 No jobs in queue. Predicting idle period. Sending sleep command.
2025/09/20 21:56:00 Would send sleep command to GPU agent
2025/09/20 21:56:00 Logged telemetry for Mock RTX 4090 on gpu-0
2025/09/20 21:56:00 Logged telemetry for Mock RTX 4070 on gpu-2
2025/09/20 21:56:00 Logged telemetry for Mock RTX 4080 on gpu-1
2025/09/20 21:56:02 Logged telemetry for Mock RTX 4080 on gpu-1
2025/09/20 21:56:02 Logged telemetry for Mock RTX 4090 on gpu-0
2025/09/20 21:56:02 Logged telemetry for Mock RTX 4070 on gpu-2
2025/09/20 21:56:04 Logged telemetry for Mock RTX 4070 on gpu-2
2025/09/20 21:56:04 Logged telemetry for Mock RTX 4080 on gpu-1
2025/09/20 21:56:04 Logged telemetry for Mock RTX 4090 on gpu-0
2025/09/20 21:56:05 No jobs in queue. Predicting idle period. Sending sleep command.
2025/09/20 21:56:05 Would send sleep command to GPU agent
2025/09/20 21:56:06 Logged telemetry for Mock RTX 4090 on gpu-0
2025/09/20 21:56:06 Logged telemetry for Mock RTX 4070 on gpu-2
2025/09/20 21:56:06 Logged telemetry for Mock RTX 4080 on gpu-1
2025/09/20 21:56:08 Logged telemetry for Mock RTX 4080 on gpu-1
2025/09/20 21:56:08 Logged telemetry for Mock RTX 4090 on gpu-0
2025/09/20 21:56:08 Logged telemetry for Mock RTX 4070 on gpu-2
2025/09/20 21:56:10 No jobs in queue. Predicting idle period. Sending sleep command.
2025/09/20 21:56:10 Would send sleep command to GPU agent
2025/09/20 21:56:10 Logged telemetry for Mock RTX 4070 on gpu-2
2025/09/20 21:56:10 Logged telemetry for Mock RTX 4080 on gpu-1
2025/09/20 21:56:10 Logged telemetry for Mock RTX 4090 on gpu-0
2025/09/20 21:56:12 Logged telemetry for Mock RTX 4090 on gpu-0
2025/09/20 21:56:12 Logged telemetry for Mock RTX 4070 on gpu-2
2025/09/20 21:56:12 Logged telemetry for Mock RTX 4080 on gpu-1
2025/09/20 21:56:14 Logged telemetry for Mock RTX 4080 on gpu-1
2025/09/20 21:56:14 Logged telemetry for Mock RTX 4090 on gpu-0
2025/09/20 21:56:14 Logged telemetry for Mock RTX 4070 on gpu-2
2025/09/20 21:56:15 No jobs in queue. Predicting idle period. Sending sleep command.
2025/09/20 21:56:15 Would send sleep command to GPU agent
2025/09/20 21:56:16 Logged telemetry for Mock RTX 4070 on gpu-2
2025/09/20 21:56:16 Logged telemetry for Mock RTX 4080 on gpu-1
2025/09/20 21:56:16 Logged telemetry for Mock RTX 4090 on gpu-0
2025/09/20 21:56:18 Logged telemetry for Mock RTX 4090 on gpu-0
2025/09/20 21:56:18 Logged telemetry for Mock RTX 4070 on gpu-2
2025/09/20 21:56:18 Logged telemetry for Mock RTX 4080 on gpu-1
2025/09/20 21:56:20 No jobs in queue. Predicting idle period. Sending sleep command.
2025/09/20 21:56:20 Would send sleep command to GPU agent
2025/09/20 21:56:20 Logged telemetry for Mock RTX 4080 on gpu-1
2025/09/20 21:56:20 Logged telemetry for Mock RTX 4090 on gpu-0
2025/09/20 21:56:20 Logged telemetry for Mock RTX 4070 on gpu-2
2025/09/20 21:56:22 Logged telemetry for Mock RTX 4070 on gpu-2
2025/09/20 21:56:22 Logged telemetry for Mock RTX 4080 on gpu-1
2025/09/20 21:56:22 Logged telemetry for Mock RTX 4090 on gpu-0
2025/09/20 21:56:24 Logged telemetry for Mock RTX 4070 on gpu-2
2025/09/20 21:56:24 Logged telemetry for Mock RTX 4090 on gpu-0
2025/09/20 21:56:24 Logged telemetry for Mock RTX 4080 on gpu-1
2025/09/20 21:56:25 No jobs in queue. Predicting idle period. Sending sleep command.
2025/09/20 21:56:25 Would send sleep command to GPU agent
2025/09/20 21:56:26 Logged telemetry for Mock RTX 4080 on gpu-1
2025/09/20 21:56:26 Logged telemetry for Mock RTX 4090 on gpu-0
2025/09/20 21:56:26 Logged telemetry for Mock RTX 4070 on gpu-2
2025/09/20 21:56:28 Logged telemetry for Mock RTX 4080 on gpu-1
2025/09/20 21:56:28 Logged telemetry for Mock RTX 4070 on gpu-2
2025/09/20 21:56:28 Logged telemetry for Mock RTX 4090 on gpu-0
2025/09/20 21:56:30 No jobs in queue. Predicting idle period. Sending sleep command.
2025/09/20 21:56:30 Would send sleep command to GPU agent
2025/09/20 21:56:30 Logged telemetry for Mock RTX 4090 on gpu-0
2025/09/20 21:56:30 Logged telemetry for Mock RTX 4080 on gpu-1
2025/09/20 21:56:30 Logged telemetry for Mock RTX 4070 on gpu-2
2025/09/20 21:56:32 Logged telemetry for Mock RTX 4070 on gpu-2
2025/09/20 21:56:32 Logged telemetry for Mock RTX 4090 on gpu-0
2025/09/20 21:56:32 Logged telemetry for Mock RTX 4080 on gpu-1
2025/09/20 21:56:34 Logged telemetry for Mock RTX 4080 on gpu-1
2025/09/20 21:56:34 Logged telemetry for Mock RTX 4070 on gpu-2
2025/09/20 21:56:34 Logged telemetry for Mock RTX 4090 on gpu-0
2025/09/20 21:56:35 No jobs in queue. Predicting idle period. Sending sleep command.
2025/09/20 21:56:35 Would send sleep command to GPU agent
2025/09/20 21:56:36 Logged telemetry for Mock RTX 4090 on gpu-0
2025/09/20 21:56:36 Logged telemetry for Mock RTX 4080 on gpu-1
2025/09/20 21:56:36 Logged telemetry for Mock RTX 4070 on gpu-2
2025/09/20 21:56:38 Logged telemetry for Mock RTX 4070 on gpu-2
2025/09/20 21:56:38 Logged telemetry for Mock RTX 4090 on gpu-0
2025/09/20 21:56:38 Logged telemetry for Mock RTX 4080 on gpu-1
2025/09/20 21:56:40 No jobs in queue. Predicting idle period. Sending sleep command.
2025/09/20 21:56:40 Would send sleep command to GPU agent
2025/09/20 21:56:40 Logged telemetry for Mock RTX 4080 on gpu-1
2025/09/20 21:56:40 Logged telemetry for Mock RTX 4070 on gpu-2
2025/09/20 21:56:40 Logged telemetry for Mock RTX 4090 on gpu-0
2025/09/20 21:56:42 Logged telemetry for Mock RTX 4090 on gpu-0
2025/09/20 21:56:42 Logged telemetry for Mock RTX 4080 on gpu-1
2025/09/20 21:56:42 Logged telemetry for Mock RTX 4070 on gpu-2
2025/09/20 21:56:44 Logged telemetry for Mock RTX 4070 on gpu-2
2025/09/20 21:56:44 Logged telemetry for Mock RTX 4090 on gpu-0
2025/09/20 21:56:44 Logged telemetry for Mock RTX 4080 on gpu-1
2025/09/20 21:56:45 No jobs in queue. Predicting idle period. Sending sleep command.
2025/09/20 21:56:45 Would send sleep command to GPU agent
2025/09/20 21:56:46 Logged telemetry for Mock RTX 4080 on gpu-1
2025/09/20 21:56:46 Logged telemetry for Mock RTX 4070 on gpu-2
2025/09/20 21:56:46 Logged telemetry for Mock RTX 4090 on gpu-0
2025/09/20 21:56:48 Logged telemetry for Mock RTX 4080 on gpu-1
2025/09/20 21:56:48 Logged telemetry for Mock RTX 4070 on gpu-2
2025/09/20 21:56:48 Logged telemetry for Mock RTX 4090 on gpu-0
2025/09/20 21:56:50 No jobs in queue. Predicting idle period. Sending sleep command.
2025/09/20 21:56:50 Would send sleep command to GPU agent
2025/09/20 21:56:50 Logged telemetry for Mock RTX 4090 on gpu-0
2025/09/20 21:56:50 Logged telemetry for Mock RTX 4080 on gpu-1
2025/09/20 21:56:50 Logged telemetry for Mock RTX 4070 on gpu-2
2025/09/20 21:56:52 Logged telemetry for Mock RTX 4070 on gpu-2
2025/09/20 21:56:52 Logged telemetry for Mock RTX 4090 on gpu-0
2025/09/20 21:56:52 Logged telemetry for Mock RTX 4080 on gpu-1
2025/09/20 21:56:54 Logged telemetry for Mock RTX 4080 on gpu-1
2025/09/20 21:56:54 Logged telemetry for Mock RTX 4090 on gpu-0
2025/09/20 21:56:54 Logged telemetry for Mock RTX 4070 on gpu-2
2025/09/20 21:56:55 No jobs in queue. Predicting idle period. Sending sleep command.
2025/09/20 21:56:55 Would send sleep command to GPU agent
2025/09/20 21:56:56 Logged telemetry for Mock RTX 4070 on gpu-2
2025/09/20 21:56:56 Logged telemetry for Mock RTX 4080 on gpu-1
2025/09/20 21:56:56 Logged telemetry for Mock RTX 4090 on gpu-0
2025/09/20 21:56:58 Logged telemetry for Mock RTX 4090 on gpu-0
2025/09/20 21:56:58 Logged telemetry for Mock RTX 4070 on gpu-2
2025/09/20 21:56:58 Logged telemetry for Mock RTX 4080 on gpu-1
2025/09/20 21:57:00 No jobs in queue. Predicting idle period. Sending sleep command.
2025/09/20 21:57:00 Would send sleep command to GPU agent
2025/09/20 21:57:00 Logged telemetry for Mock RTX 4080 on gpu-1
2025/09/20 21:57:00 Logged telemetry for Mock RTX 4090 on gpu-0
2025/09/20 21:57:00 Logged telemetry for Mock RTX 4070 on gpu-2
2025/09/20 21:57:02 Logged telemetry for Mock RTX 4070 on gpu-2
2025/09/20 21:57:02 Logged telemetry for Mock RTX 4090 on gpu-0
2025/09/20 21:57:02 Logged telemetry for Mock RTX 4080 on gpu-1
2025/09/20 21:57:04 Logged telemetry for Mock RTX 4080 on gpu-1
2025/09/20 21:57:04 Logged telemetry for Mock RTX 4070 on gpu-2
2025/09/20 21:57:04 Logged telemetry for Mock RTX 4090 on gpu-0
2025/09/20 21:57:05 No jobs in queue. Predicting idle period. Sending sleep command.
2025/09/20 21:57:05 Would send sleep command to GPU agent
2025/09/20 21:57:06 Logged telemetry for Mock RTX 4090 on gpu-0
2025/09/20 21:57:06 Logged telemetry for Mock RTX 4080 on gpu-1
2025/09/20 21:57:06 Logged telemetry for Mock RTX 4070 on gpu-2
2025/09/20 21:57:08 Logged telemetry for Mock RTX 4070 on gpu-2
2025/09/20 21:57:08 Logged telemetry for Mock RTX 4090 on gpu-0
2025/09/20 21:57:08 Logged telemetry for Mock RTX 4080 on gpu-1
2025/09/20 21:57:10 No jobs in queue. Predicting idle period. Sending sleep command.
2025/09/20 21:57:10 Would send sleep command to GPU agent
2025/09/20 21:57:10 Logged telemetry for Mock RTX 4080 on gpu-1
2025/09/20 21:57:10 Logged telemetry for Mock RTX 4070 on gpu-2
2025/09/20 21:57:10 Logged telemetry for Mock RTX 4090 on gpu-0
2025/09/20 21:57:12 Logged telemetry for Mock RTX 4090 on gpu-0
2025/09/20 21:57:12 Logged telemetry for Mock RTX 4080 on gpu-1
2025/09/20 21:57:12 Logged telemetry for Mock RTX 4070 on gpu-2
2025/09/20 21:57:14 Logged telemetry for Mock RTX 4070 on gpu-2
2025/09/20 21:57:14 Logged telemetry for Mock RTX 4090 on gpu-0
2025/09/20 21:57:14 Logged telemetry for Mock RTX 4080 on gpu-1
2025/09/20 21:57:15 No jobs in queue. Predicting idle period. Sending sleep command.
2025/09/20 21:57:15 Would send sleep command to GPU agent
2025/09/20 21:57:16 Logged telemetry for Mock RTX 4080 on gpu-1
2025/09/20 21:57:16 Logged telemetry for Mock RTX 4070 on gpu-2
2025/09/20 21:57:16 Logged telemetry for Mock RTX 4090 on gpu-0
2025/09/20 21:57:18 Logged telemetry for Mock RTX 4090 on gpu-0
2025/09/20 21:57:18 Logged telemetry for Mock RTX 4080 on gpu-1
2025/09/20 21:57:18 Logged telemetry for Mock RTX 4070 on gpu-2
2025/09/20 21:57:20 No jobs in queue. Predicting idle period. Sending sleep command.
2025/09/20 21:57:20 Would send sleep command to GPU agent
2025/09/20 21:57:20 Logged telemetry for Mock RTX 4070 on gpu-2
2025/09/20 21:57:20 Logged telemetry for Mock RTX 4090 on gpu-0
2025/09/20 21:57:20 Logged telemetry for Mock RTX 4080 on gpu-1
2025/09/20 21:57:22 Logged telemetry for Mock RTX 4090 on gpu-0
2025/09/20 21:57:22 Logged telemetry for Mock RTX 4070 on gpu-2
2025/09/20 21:57:22 Logged telemetry for Mock RTX 4080 on gpu-1
2025/09/20 21:57:24 Logged telemetry for Mock RTX 4070 on gpu-2
2025/09/20 21:57:24 Logged telemetry for Mock RTX 4080 on gpu-1
2025/09/20 21:57:24 Logged telemetry for Mock RTX 4090 on gpu-0
2025/09/20 21:57:25 No jobs in queue. Predicting idle period. Sending sleep command.
2025/09/20 21:57:25 Would send sleep command to GPU agent
2025/09/20 21:57:26 Logged telemetry for Mock RTX 4090 on gpu-0
2025/09/20 21:57:26 Logged telemetry for Mock RTX 4070 on gpu-2
2025/09/20 21:57:26 Logged telemetry for Mock RTX 4080 on gpu-1
2025/09/20 21:57:28 Logged telemetry for Mock RTX 4080 on gpu-1
2025/09/20 21:57:28 Logged telemetry for Mock RTX 4090 on gpu-0
2025/09/20 21:57:28 Logged telemetry for Mock RTX 4070 on gpu-2
2025/09/20 21:57:30 No jobs in queue. Predicting idle period. Sending sleep command.
2025/09/20 21:57:30 Would send sleep command to GPU agent
2025/09/20 21:57:30 Logged telemetry for Mock RTX 4080 on gpu-1
2025/09/20 21:57:30 Logged telemetry for Mock RTX 4090 on gpu-0
2025/09/20 21:57:30 Logged telemetry for Mock RTX 4070 on gpu-2
2025/09/20 21:57:32 Logged telemetry for Mock RTX 4080 on gpu-1
2025/09/20 21:57:32 Logged telemetry for Mock RTX 4070 on gpu-2
2025/09/20 21:57:32 Logged telemetry for Mock RTX 4090 on gpu-0
2025/09/20 21:57:34 Logged telemetry for Mock RTX 4090 on gpu-0
2025/09/20 21:57:34 Logged telemetry for Mock RTX 4080 on gpu-1
2025/09/20 21:57:34 Logged telemetry for Mock RTX 4070 on gpu-2
2025/09/20 21:57:35 No jobs in queue. Predicting idle period. Sending sleep command.
2025/09/20 21:57:35 Would send sleep command to GPU agent
2025/09/20 21:57:36 Logged telemetry for Mock RTX 4070 on gpu-2
2025/09/20 21:57:36 Logged telemetry for Mock RTX 4090 on gpu-0
2025/09/20 21:57:36 Logged telemetry for Mock RTX 4080 on gpu-1
2025/09/20 21:57:38 Logged telemetry for Mock RTX 4080 on gpu-1
2025/09/20 21:57:38 Logged telemetry for Mock RTX 4070 on gpu-2
2025/09/20 21:57:38 Logged telemetry for Mock RTX 4090 on gpu-0
2025/09/20 21:57:40 No jobs in queue. Predicting idle period. Sending sleep command.
2025/09/20 21:57:40 Would send sleep command to GPU agent
2025/09/20 21:57:40 Logged telemetry for Mock RTX 4090 on gpu-0
2025/09/20 21:57:40 Logged telemetry for Mock RTX 4080 on gpu-1
2025/09/20 21:57:40 Logged telemetry for Mock RTX 4070 on gpu-2
2025/09/20 21:57:42 Logged telemetry for Mock RTX 4070 on gpu-2
2025/09/20 21:57:42 Logged telemetry for Mock RTX 4090 on gpu-0
2025/09/20 21:57:42 Logged telemetry for Mock RTX 4080 on gpu-1
2025/09/20 21:57:44 Logged telemetry for Mock RTX 4080 on gpu-1
2025/09/20 21:57:44 Logged telemetry for Mock RTX 4070 on gpu-2
2025/09/20 21:57:44 Logged telemetry for Mock RTX 4090 on gpu-0
2025/09/20 21:57:45 No jobs in queue. Predicting idle period. Sending sleep command.
2025/09/20 21:57:45 Would send sleep command to GPU agent
2025/09/20 21:57:46 Logged telemetry for Mock RTX 4070 on gpu-2
2025/09/20 21:57:46 Logged telemetry for Mock RTX 4090 on gpu-0
2025/09/20 21:57:46 Logged telemetry for Mock RTX 4080 on gpu-1
2025/09/20 21:57:48 Logged telemetry for Mock RTX 4070 on gpu-2
2025/09/20 21:57:48 Logged telemetry for Mock RTX 4080 on gpu-1
2025/09/20 21:57:48 Logged telemetry for Mock RTX 4090 on gpu-0
2025/09/20 21:57:50 No jobs in queue. Predicting idle period. Sending sleep command.
2025/09/20 21:57:50 Would send sleep command to GPU agent
2025/09/20 21:57:50 Logged telemetry for Mock RTX 4090 on gpu-0
2025/09/20 21:57:50 Logged telemetry for Mock RTX 4080 on gpu-1
2025/09/20 21:57:50 Logged telemetry for Mock RTX 4070 on gpu-2
2025/09/20 21:57:52 Logged telemetry for Mock RTX 4070 on gpu-2
2025/09/20 21:57:52 Logged telemetry for Mock RTX 4080 on gpu-1
2025/09/20 21:57:52 Logged telemetry for Mock RTX 4090 on gpu-0
2025/09/20 21:57:54 Logged telemetry for Mock RTX 4090 on gpu-0
2025/09/20 21:57:54 Logged telemetry for Mock RTX 4070 on gpu-2
2025/09/20 21:57:54 Logged telemetry for Mock RTX 4080 on gpu-1
2025/09/20 21:57:55 No jobs in queue. Predicting idle period. Sending sleep command.
2025/09/20 21:57:55 Would send sleep command to GPU agent
2025/09/20 21:57:56 Logged telemetry for Mock RTX 4080 on gpu-1
2025/09/20 21:57:56 Logged telemetry for Mock RTX 4070 on gpu-2
2025/09/20 21:57:56 Logged telemetry for Mock RTX 4090 on gpu-0
2025/09/20 21:57:58 Logged telemetry for Mock RTX 4090 on gpu-0
2025/09/20 21:57:58 Logged telemetry for Mock RTX 4080 on gpu-1
2025/09/20 21:57:58 Logged telemetry for Mock RTX 4070 on gpu-2
2025/09/20 21:58:00 No jobs in queue. Predicting idle period. Sending sleep command.
2025/09/20 21:58:00 Would send sleep command to GPU agent
2025/09/20 21:58:00 Logged telemetry for Mock RTX 4090 on gpu-0
2025/09/20 21:58:00 Logged telemetry for Mock RTX 4070 on gpu-2
2025/09/20 21:58:00 Logged telemetry for Mock RTX 4080 on gpu-1
2025/09/20 21:58:02 Logged telemetry for Mock RTX 4080 on gpu-1
2025/09/20 21:58:02 Logged telemetry for Mock RTX 4090 on gpu-0
2025/09/20 21:58:02 Logged telemetry for Mock RTX 4070 on gpu-2
2025/09/20 21:58:04 Logged telemetry for Mock RTX 4070 on gpu-2
2025/09/20 21:58:04 Logged telemetry for Mock RTX 4080 on gpu-1
2025/09/20 21:58:04 Logged telemetry for Mock RTX 4090 on gpu-0
2025/09/20 21:58:05 No jobs in queue. Predicting idle period. Sending sleep command.
2025/09/20 21:58:05 Would send sleep command to GPU agent
2025/09/20 21:58:06 Logged telemetry for Mock RTX 4090 on gpu-0
2025/09/20 21:58:06 Logged telemetry for Mock RTX 4070 on gpu-2
2025/09/20 21:58:06 Logged telemetry for Mock RTX 4080 on gpu-1
2025/09/20 21:58:08 Logged telemetry for Mock RTX 4080 on gpu-1
2025/09/20 21:58:08 Logged telemetry for Mock RTX 4090 on gpu-0
2025/09/20 21:58:08 Logged telemetry for Mock RTX 4070 on gpu-2
2025/09/20 21:58:10 No jobs in queue. Predicting idle period. Sending sleep command.
2025/09/20 21:58:10 Would send sleep command to GPU agent
2025/09/20 21:58:10 Logged telemetry for Mock RTX 4070 on gpu-2
2025/09/20 21:58:10 Logged telemetry for Mock RTX 4080 on gpu-1
2025/09/20 21:58:10 Logged telemetry for Mock RTX 4090 on gpu-0
2025/09/20 21:58:12 Logged telemetry for Mock RTX 4090 on gpu-0
2025/09/20 21:58:12 Logged telemetry for Mock RTX 4070 on gpu-2
2025/09/20 21:58:12 Logged telemetry for Mock RTX 4080 on gpu-1
2025/09/20 21:58:14 Logged telemetry for Mock RTX 4080 on gpu-1
2025/09/20 21:58:14 Logged telemetry for Mock RTX 4090 on gpu-0
2025/09/20 21:58:14 Logged telemetry for Mock RTX 4070 on gpu-2
2025/09/20 21:58:15 No jobs in queue. Predicting idle period. Sending sleep command.
2025/09/20 21:58:15 Would send sleep command to GPU agent
2025/09/20 21:58:16 Logged telemetry for Mock RTX 4070 on gpu-2
2025/09/20 21:58:16 Logged telemetry for Mock RTX 4080 on gpu-1
2025/09/20 21:58:16 Logged telemetry for Mock RTX 4090 on gpu-0
2025/09/20 21:58:18 Logged telemetry for Mock RTX 4090 on gpu-0
2025/09/20 21:58:18 Logged telemetry for Mock RTX 4070 on gpu-2
2025/09/20 21:58:18 Logged telemetry for Mock RTX 4080 on gpu-1
2025/09/20 21:58:20 No jobs in queue. Predicting idle period. Sending sleep command.
2025/09/20 21:58:20 Would send sleep command to GPU agent
2025/09/20 21:58:20 Logged telemetry for Mock RTX 4080 on gpu-1
2025/09/20 21:58:20 Logged telemetry for Mock RTX 4090 on gpu-0
2025/09/20 21:58:20 Logged telemetry for Mock RTX 4070 on gpu-2
2025/09/20 21:58:22 Logged telemetry for Mock RTX 4070 on gpu-2
2025/09/20 21:58:22 Logged telemetry for Mock RTX 4080 on gpu-1
2025/09/20 21:58:22 Logged telemetry for Mock RTX 4090 on gpu-0
2025/09/20 21:58:24 Logged telemetry for Mock RTX 4090 on gpu-0
2025/09/20 21:58:24 Logged telemetry for Mock RTX 4070 on gpu-2
2025/09/20 21:58:24 Logged telemetry for Mock RTX 4080 on gpu-1
2025/09/20 21:58:25 No jobs in queue. Predicting idle period. Sending sleep command.
2025/09/20 21:58:25 Would send sleep command to GPU agent
2025/09/20 21:58:26 Logged telemetry for Mock RTX 4080 on gpu-1
2025/09/20 21:58:26 Logged telemetry for Mock RTX 4090 on gpu-0
2025/09/20 21:58:26 Logged telemetry for Mock RTX 4070 on gpu-2
2025/09/20 21:58:28 Logged telemetry for Mock RTX 4080 on gpu-1
2025/09/20 21:58:28 Logged telemetry for Mock RTX 4070 on gpu-2
2025/09/20 21:58:28 Logged telemetry for Mock RTX 4090 on gpu-0
2025/09/20 21:58:30 No jobs in queue. Predicting idle period. Sending sleep command.
2025/09/20 21:58:30 Would send sleep command to GPU agent
2025/09/20 21:58:30 Logged telemetry for Mock RTX 4070 on gpu-2
2025/09/20 21:58:30 Logged telemetry for Mock RTX 4080 on gpu-1
2025/09/20 21:58:30 Logged telemetry for Mock RTX 4090 on gpu-0
2025/09/20 21:58:32 Logged telemetry for Mock RTX 4090 on gpu-0
2025/09/20 21:58:32 Logged telemetry for Mock RTX 4070 on gpu-2
2025/09/20 21:58:32 Logged telemetry for Mock RTX 4080 on gpu-1
2025/09/20 21:58:34 Logged telemetry for Mock RTX 4080 on gpu-1
2025/09/20 21:58:34 Logged telemetry for Mock RTX 4090 on gpu-0
2025/09/20 21:58:34 Logged telemetry for Mock RTX 4070 on gpu-2
2025/09/20 21:58:35 No jobs in queue. Predicting idle period. Sending sleep command.
2025/09/20 21:58:35 Would send sleep command to GPU agent
2025/09/20 21:58:36 Logged telemetry for Mock RTX 4070 on gpu-2
2025/09/20 21:58:36 Logged telemetry for Mock RTX 4090 on gpu-0
2025/09/20 21:58:36 Logged telemetry for Mock RTX 4080 on gpu-1
2025/09/20 21:58:38 Logged telemetry for Mock RTX 4080 on gpu-1
2025/09/20 21:58:38 Logged telemetry for Mock RTX 4070 on gpu-2
2025/09/20 21:58:38 Logged telemetry for Mock RTX 4090 on gpu-0
2025/09/20 21:58:40 No jobs in queue. Predicting idle period. Sending sleep command.
2025/09/20 21:58:40 Would send sleep command to GPU agent
2025/09/20 21:58:40 Logged telemetry for Mock RTX 4090 on gpu-0
2025/09/20 21:58:40 Logged telemetry for Mock RTX 4070 on gpu-2
2025/09/20 21:58:40 Logged telemetry for Mock RTX 4080 on gpu-1
2025/09/20 21:58:42 Logged telemetry for Mock RTX 4080 on gpu-1
2025/09/20 21:58:42 Logged telemetry for Mock RTX 4090 on gpu-0
2025/09/20 21:58:42 Logged telemetry for Mock RTX 4070 on gpu-2
2025/09/20 21:58:44 Logged telemetry for Mock RTX 4070 on gpu-2
2025/09/20 21:58:44 Logged telemetry for Mock RTX 4080 on gpu-1
2025/09/20 21:58:44 Logged telemetry for Mock RTX 4090 on gpu-0
2025/09/20 21:58:45 No jobs in queue. Predicting idle period. Sending sleep command.
2025/09/20 21:58:45 Would send sleep command to GPU agent
2025/09/20 21:58:46 Logged telemetry for Mock RTX 4090 on gpu-0
2025/09/20 21:58:46 Logged telemetry for Mock RTX 4070 on gpu-2
2025/09/20 21:58:46 Logged telemetry for Mock RTX 4080 on gpu-1
2025/09/20 21:58:48 Logged telemetry for Mock RTX 4080 on gpu-1
2025/09/20 21:58:48 Logged telemetry for Mock RTX 4090 on gpu-0
2025/09/20 21:58:48 Logged telemetry for Mock RTX 4070 on gpu-2
2025/09/20 21:58:50 No jobs in queue. Predicting idle period. Sending sleep command.
2025/09/20 21:58:50 Would send sleep command to GPU agent
2025/09/20 21:58:50 Logged telemetry for Mock RTX 4070 on gpu-2
2025/09/20 21:58:50 Logged telemetry for Mock RTX 4080 on gpu-1
2025/09/20 21:58:50 Logged telemetry for Mock RTX 4090 on gpu-0
2025/09/20 21:58:52 Logged telemetry for Mock RTX 4090 on gpu-0
2025/09/20 21:58:52 Logged telemetry for Mock RTX 4070 on gpu-2
2025/09/20 21:58:52 Logged telemetry for Mock RTX 4080 on gpu-1
2025/09/20 21:58:54 Logged telemetry for Mock RTX 4080 on gpu-1
2025/09/20 21:58:54 Logged telemetry for Mock RTX 4090 on gpu-0
2025/09/20 21:58:54 Logged telemetry for Mock RTX 4070 on gpu-2
2025/09/20 21:58:55 No jobs in queue. Predicting idle period. Sending sleep command.
2025/09/20 21:58:55 Would send sleep command to GPU agent
2025/09/20 21:58:56 Logged telemetry for Mock RTX 4070 on gpu-2
2025/09/20 21:58:56 Logged telemetry for Mock RTX 4080 on gpu-1
2025/09/20 21:58:56 Logged telemetry for Mock RTX 4090 on gpu-0
2025/09/20 21:58:58 Logged telemetry for Mock RTX 4090 on gpu-0
2025/09/20 21:58:58 Logged telemetry for Mock RTX 4080 on gpu-1
2025/09/20 21:58:58 Logged telemetry for Mock RTX 4070 on gpu-2
2025/09/20 21:59:00 No jobs in queue. Predicting idle period. Sending sleep command.
2025/09/20 21:59:00 Would send sleep command to GPU agent
2025/09/20 21:59:00 Logged telemetry for Mock RTX 4070 on gpu-2
2025/09/20 21:59:00 Logged telemetry for Mock RTX 4090 on gpu-0
2025/09/20 21:59:00 Logged telemetry for Mock RTX 4080 on gpu-1
2025/09/20 21:59:02 Logged telemetry for Mock RTX 4080 on gpu-1
2025/09/20 21:59:02 Logged telemetry for Mock RTX 4090 on gpu-0
2025/09/20 21:59:02 Logged telemetry for Mock RTX 4070 on gpu-2
2025/09/20 21:59:04 Logged telemetry for Mock RTX 4070 on gpu-2
2025/09/20 21:59:04 Logged telemetry for Mock RTX 4080 on gpu-1
2025/09/20 21:59:04 Logged telemetry for Mock RTX 4090 on gpu-0
2025/09/20 21:59:05 No jobs in queue. Predicting idle period. Sending sleep command.
2025/09/20 21:59:05 Would send sleep command to GPU agent
2025/09/20 21:59:06 Logged telemetry for Mock RTX 4090 on gpu-0
2025/09/20 21:59:06 Logged telemetry for Mock RTX 4070 on gpu-2
2025/09/20 21:59:06 Logged telemetry for Mock RTX 4080 on gpu-1
2025/09/20 21:59:08 Logged telemetry for Mock RTX 4080 on gpu-1
2025/09/20 21:59:08 Logged telemetry for Mock RTX 4090 on gpu-0
2025/09/20 21:59:08 Logged telemetry for Mock RTX 4070 on gpu-2
2025/09/20 21:59:10 No jobs in queue. Predicting idle period. Sending sleep command.
2025/09/20 21:59:10 Would send sleep command to GPU agent
2025/09/20 21:59:10 Logged telemetry for Mock RTX 4070 on gpu-2
2025/09/20 21:59:10 Logged telemetry for Mock RTX 4080 on gpu-1
2025/09/20 21:59:10 Logged telemetry for Mock RTX 4090 on gpu-0
2025/09/20 21:59:12 Logged telemetry for Mock RTX 4090 on gpu-0
2025/09/20 21:59:12 Logged telemetry for Mock RTX 4070 on gpu-2
2025/09/20 21:59:12 Logged telemetry for Mock RTX 4080 on gpu-1
2025/09/20 21:59:14 Logged telemetry for Mock RTX 4080 on gpu-1
2025/09/20 21:59:14 Logged telemetry for Mock RTX 4090 on gpu-0
2025/09/20 21:59:14 Logged telemetry for Mock RTX 4070 on gpu-2
2025/09/20 21:59:15 No jobs in queue. Predicting idle period. Sending sleep command.
2025/09/20 21:59:15 Would send sleep command to GPU agent
2025/09/20 21:59:16 Logged telemetry for Mock RTX 4070 on gpu-2
2025/09/20 21:59:16 Logged telemetry for Mock RTX 4080 on gpu-1
2025/09/20 21:59:16 Logged telemetry for Mock RTX 4090 on gpu-0
2025/09/20 21:59:18 Logged telemetry for Mock RTX 4090 on gpu-0
2025/09/20 21:59:18 Logged telemetry for Mock RTX 4070 on gpu-2
2025/09/20 21:59:18 Logged telemetry for Mock RTX 4080 on gpu-1
2025/09/20 21:59:20 No jobs in queue. Predicting idle period. Sending sleep command.
2025/09/20 21:59:20 Would send sleep command to GPU agent
2025/09/20 21:59:20 Logged telemetry for Mock RTX 4080 on gpu-1
2025/09/20 21:59:20 Logged telemetry for Mock RTX 4090 on gpu-0
2025/09/20 21:59:20 Logged telemetry for Mock RTX 4070 on gpu-2
2025/09/20 21:59:22 Logged telemetry for Mock RTX 4070 on gpu-2
2025/09/20 21:59:22 Logged telemetry for Mock RTX 4080 on gpu-1
2025/09/20 21:59:22 Logged telemetry for Mock RTX 4090 on gpu-0
2025/09/20 21:59:24 Logged telemetry for Mock RTX 4090 on gpu-0
2025/09/20 21:59:24 Logged telemetry for Mock RTX 4070 on gpu-2
2025/09/20 21:59:24 Logged telemetry for Mock RTX 4080 on gpu-1
2025/09/20 21:59:25 No jobs in queue. Predicting idle period. Sending sleep command.
2025/09/20 21:59:25 Would send sleep command to GPU agent
2025/09/20 21:59:26 Logged telemetry for Mock RTX 4080 on gpu-1
2025/09/20 21:59:26 Logged telemetry for Mock RTX 4090 on gpu-0
2025/09/20 21:59:26 Logged telemetry for Mock RTX 4070 on gpu-2
2025/09/20 21:59:28 Logged telemetry for Mock RTX 4080 on gpu-1
2025/09/20 21:59:28 Logged telemetry for Mock RTX 4070 on gpu-2
2025/09/20 21:59:28 Logged telemetry for Mock RTX 4090 on gpu-0
2025/09/20 21:59:30 No jobs in queue. Predicting idle period. Sending sleep command.
2025/09/20 21:59:30 Would send sleep command to GPU agent
2025/09/20 21:59:30 Logged telemetry for Mock RTX 4090 on gpu-0
2025/09/20 21:59:30 Logged telemetry for Mock RTX 4080 on gpu-1
2025/09/20 21:59:30 Logged telemetry for Mock RTX 4070 on gpu-2
2025/09/20 21:59:32 Logged telemetry for Mock RTX 4070 on gpu-2
2025/09/20 21:59:32 Logged telemetry for Mock RTX 4090 on gpu-0
2025/09/20 21:59:32 Logged telemetry for Mock RTX 4080 on gpu-1
2025/09/20 21:59:34 Logged telemetry for Mock RTX 4080 on gpu-1
2025/09/20 21:59:34 Logged telemetry for Mock RTX 4070 on gpu-2
2025/09/20 21:59:34 Logged telemetry for Mock RTX 4090 on gpu-0
2025/09/20 21:59:35 No jobs in queue. Predicting idle period. Sending sleep command.
2025/09/20 21:59:35 Would send sleep command to GPU agent
2025/09/20 21:59:36 Logged telemetry for Mock RTX 4090 on gpu-0
2025/09/20 21:59:36 Logged telemetry for Mock RTX 4080 on gpu-1
2025/09/20 21:59:36 Logged telemetry for Mock RTX 4070 on gpu-2
2025/09/20 21:59:38 Logged telemetry for Mock RTX 4090 on gpu-0
2025/09/20 21:59:38 Logged telemetry for Mock RTX 4070 on gpu-2
2025/09/20 21:59:38 Logged telemetry for Mock RTX 4080 on gpu-1
2025/09/20 21:59:40 No jobs in queue. Predicting idle period. Sending sleep command.
2025/09/20 21:59:40 Would send sleep command to GPU agent
2025/09/20 21:59:40 Logged telemetry for Mock RTX 4080 on gpu-1
2025/09/20 21:59:40 Logged telemetry for Mock RTX 4090 on gpu-0
2025/09/20 21:59:40 Logged telemetry for Mock RTX 4070 on gpu-2
2025/09/20 21:59:42 Logged telemetry for Mock RTX 4070 on gpu-2
2025/09/20 21:59:42 Logged telemetry for Mock RTX 4080 on gpu-1
2025/09/20 21:59:42 Logged telemetry for Mock RTX 4090 on gpu-0
2025/09/20 21:59:44 Logged telemetry for Mock RTX 4090 on gpu-0
2025/09/20 21:59:44 Logged telemetry for Mock RTX 4070 on gpu-2
2025/09/20 21:59:44 Logged telemetry for Mock RTX 4080 on gpu-1
2025/09/20 21:59:45 No jobs in queue. Predicting idle period. Sending sleep command.
2025/09/20 21:59:45 Would send sleep command to GPU agent
2025/09/20 21:59:46 Logged telemetry for Mock RTX 4080 on gpu-1
2025/09/20 21:59:46 Logged telemetry for Mock RTX 4090 on gpu-0
2025/09/20 21:59:46 Logged telemetry for Mock RTX 4070 on gpu-2
2025/09/20 21:59:48 Logged telemetry for Mock RTX 4090 on gpu-0
2025/09/20 21:59:48 Logged telemetry for Mock RTX 4070 on gpu-2
2025/09/20 21:59:48 Logged telemetry for Mock RTX 4080 on gpu-1
2025/09/20 21:59:50 No jobs in queue. Predicting idle period. Sending sleep command.
2025/09/20 21:59:50 Would send sleep command to GPU agent
2025/09/20 21:59:50 Logged telemetry for Mock RTX 4080 on gpu-1
2025/09/20 21:59:50 Logged telemetry for Mock RTX 4090 on gpu-0
2025/09/20 21:59:50 Logged telemetry for Mock RTX 4070 on gpu-2
2025/09/20 21:59:52 Logged telemetry for Mock RTX 4070 on gpu-2
2025/09/20 21:59:52 Logged telemetry for Mock RTX 4080 on gpu-1
2025/09/20 21:59:52 Logged telemetry for Mock RTX 4090 on gpu-0
2025/09/20 21:59:54 Logged telemetry for Mock RTX 4070 on gpu-2
2025/09/20 21:59:54 Logged telemetry for Mock RTX 4090 on gpu-0
2025/09/20 21:59:54 Logged telemetry for Mock RTX 4080 on gpu-1
2025/09/20 21:59:55 No jobs in queue. Predicting idle period. Sending sleep command.
2025/09/20 21:59:55 Would send sleep command to GPU agent
2025/09/20 21:59:56 Logged telemetry for Mock RTX 4080 on gpu-1
2025/09/20 21:59:56 Logged telemetry for Mock RTX 4070 on gpu-2
2025/09/20 21:59:56 Logged telemetry for Mock RTX 4090 on gpu-0
2025/09/20 21:59:58 Logged telemetry for Mock RTX 4080 on gpu-1
2025/09/20 21:59:58 Logged telemetry for Mock RTX 4090 on gpu-0
2025/09/20 21:59:58 Logged telemetry for Mock RTX 4070 on gpu-2
2025/09/20 22:00:00 No jobs in queue. Predicting idle period. Sending sleep command.
2025/09/20 22:00:00 Would send sleep command to GPU agent
2025/09/20 22:00:00 Logged telemetry for Mock RTX 4070 on gpu-2
2025/09/20 22:00:00 Logged telemetry for Mock RTX 4080 on gpu-1
2025/09/20 22:00:00 Logged telemetry for Mock RTX 4090 on gpu-0
2025/09/20 22:00:02 Logged telemetry for Mock RTX 4090 on gpu-0
2025/09/20 22:00:02 Logged telemetry for Mock RTX 4070 on gpu-2
2025/09/20 22:00:02 Logged telemetry for Mock RTX 4080 on gpu-1
2025/09/20 22:00:04 Logged telemetry for Mock RTX 4080 on gpu-1
2025/09/20 22:00:04 Logged telemetry for Mock RTX 4090 on gpu-0
2025/09/20 22:00:04 Logged telemetry for Mock RTX 4070 on gpu-2
2025/09/20 22:00:05 No jobs in queue. Predicting idle period. Sending sleep command.
2025/09/20 22:00:05 Would send sleep command to GPU agent
2025/09/20 22:00:06 Logged telemetry for Mock RTX 4070 on gpu-2
2025/09/20 22:00:06 Logged telemetry for Mock RTX 4080 on gpu-1
2025/09/20 22:00:06 Logged telemetry for Mock RTX 4090 on gpu-0
2025/09/20 22:00:08 Logged telemetry for Mock RTX 4090 on gpu-0
2025/09/20 22:00:08 Logged telemetry for Mock RTX 4070 on gpu-2
2025/09/20 22:00:08 Logged telemetry for Mock RTX 4080 on gpu-1
2025/09/20 22:00:10 No jobs in queue. Predicting idle period. Sending sleep command.
2025/09/20 22:00:10 Would send sleep command to GPU agent
2025/09/20 22:00:10 Logged telemetry for Mock RTX 4080 on gpu-1
2025/09/20 22:00:10 Logged telemetry for Mock RTX 4090 on gpu-0
2025/09/20 22:00:10 Logged telemetry for Mock RTX 4070 on gpu-2
2025/09/20 22:00:12 Logged telemetry for Mock RTX 4070 on gpu-2
2025/09/20 22:00:12 Logged telemetry for Mock RTX 4080 on gpu-1
2025/09/20 22:00:12 Logged telemetry for Mock RTX 4090 on gpu-0
2025/09/20 22:00:14 Logged telemetry for Mock RTX 4090 on gpu-0
2025/09/20 22:00:14 Logged telemetry for Mock RTX 4080 on gpu-1
2025/09/20 22:00:14 Logged telemetry for Mock RTX 4070 on gpu-2
2025/09/20 22:00:15 No jobs in queue. Predicting idle period. Sending sleep command.
2025/09/20 22:00:15 Would send sleep command to GPU agent
2025/09/20 22:00:16 Logged telemetry for Mock RTX 4070 on gpu-2
2025/09/20 22:00:16 Logged telemetry for Mock RTX 4090 on gpu-0
2025/09/20 22:00:16 Logged telemetry for Mock RTX 4080 on gpu-1
2025/09/20 22:00:18 Logged telemetry for Mock RTX 4080 on gpu-1
2025/09/20 22:00:18 Logged telemetry for Mock RTX 4070 on gpu-2
2025/09/20 22:00:18 Logged telemetry for Mock RTX 4090 on gpu-0
2025/09/20 22:00:20 No jobs in queue. Predicting idle period. Sending sleep command.
2025/09/20 22:00:20 Would send sleep command to GPU agent
2025/09/20 22:00:20 Logged telemetry for Mock RTX 4090 on gpu-0
2025/09/20 22:00:20 Logged telemetry for Mock RTX 4080 on gpu-1
2025/09/20 22:00:20 Logged telemetry for Mock RTX 4070 on gpu-2
2025/09/20 22:00:22 Logged telemetry for Mock RTX 4070 on gpu-2
2025/09/20 22:00:22 Logged telemetry for Mock RTX 4090 on gpu-0
2025/09/20 22:00:22 Logged telemetry for Mock RTX 4080 on gpu-1
2025/09/20 22:00:24 Logged telemetry for Mock RTX 4080 on gpu-1
2025/09/20 22:00:24 Logged telemetry for Mock RTX 4070 on gpu-2
2025/09/20 22:00:24 Logged telemetry for Mock RTX 4090 on gpu-0
2025/09/20 22:00:25 No jobs in queue. Predicting idle period. Sending sleep command.
2025/09/20 22:00:25 Would send sleep command to GPU agent
2025/09/20 22:00:26 Logged telemetry for Mock RTX 4090 on gpu-0
2025/09/20 22:00:26 Logged telemetry for Mock RTX 4080 on gpu-1
2025/09/20 22:00:26 Logged telemetry for Mock RTX 4070 on gpu-2
2025/09/20 22:00:28 Logged telemetry for Mock RTX 4070 on gpu-2
2025/09/20 22:00:28 Logged telemetry for Mock RTX 4090 on gpu-0
2025/09/20 22:00:28 Logged telemetry for Mock RTX 4080 on gpu-1
2025/09/20 22:00:30 No jobs in queue. Predicting idle period. Sending sleep command.
2025/09/20 22:00:30 Would send sleep command to GPU agent
2025/09/20 22:00:30 Logged telemetry for Mock RTX 4080 on gpu-1
2025/09/20 22:00:30 Logged telemetry for Mock RTX 4070 on gpu-2
2025/09/20 22:00:30 Logged telemetry for Mock RTX 4090 on gpu-0
2025/09/20 22:00:32 Logged telemetry for Mock RTX 4090 on gpu-0
2025/09/20 22:00:32 Logged telemetry for Mock RTX 4080 on gpu-1
2025/09/20 22:00:32 Logged telemetry for Mock RTX 4070 on gpu-2
2025/09/20 22:00:34 Logged telemetry for Mock RTX 4070 on gpu-2
2025/09/20 22:00:34 Logged telemetry for Mock RTX 4090 on gpu-0
2025/09/20 22:00:34 Logged telemetry for Mock RTX 4080 on gpu-1
2025/09/20 22:00:35 No jobs in queue. Predicting idle period. Sending sleep command.
2025/09/20 22:00:35 Would send sleep command to GPU agent
2025/09/20 22:00:36 Logged telemetry for Mock RTX 4080 on gpu-1
2025/09/20 22:00:36 Logged telemetry for Mock RTX 4070 on gpu-2
2025/09/20 22:00:36 Logged telemetry for Mock RTX 4090 on gpu-0
2025/09/20 22:00:38 Logged telemetry for Mock RTX 4090 on gpu-0
2025/09/20 22:00:38 Logged telemetry for Mock RTX 4080 on gpu-1
2025/09/20 22:00:38 Logged telemetry for Mock RTX 4070 on gpu-2
2025/09/20 22:00:40 No jobs in queue. Predicting idle period. Sending sleep command.
2025/09/20 22:00:40 Would send sleep command to GPU agent
2025/09/20 22:00:40 Logged telemetry for Mock RTX 4090 on gpu-0
2025/09/20 22:00:40 Logged telemetry for Mock RTX 4070 on gpu-2
2025/09/20 22:00:40 Logged telemetry for Mock RTX 4080 on gpu-1
2025/09/20 22:00:42 Logged telemetry for Mock RTX 4080 on gpu-1
2025/09/20 22:00:42 Logged telemetry for Mock RTX 4070 on gpu-2
2025/09/20 22:00:42 Logged telemetry for Mock RTX 4090 on gpu-0
2025/09/20 22:00:44 Logged telemetry for Mock RTX 4090 on gpu-0
2025/09/20 22:00:44 Logged telemetry for Mock RTX 4080 on gpu-1
2025/09/20 22:00:44 Logged telemetry for Mock RTX 4070 on gpu-2
2025/09/20 22:00:45 No jobs in queue. Predicting idle period. Sending sleep command.
2025/09/20 22:00:45 Would send sleep command to GPU agent
2025/09/20 22:00:46 Logged telemetry for Mock RTX 4090 on gpu-0
2025/09/20 22:00:46 Logged telemetry for Mock RTX 4070 on gpu-2
2025/09/20 22:00:46 Logged telemetry for Mock RTX 4080 on gpu-1
2025/09/20 22:00:48 Logged telemetry for Mock RTX 4080 on gpu-1
2025/09/20 22:00:48 Logged telemetry for Mock RTX 4070 on gpu-2
2025/09/20 22:00:48 Logged telemetry for Mock RTX 4090 on gpu-0
2025/09/20 22:00:50 No jobs in queue. Predicting idle period. Sending sleep command.
2025/09/20 22:00:50 Would send sleep command to GPU agent
2025/09/20 22:00:50 Logged telemetry for Mock RTX 4090 on gpu-0
2025/09/20 22:00:50 Logged telemetry for Mock RTX 4080 on gpu-1
2025/09/20 22:00:50 Logged telemetry for Mock RTX 4070 on gpu-2
2025/09/20 22:00:52 Logged telemetry for Mock RTX 4070 on gpu-2
2025/09/20 22:00:52 Logged telemetry for Mock RTX 4090 on gpu-0
2025/09/20 22:00:52 Logged telemetry for Mock RTX 4080 on gpu-1
2025/09/20 22:00:54 Logged telemetry for Mock RTX 4080 on gpu-1
2025/09/20 22:00:54 Logged telemetry for Mock RTX 4070 on gpu-2
2025/09/20 22:00:54 Logged telemetry for Mock RTX 4090 on gpu-0
2025/09/20 22:00:55 No jobs in queue. Predicting idle period. Sending sleep command.
2025/09/20 22:00:55 Would send sleep command to GPU agent
2025/09/20 22:00:56 Logged telemetry for Mock RTX 4080 on gpu-1
2025/09/20 22:00:56 Logged telemetry for Mock RTX 4090 on gpu-0
2025/09/20 22:00:56 Logged telemetry for Mock RTX 4070 on gpu-2
2025/09/20 22:00:58 Logged telemetry for Mock RTX 4070 on gpu-2
2025/09/20 22:00:58 Logged telemetry for Mock RTX 4090 on gpu-0
2025/09/20 22:00:58 Logged telemetry for Mock RTX 4080 on gpu-1
2025/09/20 22:01:00 No jobs in queue. Predicting idle period. Sending sleep command.
2025/09/20 22:01:00 Would send sleep command to GPU agent
2025/09/20 22:01:00 Logged telemetry for Mock RTX 4080 on gpu-1
2025/09/20 22:01:00 Logged telemetry for Mock RTX 4070 on gpu-2
2025/09/20 22:01:00 Logged telemetry for Mock RTX 4090 on gpu-0
2025/09/20 22:01:02 Logged telemetry for Mock RTX 4090 on gpu-0
2025/09/20 22:01:02 Logged telemetry for Mock RTX 4080 on gpu-1
2025/09/20 22:01:02 Logged telemetry for Mock RTX 4070 on gpu-2
2025/09/20 22:01:04 Logged telemetry for Mock RTX 4090 on gpu-0
2025/09/20 22:01:04 Logged telemetry for Mock RTX 4070 on gpu-2
2025/09/20 22:01:04 Logged telemetry for Mock RTX 4080 on gpu-1
2025/09/20 22:01:05 No jobs in queue. Predicting idle period. Sending sleep command.
2025/09/20 22:01:05 Would send sleep command to GPU agent
2025/09/20 22:01:06 Logged telemetry for Mock RTX 4080 on gpu-1
2025/09/20 22:01:06 Logged telemetry for Mock RTX 4090 on gpu-0
2025/09/20 22:01:06 Logged telemetry for Mock RTX 4070 on gpu-2
2025/09/20 22:01:08 Logged telemetry for Mock RTX 4090 on gpu-0
2025/09/20 22:01:08 Logged telemetry for Mock RTX 4070 on gpu-2
2025/09/20 22:01:08 Logged telemetry for Mock RTX 4080 on gpu-1
2025/09/20 22:01:10 No jobs in queue. Predicting idle period. Sending sleep command.
2025/09/20 22:01:10 Would send sleep command to GPU agent
2025/09/20 22:01:10 Logged telemetry for Mock RTX 4080 on gpu-1
2025/09/20 22:01:10 Logged telemetry for Mock RTX 4070 on gpu-2
2025/09/20 22:01:10 Logged telemetry for Mock RTX 4090 on gpu-0
2025/09/20 22:01:12 Logged telemetry for Mock RTX 4090 on gpu-0
2025/09/20 22:01:12 Logged telemetry for Mock RTX 4070 on gpu-2
2025/09/20 22:01:12 Logged telemetry for Mock RTX 4080 on gpu-1
2025/09/20 22:01:14 Logged telemetry for Mock RTX 4070 on gpu-2
2025/09/20 22:01:14 Logged telemetry for Mock RTX 4090 on gpu-0
2025/09/20 22:01:14 Logged telemetry for Mock RTX 4080 on gpu-1
2025/09/20 22:01:15 No jobs in queue. Predicting idle period. Sending sleep command.
2025/09/20 22:01:15 Would send sleep command to GPU agent
2025/09/20 22:01:16 Logged telemetry for Mock RTX 4080 on gpu-1
2025/09/20 22:01:16 Logged telemetry for Mock RTX 4090 on gpu-0
2025/09/20 22:01:16 Logged telemetry for Mock RTX 4070 on gpu-2
2025/09/20 22:01:18 Logged telemetry for Mock RTX 4080 on gpu-1
2025/09/20 22:01:18 Logged telemetry for Mock RTX 4070 on gpu-2
2025/09/20 22:01:18 Logged telemetry for Mock RTX 4090 on gpu-0
2025/09/20 22:01:20 No jobs in queue. Predicting idle period. Sending sleep command.
2025/09/20 22:01:20 Would send sleep command to GPU agent
2025/09/20 22:01:20 Logged telemetry for Mock RTX 4090 on gpu-0
2025/09/20 22:01:20 Logged telemetry for Mock RTX 4080 on gpu-1
2025/09/20 22:01:20 Logged telemetry for Mock RTX 4070 on gpu-2
2025/09/20 22:01:22 Logged telemetry for Mock RTX 4070 on gpu-2
2025/09/20 22:01:22 Logged telemetry for Mock RTX 4090 on gpu-0
2025/09/20 22:01:22 Logged telemetry for Mock RTX 4080 on gpu-1
2025/09/20 22:01:24 Logged telemetry for Mock RTX 4080 on gpu-1
2025/09/20 22:01:24 Logged telemetry for Mock RTX 4070 on gpu-2
2025/09/20 22:01:24 Logged telemetry for Mock RTX 4090 on gpu-0
2025/09/20 22:01:25 No jobs in queue. Predicting idle period. Sending sleep command.
2025/09/20 22:01:25 Would send sleep command to GPU agent
2025/09/20 22:01:26 Logged telemetry for Mock RTX 4090 on gpu-0
2025/09/20 22:01:26 Logged telemetry for Mock RTX 4080 on gpu-1
2025/09/20 22:01:26 Logged telemetry for Mock RTX 4070 on gpu-2
2025/09/20 22:01:28 Logged telemetry for Mock RTX 4070 on gpu-2
2025/09/20 22:01:28 Logged telemetry for Mock RTX 4090 on gpu-0
2025/09/20 22:01:28 Logged telemetry for Mock RTX 4080 on gpu-1
2025/09/20 22:01:30 No jobs in queue. Predicting idle period. Sending sleep command.
2025/09/20 22:01:30 Would send sleep command to GPU agent
2025/09/20 22:01:30 Logged telemetry for Mock RTX 4080 on gpu-1
2025/09/20 22:01:30 Logged telemetry for Mock RTX 4070 on gpu-2
2025/09/20 22:01:30 Logged telemetry for Mock RTX 4090 on gpu-0
2025/09/20 22:01:32 Logged telemetry for Mock RTX 4090 on gpu-0
2025/09/20 22:01:32 Logged telemetry for Mock RTX 4080 on gpu-1
2025/09/20 22:01:32 Logged telemetry for Mock RTX 4070 on gpu-2
2025/09/20 22:01:34 Logged telemetry for Mock RTX 4070 on gpu-2
2025/09/20 22:01:34 Logged telemetry for Mock RTX 4090 on gpu-0
2025/09/20 22:01:34 Logged telemetry for Mock RTX 4080 on gpu-1
2025/09/20 22:01:35 No jobs in queue. Predicting idle period. Sending sleep command.
2025/09/20 22:01:35 Would send sleep command to GPU agent
2025/09/20 22:01:36 Logged telemetry for Mock RTX 4080 on gpu-1
2025/09/20 22:01:36 Logged telemetry for Mock RTX 4070 on gpu-2
2025/09/20 22:01:36 Logged telemetry for Mock RTX 4090 on gpu-0
2025/09/20 22:01:38 Logged telemetry for Mock RTX 4090 on gpu-0
2025/09/20 22:01:38 Logged telemetry for Mock RTX 4080 on gpu-1
2025/09/20 22:01:38 Logged telemetry for Mock RTX 4070 on gpu-2
2025/09/20 22:01:40 No jobs in queue. Predicting idle period. Sending sleep command.
2025/09/20 22:01:40 Would send sleep command to GPU agent
2025/09/20 22:01:40 Logged telemetry for Mock RTX 4080 on gpu-1
2025/09/20 22:01:40 Logged telemetry for Mock RTX 4090 on gpu-0
2025/09/20 22:01:40 Logged telemetry for Mock RTX 4070 on gpu-2
2025/09/20 22:01:42 Logged telemetry for Mock RTX 4070 on gpu-2
2025/09/20 22:01:42 Logged telemetry for Mock RTX 4080 on gpu-1
2025/09/20 22:01:42 Logged telemetry for Mock RTX 4090 on gpu-0
2025/09/20 22:01:44 Logged telemetry for Mock RTX 4090 on gpu-0
2025/09/20 22:01:44 Logged telemetry for Mock RTX 4070 on gpu-2
2025/09/20 22:01:44 Logged telemetry for Mock RTX 4080 on gpu-1
2025/09/20 22:01:45 No jobs in queue. Predicting idle period. Sending sleep command.
2025/09/20 22:01:45 Would send sleep command to GPU agent
2025/09/20 22:01:46 Logged telemetry for Mock RTX 4080 on gpu-1
2025/09/20 22:01:46 Logged telemetry for Mock RTX 4070 on gpu-2
2025/09/20 22:01:46 Logged telemetry for Mock RTX 4090 on gpu-0
2025/09/20 22:01:48 Logged telemetry for Mock RTX 4090 on gpu-0
2025/09/20 22:01:48 Logged telemetry for Mock RTX 4080 on gpu-1
2025/09/20 22:01:48 Logged telemetry for Mock RTX 4070 on gpu-2
2025/09/20 22:01:50 No jobs in queue. Predicting idle period. Sending sleep command.
2025/09/20 22:01:50 Would send sleep command to GPU agent
2025/09/20 22:01:50 Logged telemetry for Mock RTX 4090 on gpu-0
2025/09/20 22:01:50 Logged telemetry for Mock RTX 4070 on gpu-2
2025/09/20 22:01:50 Logged telemetry for Mock RTX 4080 on gpu-1
2025/09/20 22:01:52 Logged telemetry for Mock RTX 4080 on gpu-1
2025/09/20 22:01:52 Logged telemetry for Mock RTX 4070 on gpu-2
2025/09/20 22:01:52 Logged telemetry for Mock RTX 4090 on gpu-0
2025/09/20 22:01:54 Logged telemetry for Mock RTX 4090 on gpu-0
2025/09/20 22:01:54 Logged telemetry for Mock RTX 4080 on gpu-1
2025/09/20 22:01:54 Logged telemetry for Mock RTX 4070 on gpu-2
2025/09/20 22:01:55 No jobs in queue. Predicting idle period. Sending sleep command.
2025/09/20 22:01:55 Would send sleep command to GPU agent
2025/09/20 22:01:56 Logged telemetry for Mock RTX 4070 on gpu-2
2025/09/20 22:01:56 Logged telemetry for Mock RTX 4090 on gpu-0
2025/09/20 22:01:56 Logged telemetry for Mock RTX 4080 on gpu-1
2025/09/20 22:01:58 Logged telemetry for Mock RTX 4080 on gpu-1
2025/09/20 22:01:58 Logged telemetry for Mock RTX 4070 on gpu-2
2025/09/20 22:01:58 Logged telemetry for Mock RTX 4090 on gpu-0
2025/09/20 22:02:00 No jobs in queue. Predicting idle period. Sending sleep command.
2025/09/20 22:02:00 Would send sleep command to GPU agent
2025/09/20 22:02:00 Logged telemetry for Mock RTX 4080 on gpu-1
2025/09/20 22:02:00 Logged telemetry for Mock RTX 4090 on gpu-0
2025/09/20 22:02:00 Logged telemetry for Mock RTX 4070 on gpu-2
2025/09/20 22:02:02 Logged telemetry for Mock RTX 4070 on gpu-2
2025/09/20 22:02:02 Logged telemetry for Mock RTX 4080 on gpu-1
2025/09/20 22:02:02 Logged telemetry for Mock RTX 4090 on gpu-0
2025/09/20 22:02:04 Logged telemetry for Mock RTX 4090 on gpu-0
2025/09/20 22:02:04 Logged telemetry for Mock RTX 4070 on gpu-2
2025/09/20 22:02:04 Logged telemetry for Mock RTX 4080 on gpu-1
2025/09/20 22:02:05 No jobs in queue. Predicting idle period. Sending sleep command.
2025/09/20 22:02:05 Would send sleep command to GPU agent
2025/09/20 22:02:06 Logged telemetry for Mock RTX 4080 on gpu-1
2025/09/20 22:02:06 Logged telemetry for Mock RTX 4090 on gpu-0
2025/09/20 22:02:06 Logged telemetry for Mock RTX 4070 on gpu-2
2025/09/20 22:02:08 Logged telemetry for Mock RTX 4070 on gpu-2
2025/09/20 22:02:08 Logged telemetry for Mock RTX 4080 on gpu-1
2025/09/20 22:02:08 Logged telemetry for Mock RTX 4090 on gpu-0
2025/09/20 22:02:10 No jobs in queue. Predicting idle period. Sending sleep command.
2025/09/20 22:02:10 Would send sleep command to GPU agent
2025/09/20 22:02:10 Logged telemetry for Mock RTX 4090 on gpu-0
2025/09/20 22:02:10 Logged telemetry for Mock RTX 4070 on gpu-2
2025/09/20 22:02:10 Logged telemetry for Mock RTX 4080 on gpu-1
2025/09/20 22:02:12 Logged telemetry for Mock RTX 4080 on gpu-1
2025/09/20 22:02:12 Logged telemetry for Mock RTX 4090 on gpu-0
2025/09/20 22:02:12 Logged telemetry for Mock RTX 4070 on gpu-2
2025/09/20 22:02:14 Logged telemetry for Mock RTX 4070 on gpu-2
2025/09/20 22:02:14 Logged telemetry for Mock RTX 4080 on gpu-1
2025/09/20 22:02:14 Logged telemetry for Mock RTX 4090 on gpu-0
2025/09/20 22:02:15 No jobs in queue. Predicting idle period. Sending sleep command.
2025/09/20 22:02:15 Would send sleep command to GPU agent
2025/09/20 22:02:16 Logged telemetry for Mock RTX 4090 on gpu-0
2025/09/20 22:02:16 Logged telemetry for Mock RTX 4080 on gpu-1
2025/09/20 22:02:16 Logged telemetry for Mock RTX 4070 on gpu-2
2025/09/20 22:02:18 Logged telemetry for Mock RTX 4090 on gpu-0
2025/09/20 22:02:18 Logged telemetry for Mock RTX 4080 on gpu-1
2025/09/20 22:02:18 Logged telemetry for Mock RTX 4070 on gpu-2
2025/09/20 22:02:20 No jobs in queue. Predicting idle period. Sending sleep command.
2025/09/20 22:02:20 Would send sleep command to GPU agent
2025/09/20 22:02:20 Logged telemetry for Mock RTX 4070 on gpu-2
2025/09/20 22:02:20 Logged telemetry for Mock RTX 4090 on gpu-0
2025/09/20 22:02:20 Logged telemetry for Mock RTX 4080 on gpu-1
2025/09/20 22:02:22 Logged telemetry for Mock RTX 4080 on gpu-1
2025/09/20 22:02:22 Logged telemetry for Mock RTX 4070 on gpu-2
2025/09/20 22:02:22 Logged telemetry for Mock RTX 4090 on gpu-0
2025/09/20 22:02:24 Logged telemetry for Mock RTX 4090 on gpu-0
2025/09/20 22:02:24 Logged telemetry for Mock RTX 4070 on gpu-2
2025/09/20 22:02:24 Logged telemetry for Mock RTX 4080 on gpu-1
2025/09/20 22:02:25 No jobs in queue. Predicting idle period. Sending sleep command.
2025/09/20 22:02:25 Would send sleep command to GPU agent
2025/09/20 22:02:26 Logged telemetry for Mock RTX 4080 on gpu-1
2025/09/20 22:02:26 Logged telemetry for Mock RTX 4090 on gpu-0
2025/09/20 22:02:26 Logged telemetry for Mock RTX 4070 on gpu-2
2025/09/20 22:02:28 Logged telemetry for Mock RTX 4080 on gpu-1
2025/09/20 22:02:28 Logged telemetry for Mock RTX 4070 on gpu-2
2025/09/20 22:02:28 Logged telemetry for Mock RTX 4090 on gpu-0
2025/09/20 22:02:30 No jobs in queue. Predicting idle period. Sending sleep command.
2025/09/20 22:02:30 Would send sleep command to GPU agent
2025/09/20 22:02:30 Logged telemetry for Mock RTX 4090 on gpu-0
2025/09/20 22:02:30 Logged telemetry for Mock RTX 4070 on gpu-2
2025/09/20 22:02:30 Logged telemetry for Mock RTX 4080 on gpu-1
2025/09/20 22:02:32 Logged telemetry for Mock RTX 4080 on gpu-1
2025/09/20 22:02:32 Logged telemetry for Mock RTX 4090 on gpu-0
2025/09/20 22:02:32 Logged telemetry for Mock RTX 4070 on gpu-2
2025/09/20 22:02:34 Logged telemetry for Mock RTX 4070 on gpu-2
2025/09/20 22:02:34 Logged telemetry for Mock RTX 4080 on gpu-1
2025/09/20 22:02:34 Logged telemetry for Mock RTX 4090 on gpu-0
2025/09/20 22:02:35 No jobs in queue. Predicting idle period. Sending sleep command.
2025/09/20 22:02:35 Would send sleep command to GPU agent
2025/09/20 22:02:36 Logged telemetry for Mock RTX 4090 on gpu-0
2025/09/20 22:02:36 Logged telemetry for Mock RTX 4070 on gpu-2
2025/09/20 22:02:36 Logged telemetry for Mock RTX 4080 on gpu-1
2025/09/20 22:02:38 Logged telemetry for Mock RTX 4080 on gpu-1
2025/09/20 22:02:38 Logged telemetry for Mock RTX 4090 on gpu-0
2025/09/20 22:02:38 Logged telemetry for Mock RTX 4070 on gpu-2
2025/09/20 22:02:40 No jobs in queue. Predicting idle period. Sending sleep command.
2025/09/20 22:02:40 Would send sleep command to GPU agent
2025/09/20 22:02:40 Logged telemetry for Mock RTX 4070 on gpu-2
2025/09/20 22:02:40 Logged telemetry for Mock RTX 4080 on gpu-1
2025/09/20 22:02:40 Logged telemetry for Mock RTX 4090 on gpu-0
2025/09/20 22:02:42 Logged telemetry for Mock RTX 4070 on gpu-2
2025/09/20 22:02:42 Logged telemetry for Mock RTX 4090 on gpu-0
2025/09/20 22:02:42 Logged telemetry for Mock RTX 4080 on gpu-1
2025/09/20 22:02:44 Logged telemetry for Mock RTX 4080 on gpu-1
2025/09/20 22:02:44 Logged telemetry for Mock RTX 4070 on gpu-2
2025/09/20 22:02:44 Logged telemetry for Mock RTX 4090 on gpu-0
2025/09/20 22:02:45 No jobs in queue. Predicting idle period. Sending sleep command.
2025/09/20 22:02:45 Would send sleep command to GPU agent
2025/09/20 22:02:46 Logged telemetry for Mock RTX 4090 on gpu-0
2025/09/20 22:02:46 Logged telemetry for Mock RTX 4080 on gpu-1
2025/09/20 22:02:46 Logged telemetry for Mock RTX 4070 on gpu-2
2025/09/20 22:02:48 Logged telemetry for Mock RTX 4070 on gpu-2
2025/09/20 22:02:48 Logged telemetry for Mock RTX 4090 on gpu-0
2025/09/20 22:02:48 Logged telemetry for Mock RTX 4080 on gpu-1
2025/09/20 22:02:50 No jobs in queue. Predicting idle period. Sending sleep command.
2025/09/20 22:02:50 Would send sleep command to GPU agent
2025/09/20 22:02:50 Logged telemetry for Mock RTX 4070 on gpu-2
2025/09/20 22:02:50 Logged telemetry for Mock RTX 4080 on gpu-1
2025/09/20 22:02:50 Logged telemetry for Mock RTX 4090 on gpu-0
2025/09/20 22:02:52 Logged telemetry for Mock RTX 4070 on gpu-2
2025/09/20 22:02:52 Logged telemetry for Mock RTX 4080 on gpu-1
2025/09/20 22:02:52 Logged telemetry for Mock RTX 4090 on gpu-0
2025/09/20 22:02:54 Logged telemetry for Mock RTX 4090 on gpu-0
2025/09/20 22:02:54 Logged telemetry for Mock RTX 4070 on gpu-2
2025/09/20 22:02:54 Logged telemetry for Mock RTX 4080 on gpu-1
2025/09/20 22:02:55 No jobs in queue. Predicting idle period. Sending sleep command.
2025/09/20 22:02:55 Would send sleep command to GPU agent
2025/09/20 22:02:56 Logged telemetry for Mock RTX 4080 on gpu-1
2025/09/20 22:02:56 Logged telemetry for Mock RTX 4090 on gpu-0
2025/09/20 22:02:56 Logged telemetry for Mock RTX 4070 on gpu-2
2025/09/20 22:02:58 Logged telemetry for Mock RTX 4070 on gpu-2
2025/09/20 22:02:58 Logged telemetry for Mock RTX 4090 on gpu-0
2025/09/20 22:02:58 Logged telemetry for Mock RTX 4080 on gpu-1
2025/09/20 22:03:00 No jobs in queue. Predicting idle period. Sending sleep command.
2025/09/20 22:03:00 Would send sleep command to GPU agent
2025/09/20 22:03:00 Logged telemetry for Mock RTX 4080 on gpu-1
2025/09/20 22:03:00 Logged telemetry for Mock RTX 4070 on gpu-2
2025/09/20 22:03:00 Logged telemetry for Mock RTX 4090 on gpu-0
2025/09/20 22:03:02 Logged telemetry for Mock RTX 4090 on gpu-0
2025/09/20 22:03:02 Logged telemetry for Mock RTX 4080 on gpu-1
2025/09/20 22:03:02 Logged telemetry for Mock RTX 4070 on gpu-2
2025/09/20 22:03:04 Logged telemetry for Mock RTX 4070 on gpu-2
2025/09/20 22:03:04 Logged telemetry for Mock RTX 4080 on gpu-1
2025/09/20 22:03:04 Logged telemetry for Mock RTX 4090 on gpu-0
2025/09/20 22:03:05 No jobs in queue. Predicting idle period. Sending sleep command.
2025/09/20 22:03:05 Would send sleep command to GPU agent
2025/09/20 22:03:06 Logged telemetry for Mock RTX 4090 on gpu-0
2025/09/20 22:03:06 Logged telemetry for Mock RTX 4080 on gpu-1
2025/09/20 22:03:06 Logged telemetry for Mock RTX 4070 on gpu-2
2025/09/20 22:03:08 Logged telemetry for Mock RTX 4070 on gpu-2
2025/09/20 22:03:08 Logged telemetry for Mock RTX 4090 on gpu-0
2025/09/20 22:03:08 Logged telemetry for Mock RTX 4080 on gpu-1
2025/09/20 22:03:10 No jobs in queue. Predicting idle period. Sending sleep command.
2025/09/20 22:03:10 Would send sleep command to GPU agent
2025/09/20 22:03:10 Logged telemetry for Mock RTX 4080 on gpu-1
2025/09/20 22:03:10 Logged telemetry for Mock RTX 4070 on gpu-2
2025/09/20 22:03:10 Logged telemetry for Mock RTX 4090 on gpu-0
2025/09/20 22:03:12 Logged telemetry for Mock RTX 4090 on gpu-0
2025/09/20 22:03:12 Logged telemetry for Mock RTX 4080 on gpu-1
2025/09/20 22:03:12 Logged telemetry for Mock RTX 4070 on gpu-2
2025/09/20 22:03:14 Logged telemetry for Mock RTX 4070 on gpu-2
2025/09/20 22:03:14 Logged telemetry for Mock RTX 4090 on gpu-0
2025/09/20 22:03:14 Logged telemetry for Mock RTX 4080 on gpu-1
2025/09/20 22:03:15 No jobs in queue. Predicting idle period. Sending sleep command.
2025/09/20 22:03:15 Would send sleep command to GPU agent
2025/09/20 22:03:16 Logged telemetry for Mock RTX 4080 on gpu-1
2025/09/20 22:03:16 Logged telemetry for Mock RTX 4070 on gpu-2
2025/09/20 22:03:16 Logged telemetry for Mock RTX 4090 on gpu-0
2025/09/20 22:03:18 Logged telemetry for Mock RTX 4090 on gpu-0
2025/09/20 22:03:18 Logged telemetry for Mock RTX 4080 on gpu-1
2025/09/20 22:03:18 Logged telemetry for Mock RTX 4070 on gpu-2
2025/09/20 22:03:20 No jobs in queue. Predicting idle period. Sending sleep command.
2025/09/20 22:03:20 Would send sleep command to GPU agent
2025/09/20 22:03:20 Logged telemetry for Mock RTX 4070 on gpu-2
2025/09/20 22:03:20 Logged telemetry for Mock RTX 4090 on gpu-0
2025/09/20 22:03:20 Logged telemetry for Mock RTX 4080 on gpu-1
2025/09/20 22:03:22 Logged telemetry for Mock RTX 4070 on gpu-2
2025/09/20 22:03:22 Logged telemetry for Mock RTX 4080 on gpu-1
2025/09/20 22:03:22 Logged telemetry for Mock RTX 4090 on gpu-0
2025/09/20 22:03:24 Logged telemetry for Mock RTX 4090 on gpu-0
2025/09/20 22:03:24 Logged telemetry for Mock RTX 4070 on gpu-2
2025/09/20 22:03:24 Logged telemetry for Mock RTX 4080 on gpu-1
2025/09/20 22:03:25 No jobs in queue. Predicting idle period. Sending sleep command.
2025/09/20 22:03:25 Would send sleep command to GPU agent
2025/09/20 22:03:26 Logged telemetry for Mock RTX 4090 on gpu-0
2025/09/20 22:03:26 Logged telemetry for Mock RTX 4080 on gpu-1
2025/09/20 22:03:26 Logged telemetry for Mock RTX 4070 on gpu-2
2025/09/20 22:03:28 Logged telemetry for Mock RTX 4070 on gpu-2
2025/09/20 22:03:28 Logged telemetry for Mock RTX 4080 on gpu-1
2025/09/20 22:03:28 Logged telemetry for Mock RTX 4090 on gpu-0
2025/09/20 22:03:30 No jobs in queue. Predicting idle period. Sending sleep command.
2025/09/20 22:03:30 Would send sleep command to GPU agent
2025/09/20 22:03:30 Logged telemetry for Mock RTX 4090 on gpu-0
2025/09/20 22:03:30 Logged telemetry for Mock RTX 4070 on gpu-2
2025/09/20 22:03:30 Logged telemetry for Mock RTX 4080 on gpu-1
2025/09/20 22:03:32 Logged telemetry for Mock RTX 4080 on gpu-1
2025/09/20 22:03:32 Logged telemetry for Mock RTX 4090 on gpu-0
2025/09/20 22:03:32 Logged telemetry for Mock RTX 4070 on gpu-2
2025/09/20 22:03:34 Logged telemetry for Mock RTX 4070 on gpu-2
2025/09/20 22:03:34 Logged telemetry for Mock RTX 4080 on gpu-1
2025/09/20 22:03:34 Logged telemetry for Mock RTX 4090 on gpu-0
2025/09/20 22:03:35 No jobs in queue. Predicting idle period. Sending sleep command.
2025/09/20 22:03:35 Would send sleep command to GPU agent
2025/09/20 22:03:36 Logged telemetry for Mock RTX 4090 on gpu-0
2025/09/20 22:03:36 Logged telemetry for Mock RTX 4070 on gpu-2
2025/09/20 22:03:36 Logged telemetry for Mock RTX 4080 on gpu-1
2025/09/20 22:03:38 Logged telemetry for Mock RTX 4080 on gpu-1
2025/09/20 22:03:38 Logged telemetry for Mock RTX 4090 on gpu-0
2025/09/20 22:03:38 Logged telemetry for Mock RTX 4070 on gpu-2
2025/09/20 22:03:40 No jobs in queue. Predicting idle period. Sending sleep command.
2025/09/20 22:03:40 Would send sleep command to GPU agent
2025/09/20 22:03:40 Logged telemetry for Mock RTX 4070 on gpu-2
2025/09/20 22:03:40 Logged telemetry for Mock RTX 4080 on gpu-1
2025/09/20 22:03:40 Logged telemetry for Mock RTX 4090 on gpu-0
2025/09/20 22:03:42 Logged telemetry for Mock RTX 4090 on gpu-0
2025/09/20 22:03:42 Logged telemetry for Mock RTX 4080 on gpu-1
2025/09/20 22:03:42 Logged telemetry for Mock RTX 4070 on gpu-2
2025/09/20 22:03:44 Logged telemetry for Mock RTX 4070 on gpu-2
2025/09/20 22:03:44 Logged telemetry for Mock RTX 4090 on gpu-0
2025/09/20 22:03:44 Logged telemetry for Mock RTX 4080 on gpu-1
2025/09/20 22:03:45 No jobs in queue. Predicting idle period. Sending sleep command.
2025/09/20 22:03:45 Would send sleep command to GPU agent
2025/09/20 22:03:46 Logged telemetry for Mock RTX 4070 on gpu-2
2025/09/20 22:03:46 Logged telemetry for Mock RTX 4080 on gpu-1
2025/09/20 22:03:46 Logged telemetry for Mock RTX 4090 on gpu-0
2025/09/20 22:03:48 Logged telemetry for Mock RTX 4090 on gpu-0
2025/09/20 22:03:48 Logged telemetry for Mock RTX 4070 on gpu-2
2025/09/20 22:03:48 Logged telemetry for Mock RTX 4080 on gpu-1
2025/09/20 22:03:50 No jobs in queue. Predicting idle period. Sending sleep command.
2025/09/20 22:03:50 Would send sleep command to GPU agent
2025/09/20 22:03:50 Logged telemetry for Mock RTX 4080 on gpu-1
2025/09/20 22:03:50 Logged telemetry for Mock RTX 4090 on gpu-0
2025/09/20 22:03:50 Logged telemetry for Mock RTX 4070 on gpu-2
2025/09/20 22:03:52 Logged telemetry for Mock RTX 4090 on gpu-0
2025/09/20 22:03:52 Logged telemetry for Mock RTX 4080 on gpu-1
2025/09/20 22:03:52 Logged telemetry for Mock RTX 4070 on gpu-2
2025/09/20 22:03:54 Logged telemetry for Mock RTX 4070 on gpu-2
2025/09/20 22:03:54 Logged telemetry for Mock RTX 4090 on gpu-0
2025/09/20 22:03:54 Logged telemetry for Mock RTX 4080 on gpu-1
2025/09/20 22:03:55 No jobs in queue. Predicting idle period. Sending sleep command.
2025/09/20 22:03:55 Would send sleep command to GPU agent
2025/09/20 22:03:56 Logged telemetry for Mock RTX 4080 on gpu-1
2025/09/20 22:03:56 Logged telemetry for Mock RTX 4090 on gpu-0
2025/09/20 22:03:56 Logged telemetry for Mock RTX 4070 on gpu-2
2025/09/20 22:03:58 Logged telemetry for Mock RTX 4070 on gpu-2
2025/09/20 22:03:58 Logged telemetry for Mock RTX 4080 on gpu-1
2025/09/20 22:03:58 Logged telemetry for Mock RTX 4090 on gpu-0
2025/09/20 22:04:00 No jobs in queue. Predicting idle period. Sending sleep command.
2025/09/20 22:04:00 Would send sleep command to GPU agent
2025/09/20 22:04:00 Logged telemetry for Mock RTX 4090 on gpu-0
2025/09/20 22:04:00 Logged telemetry for Mock RTX 4070 on gpu-2
2025/09/20 22:04:00 Logged telemetry for Mock RTX 4080 on gpu-1
2025/09/20 22:04:02 Logged telemetry for Mock RTX 4080 on gpu-1
2025/09/20 22:04:02 Logged telemetry for Mock RTX 4070 on gpu-2
2025/09/20 22:04:02 Logged telemetry for Mock RTX 4090 on gpu-0
2025/09/20 22:04:04 Logged telemetry for Mock RTX 4090 on gpu-0
2025/09/20 22:04:04 Logged telemetry for Mock RTX 4080 on gpu-1
2025/09/20 22:04:04 Logged telemetry for Mock RTX 4070 on gpu-2
2025/09/20 22:04:05 No jobs in queue. Predicting idle period. Sending sleep command.
2025/09/20 22:04:05 Would send sleep command to GPU agent
2025/09/20 22:04:06 Logged telemetry for Mock RTX 4070 on gpu-2
2025/09/20 22:04:06 Logged telemetry for Mock RTX 4090 on gpu-0
2025/09/20 22:04:06 Logged telemetry for Mock RTX 4080 on gpu-1
2025/09/20 22:04:08 Logged telemetry for Mock RTX 4070 on gpu-2
2025/09/20 22:04:08 Logged telemetry for Mock RTX 4080 on gpu-1
2025/09/20 22:04:08 Logged telemetry for Mock RTX 4090 on gpu-0
2025/09/20 22:04:10 No jobs in queue. Predicting idle period. Sending sleep command.
2025/09/20 22:04:10 Would send sleep command to GPU agent
2025/09/20 22:04:10 Logged telemetry for Mock RTX 4090 on gpu-0
2025/09/20 22:04:10 Logged telemetry for Mock RTX 4070 on gpu-2
2025/09/20 22:04:10 Logged telemetry for Mock RTX 4080 on gpu-1
2025/09/20 22:04:12 Logged telemetry for Mock RTX 4070 on gpu-2
2025/09/20 22:04:12 Logged telemetry for Mock RTX 4090 on gpu-0
2025/09/20 22:04:12 Logged telemetry for Mock RTX 4080 on gpu-1
2025/09/20 22:04:14 Logged telemetry for Mock RTX 4080 on gpu-1
2025/09/20 22:04:14 Logged telemetry for Mock RTX 4090 on gpu-0
2025/09/20 22:04:14 Logged telemetry for Mock RTX 4070 on gpu-2
2025/09/20 22:04:15 No jobs in queue. Predicting idle period. Sending sleep command.
2025/09/20 22:04:15 Would send sleep command to GPU agent
2025/09/20 22:04:16 Logged telemetry for Mock RTX 4070 on gpu-2
2025/09/20 22:04:16 Logged telemetry for Mock RTX 4080 on gpu-1
2025/09/20 22:04:16 Logged telemetry for Mock RTX 4090 on gpu-0
2025/09/20 22:04:18 Logged telemetry for Mock RTX 4090 on gpu-0
2025/09/20 22:04:18 Logged telemetry for Mock RTX 4070 on gpu-2
2025/09/20 22:04:18 Logged telemetry for Mock RTX 4080 on gpu-1
2025/09/20 22:04:20 No jobs in queue. Predicting idle period. Sending sleep command.
2025/09/20 22:04:20 Would send sleep command to GPU agent
2025/09/20 22:04:20 Logged telemetry for Mock RTX 4080 on gpu-1
2025/09/20 22:04:20 Logged telemetry for Mock RTX 4090 on gpu-0
2025/09/20 22:04:20 Logged telemetry for Mock RTX 4070 on gpu-2
2025/09/20 22:04:22 Logged telemetry for Mock RTX 4070 on gpu-2
2025/09/20 22:04:22 Logged telemetry for Mock RTX 4080 on gpu-1
2025/09/20 22:04:22 Logged telemetry for Mock RTX 4090 on gpu-0
2025/09/20 22:04:24 Logged telemetry for Mock RTX 4070 on gpu-2
2025/09/20 22:04:24 Logged telemetry for Mock RTX 4090 on gpu-0
2025/09/20 22:04:24 Logged telemetry for Mock RTX 4080 on gpu-1
2025/09/20 22:04:25 No jobs in queue. Predicting idle period. Sending sleep command.
2025/09/20 22:04:25 Would send sleep command to GPU agent
2025/09/20 22:04:26 Logged telemetry for Mock RTX 4080 on gpu-1
2025/09/20 22:04:26 Logged telemetry for Mock RTX 4090 on gpu-0
2025/09/20 22:04:26 Logged telemetry for Mock RTX 4070 on gpu-2
2025/09/20 22:04:28 Logged telemetry for Mock RTX 4070 on gpu-2
2025/09/20 22:04:28 Logged telemetry for Mock RTX 4080 on gpu-1
2025/09/20 22:04:28 Logged telemetry for Mock RTX 4090 on gpu-0
2025/09/20 22:04:30 No jobs in queue. Predicting idle period. Sending sleep command.
2025/09/20 22:04:30 Would send sleep command to GPU agent
2025/09/20 22:04:30 Logged telemetry for Mock RTX 4090 on gpu-0
2025/09/20 22:04:30 Logged telemetry for Mock RTX 4070 on gpu-2
2025/09/20 22:04:30 Logged telemetry for Mock RTX 4080 on gpu-1
2025/09/20 22:04:32 Logged telemetry for Mock RTX 4080 on gpu-1
2025/09/20 22:04:32 Logged telemetry for Mock RTX 4090 on gpu-0
2025/09/20 22:04:32 Logged telemetry for Mock RTX 4070 on gpu-2
2025/09/20 22:04:34 Logged telemetry for Mock RTX 4070 on gpu-2
2025/09/20 22:04:34 Logged telemetry for Mock RTX 4080 on gpu-1
2025/09/20 22:04:34 Logged telemetry for Mock RTX 4090 on gpu-0
2025/09/20 22:04:35 No jobs in queue. Predicting idle period. Sending sleep command.
2025/09/20 22:04:35 Would send sleep command to GPU agent
2025/09/20 22:04:36 Logged telemetry for Mock RTX 4090 on gpu-0
2025/09/20 22:04:36 Logged telemetry for Mock RTX 4070 on gpu-2
2025/09/20 22:04:36 Logged telemetry for Mock RTX 4080 on gpu-1
2025/09/20 22:04:38 Logged telemetry for Mock RTX 4080 on gpu-1
2025/09/20 22:04:38 Logged telemetry for Mock RTX 4090 on gpu-0
2025/09/20 22:04:38 Logged telemetry for Mock RTX 4070 on gpu-2
2025/09/20 22:04:40 No jobs in queue. Predicting idle period. Sending sleep command.
2025/09/20 22:04:40 Would send sleep command to GPU agent
2025/09/20 22:04:40 Logged telemetry for Mock RTX 4070 on gpu-2
2025/09/20 22:04:40 Logged telemetry for Mock RTX 4080 on gpu-1
2025/09/20 22:04:40 Logged telemetry for Mock RTX 4090 on gpu-0
2025/09/20 22:04:42 Logged telemetry for Mock RTX 4090 on gpu-0
2025/09/20 22:04:42 Logged telemetry for Mock RTX 4070 on gpu-2
2025/09/20 22:04:42 Logged telemetry for Mock RTX 4080 on gpu-1
2025/09/20 22:04:44 Logged telemetry for Mock RTX 4080 on gpu-1
2025/09/20 22:04:44 Logged telemetry for Mock RTX 4090 on gpu-0
2025/09/20 22:04:44 Logged telemetry for Mock RTX 4070 on gpu-2
2025/09/20 22:04:45 No jobs in queue. Predicting idle period. Sending sleep command.
2025/09/20 22:04:45 Would send sleep command to GPU agent
2025/09/20 22:04:46 Logged telemetry for Mock RTX 4070 on gpu-2
2025/09/20 22:04:46 Logged telemetry for Mock RTX 4080 on gpu-1
2025/09/20 22:04:46 Logged telemetry for Mock RTX 4090 on gpu-0
2025/09/20 22:04:48 Logged telemetry for Mock RTX 4090 on gpu-0
2025/09/20 22:04:48 Logged telemetry for Mock RTX 4070 on gpu-2
2025/09/20 22:04:48 Logged telemetry for Mock RTX 4080 on gpu-1
2025/09/20 22:04:50 No jobs in queue. Predicting idle period. Sending sleep command.
2025/09/20 22:04:50 Would send sleep command to GPU agent
2025/09/20 22:04:50 Logged telemetry for Mock RTX 4080 on gpu-1
2025/09/20 22:04:50 Logged telemetry for Mock RTX 4090 on gpu-0
2025/09/20 22:04:50 Logged telemetry for Mock RTX 4070 on gpu-2
2025/09/20 22:04:52 Logged telemetry for Mock RTX 4070 on gpu-2
2025/09/20 22:04:52 Logged telemetry for Mock RTX 4080 on gpu-1
2025/09/20 22:04:52 Logged telemetry for Mock RTX 4090 on gpu-0
2025/09/20 22:04:54 Logged telemetry for Mock RTX 4090 on gpu-0
2025/09/20 22:04:54 Logged telemetry for Mock RTX 4070 on gpu-2
2025/09/20 22:04:54 Logged telemetry for Mock RTX 4080 on gpu-1
2025/09/20 22:04:55 No jobs in queue. Predicting idle period. Sending sleep command.
2025/09/20 22:04:55 Would send sleep command to GPU agent
2025/09/20 22:04:56 Logged telemetry for Mock RTX 4080 on gpu-1
2025/09/20 22:04:56 Logged telemetry for Mock RTX 4090 on gpu-0
2025/09/20 22:04:56 Logged telemetry for Mock RTX 4070 on gpu-2
2025/09/20 22:04:58 Logged telemetry for Mock RTX 4070 on gpu-2
2025/09/20 22:04:58 Logged telemetry for Mock RTX 4080 on gpu-1
2025/09/20 22:04:58 Logged telemetry for Mock RTX 4090 on gpu-0
2025/09/20 22:05:00 No jobs in queue. Predicting idle period. Sending sleep command.
2025/09/20 22:05:00 Would send sleep command to GPU agent
2025/09/20 22:05:00 Logged telemetry for Mock RTX 4080 on gpu-1
2025/09/20 22:05:00 Logged telemetry for Mock RTX 4090 on gpu-0
2025/09/20 22:05:00 Logged telemetry for Mock RTX 4070 on gpu-2
2025/09/20 22:05:02 Logged telemetry for Mock RTX 4070 on gpu-2
2025/09/20 22:05:02 Logged telemetry for Mock RTX 4090 on gpu-0
2025/09/20 22:05:02 Logged telemetry for Mock RTX 4080 on gpu-1
2025/09/20 22:05:04 Logged telemetry for Mock RTX 4080 on gpu-1
2025/09/20 22:05:04 Logged telemetry for Mock RTX 4070 on gpu-2
2025/09/20 22:05:04 Logged telemetry for Mock RTX 4090 on gpu-0
2025/09/20 22:05:05 No jobs in queue. Predicting idle period. Sending sleep command.
2025/09/20 22:05:05 Would send sleep command to GPU agent
2025/09/20 22:05:06 Logged telemetry for Mock RTX 4090 on gpu-0
2025/09/20 22:05:06 Logged telemetry for Mock RTX 4080 on gpu-1
2025/09/20 22:05:06 Logged telemetry for Mock RTX 4070 on gpu-2
2025/09/20 22:05:08 Logged telemetry for Mock RTX 4070 on gpu-2
2025/09/20 22:05:08 Logged telemetry for Mock RTX 4090 on gpu-0
2025/09/20 22:05:08 Logged telemetry for Mock RTX 4080 on gpu-1
2025/09/20 22:05:10 No jobs in queue. Predicting idle period. Sending sleep command.
2025/09/20 22:05:10 Would send sleep command to GPU agent
2025/09/20 22:05:10 Logged telemetry for Mock RTX 4080 on gpu-1
2025/09/20 22:05:10 Logged telemetry for Mock RTX 4070 on gpu-2
2025/09/20 22:05:10 Logged telemetry for Mock RTX 4090 on gpu-0
2025/09/20 22:05:12 Logged telemetry for Mock RTX 4090 on gpu-0
2025/09/20 22:05:12 Logged telemetry for Mock RTX 4080 on gpu-1
2025/09/20 22:05:12 Logged telemetry for Mock RTX 4070 on gpu-2
2025/09/20 22:05:14 Logged telemetry for Mock RTX 4070 on gpu-2
2025/09/20 22:05:14 Logged telemetry for Mock RTX 4090 on gpu-0
2025/09/20 22:05:14 Logged telemetry for Mock RTX 4080 on gpu-1
2025/09/20 22:05:15 No jobs in queue. Predicting idle period. Sending sleep command.
2025/09/20 22:05:15 Would send sleep command to GPU agent
2025/09/20 22:05:16 Logged telemetry for Mock RTX 4080 on gpu-1
2025/09/20 22:05:16 Logged telemetry for Mock RTX 4070 on gpu-2
2025/09/20 22:05:16 Logged telemetry for Mock RTX 4090 on gpu-0
2025/09/20 22:05:18 Logged telemetry for Mock RTX 4090 on gpu-0
2025/09/20 22:05:18 Logged telemetry for Mock RTX 4080 on gpu-1
2025/09/20 22:05:18 Logged telemetry for Mock RTX 4070 on gpu-2
2025/09/20 22:05:20 No jobs in queue. Predicting idle period. Sending sleep command.
2025/09/20 22:05:20 Would send sleep command to GPU agent
2025/09/20 22:05:20 Logged telemetry for Mock RTX 4090 on gpu-0
2025/09/20 22:05:20 Logged telemetry for Mock RTX 4070 on gpu-2
2025/09/20 22:05:20 Logged telemetry for Mock RTX 4080 on gpu-1
2025/09/20 22:05:22 Logged telemetry for Mock RTX 4070 on gpu-2
2025/09/20 22:05:22 Logged telemetry for Mock RTX 4080 on gpu-1
2025/09/20 22:05:22 Logged telemetry for Mock RTX 4090 on gpu-0
2025/09/20 22:05:24 Logged telemetry for Mock RTX 4090 on gpu-0
2025/09/20 22:05:24 Logged telemetry for Mock RTX 4070 on gpu-2
2025/09/20 22:05:24 Logged telemetry for Mock RTX 4080 on gpu-1
2025/09/20 22:05:25 No jobs in queue. Predicting idle period. Sending sleep command.
2025/09/20 22:05:25 Would send sleep command to GPU agent
2025/09/20 22:05:26 Logged telemetry for Mock RTX 4080 on gpu-1
2025/09/20 22:05:26 Logged telemetry for Mock RTX 4090 on gpu-0
2025/09/20 22:05:26 Logged telemetry for Mock RTX 4070 on gpu-2
2025/09/20 22:05:28 Logged telemetry for Mock RTX 4070 on gpu-2
2025/09/20 22:05:28 Logged telemetry for Mock RTX 4080 on gpu-1
2025/09/20 22:05:28 Logged telemetry for Mock RTX 4090 on gpu-0
2025/09/20 22:05:30 No jobs in queue. Predicting idle period. Sending sleep command.
2025/09/20 22:05:30 Would send sleep command to GPU agent
2025/09/20 22:05:30 Logged telemetry for Mock RTX 4090 on gpu-0
2025/09/20 22:05:30 Logged telemetry for Mock RTX 4070 on gpu-2
2025/09/20 22:05:30 Logged telemetry for Mock RTX 4080 on gpu-1
2025/09/20 22:05:32 Logged telemetry for Mock RTX 4080 on gpu-1
2025/09/20 22:05:32 Logged telemetry for Mock RTX 4090 on gpu-0
2025/09/20 22:05:32 Logged telemetry for Mock RTX 4070 on gpu-2
2025/09/20 22:05:34 Logged telemetry for Mock RTX 4070 on gpu-2
2025/09/20 22:05:34 Logged telemetry for Mock RTX 4080 on gpu-1
2025/09/20 22:05:34 Logged telemetry for Mock RTX 4090 on gpu-0
2025/09/20 22:05:35 No jobs in queue. Predicting idle period. Sending sleep command.
2025/09/20 22:05:35 Would send sleep command to GPU agent
2025/09/20 22:05:36 Logged telemetry for Mock RTX 4090 on gpu-0
2025/09/20 22:05:36 Logged telemetry for Mock RTX 4070 on gpu-2
2025/09/20 22:05:36 Logged telemetry for Mock RTX 4080 on gpu-1
2025/09/20 22:05:38 Logged telemetry for Mock RTX 4080 on gpu-1
2025/09/20 22:05:38 Logged telemetry for Mock RTX 4090 on gpu-0
2025/09/20 22:05:38 Logged telemetry for Mock RTX 4070 on gpu-2
2025/09/20 22:05:40 No jobs in queue. Predicting idle period. Sending sleep command.
2025/09/20 22:05:40 Would send sleep command to GPU agent
2025/09/20 22:05:40 Logged telemetry for Mock RTX 4070 on gpu-2
2025/09/20 22:05:40 Logged telemetry for Mock RTX 4080 on gpu-1
2025/09/20 22:05:40 Logged telemetry for Mock RTX 4090 on gpu-0
2025/09/20 22:05:42 Logged telemetry for Mock RTX 4090 on gpu-0
2025/09/20 22:05:42 Logged telemetry for Mock RTX 4070 on gpu-2
2025/09/20 22:05:42 Logged telemetry for Mock RTX 4080 on gpu-1
2025/09/20 22:05:44 Logged telemetry for Mock RTX 4080 on gpu-1
2025/09/20 22:05:44 Logged telemetry for Mock RTX 4090 on gpu-0
2025/09/20 22:05:44 Logged telemetry for Mock RTX 4070 on gpu-2
2025/09/20 22:05:45 No jobs in queue. Predicting idle period. Sending sleep command.
2025/09/20 22:05:45 Would send sleep command to GPU agent
2025/09/20 22:05:46 Logged telemetry for Mock RTX 4070 on gpu-2
2025/09/20 22:05:46 Logged telemetry for Mock RTX 4080 on gpu-1
2025/09/20 22:05:46 Logged telemetry for Mock RTX 4090 on gpu-0
2025/09/20 22:05:48 Logged telemetry for Mock RTX 4090 on gpu-0
2025/09/20 22:05:48 Logged telemetry for Mock RTX 4070 on gpu-2
2025/09/20 22:05:48 Logged telemetry for Mock RTX 4080 on gpu-1
2025/09/20 22:05:50 No jobs in queue. Predicting idle period. Sending sleep command.
2025/09/20 22:05:50 Would send sleep command to GPU agent
2025/09/20 22:05:50 Logged telemetry for Mock RTX 4080 on gpu-1
2025/09/20 22:05:50 Logged telemetry for Mock RTX 4090 on gpu-0
2025/09/20 22:05:50 Logged telemetry for Mock RTX 4070 on gpu-2
2025/09/20 22:05:52 Logged telemetry for Mock RTX 4070 on gpu-2
2025/09/20 22:05:52 Logged telemetry for Mock RTX 4080 on gpu-1
2025/09/20 22:05:52 Logged telemetry for Mock RTX 4090 on gpu-0
2025/09/20 22:05:54 Logged telemetry for Mock RTX 4090 on gpu-0
2025/09/20 22:05:54 Logged telemetry for Mock RTX 4070 on gpu-2
2025/09/20 22:05:54 Logged telemetry for Mock RTX 4080 on gpu-1
2025/09/20 22:05:55 No jobs in queue. Predicting idle period. Sending sleep command.
2025/09/20 22:05:55 Would send sleep command to GPU agent
2025/09/20 22:05:56 Logged telemetry for Mock RTX 4080 on gpu-1
2025/09/20 22:05:56 Logged telemetry for Mock RTX 4090 on gpu-0
2025/09/20 22:05:56 Logged telemetry for Mock RTX 4070 on gpu-2
2025/09/20 22:05:58 Logged telemetry for Mock RTX 4070 on gpu-2
2025/09/20 22:05:58 Logged telemetry for Mock RTX 4080 on gpu-1
2025/09/20 22:05:58 Logged telemetry for Mock RTX 4090 on gpu-0
2025/09/20 22:06:00 No jobs in queue. Predicting idle period. Sending sleep command.
2025/09/20 22:06:00 Would send sleep command to GPU agent
2025/09/20 22:06:00 Logged telemetry for Mock RTX 4090 on gpu-0
2025/09/20 22:06:00 Logged telemetry for Mock RTX 4070 on gpu-2
2025/09/20 22:06:00 Logged telemetry for Mock RTX 4080 on gpu-1
2025/09/20 22:06:02 Logged telemetry for Mock RTX 4080 on gpu-1
2025/09/20 22:06:02 Logged telemetry for Mock RTX 4090 on gpu-0
2025/09/20 22:06:02 Logged telemetry for Mock RTX 4070 on gpu-2
2025/09/20 22:06:04 Logged telemetry for Mock RTX 4070 on gpu-2
2025/09/20 22:06:04 Logged telemetry for Mock RTX 4080 on gpu-1
2025/09/20 22:06:04 Logged telemetry for Mock RTX 4090 on gpu-0
2025/09/20 22:06:05 No jobs in queue. Predicting idle period. Sending sleep command.
2025/09/20 22:06:05 Would send sleep command to GPU agent
2025/09/20 22:06:06 Logged telemetry for Mock RTX 4090 on gpu-0
2025/09/20 22:06:06 Logged telemetry for Mock RTX 4070 on gpu-2
2025/09/20 22:06:06 Logged telemetry for Mock RTX 4080 on gpu-1
2025/09/20 22:06:08 Logged telemetry for Mock RTX 4080 on gpu-1
2025/09/20 22:06:08 Logged telemetry for Mock RTX 4090 on gpu-0
2025/09/20 22:06:08 Logged telemetry for Mock RTX 4070 on gpu-2
2025/09/20 22:06:10 No jobs in queue. Predicting idle period. Sending sleep command.
2025/09/20 22:06:10 Would send sleep command to GPU agent
2025/09/20 22:06:10 Logged telemetry for Mock RTX 4070 on gpu-2
2025/09/20 22:06:10 Logged telemetry for Mock RTX 4080 on gpu-1
2025/09/20 22:06:10 Logged telemetry for Mock RTX 4090 on gpu-0
2025/09/20 22:06:12 Logged telemetry for Mock RTX 4090 on gpu-0
2025/09/20 22:06:12 Logged telemetry for Mock RTX 4070 on gpu-2
2025/09/20 22:06:12 Logged telemetry for Mock RTX 4080 on gpu-1
2025/09/20 22:06:14 Logged telemetry for Mock RTX 4080 on gpu-1
2025/09/20 22:06:14 Logged telemetry for Mock RTX 4090 on gpu-0
2025/09/20 22:06:14 Logged telemetry for Mock RTX 4070 on gpu-2
2025/09/20 22:06:15 No jobs in queue. Predicting idle period. Sending sleep command.
2025/09/20 22:06:15 Would send sleep command to GPU agent
2025/09/20 22:06:16 Logged telemetry for Mock RTX 4070 on gpu-2
2025/09/20 22:06:16 Logged telemetry for Mock RTX 4080 on gpu-1
2025/09/20 22:06:16 Logged telemetry for Mock RTX 4090 on gpu-0
2025/09/20 22:06:18 Logged telemetry for Mock RTX 4090 on gpu-0
2025/09/20 22:06:18 Logged telemetry for Mock RTX 4070 on gpu-2
2025/09/20 22:06:18 Logged telemetry for Mock RTX 4080 on gpu-1
2025/09/20 22:06:20 No jobs in queue. Predicting idle period. Sending sleep command.
2025/09/20 22:06:20 Would send sleep command to GPU agent
2025/09/20 22:06:20 Logged telemetry for Mock RTX 4070 on gpu-2
2025/09/20 22:06:20 Logged telemetry for Mock RTX 4080 on gpu-1
2025/09/20 22:06:20 Logged telemetry for Mock RTX 4090 on gpu-0
2025/09/20 22:06:22 Logged telemetry for Mock RTX 4070 on gpu-2
2025/09/20 22:06:22 Logged telemetry for Mock RTX 4080 on gpu-1
2025/09/20 22:06:22 Logged telemetry for Mock RTX 4090 on gpu-0
2025/09/20 22:06:24 Logged telemetry for Mock RTX 4070 on gpu-2
2025/09/20 22:06:24 Logged telemetry for Mock RTX 4090 on gpu-0
2025/09/20 22:06:24 Logged telemetry for Mock RTX 4080 on gpu-1
2025/09/20 22:06:25 No jobs in queue. Predicting idle period. Sending sleep command.
2025/09/20 22:06:25 Would send sleep command to GPU agent
2025/09/20 22:06:26 Logged telemetry for Mock RTX 4080 on gpu-1
2025/09/20 22:06:26 Logged telemetry for Mock RTX 4090 on gpu-0
2025/09/20 22:06:26 Logged telemetry for Mock RTX 4070 on gpu-2
2025/09/20 22:06:28 Logged telemetry for Mock RTX 4070 on gpu-2
2025/09/20 22:06:28 Logged telemetry for Mock RTX 4080 on gpu-1
2025/09/20 22:06:28 Logged telemetry for Mock RTX 4090 on gpu-0
2025/09/20 22:06:30 No jobs in queue. Predicting idle period. Sending sleep command.
2025/09/20 22:06:30 Would send sleep command to GPU agent
2025/09/20 22:06:30 Logged telemetry for Mock RTX 4090 on gpu-0
2025/09/20 22:06:30 Logged telemetry for Mock RTX 4070 on gpu-2
2025/09/20 22:06:30 Logged telemetry for Mock RTX 4080 on gpu-1
2025/09/20 22:06:32 Logged telemetry for Mock RTX 4080 on gpu-1
2025/09/20 22:06:32 Logged telemetry for Mock RTX 4090 on gpu-0
2025/09/20 22:06:32 Logged telemetry for Mock RTX 4070 on gpu-2
2025/09/20 22:06:34 Logged telemetry for Mock RTX 4070 on gpu-2
2025/09/20 22:06:34 Logged telemetry for Mock RTX 4080 on gpu-1
2025/09/20 22:06:34 Logged telemetry for Mock RTX 4090 on gpu-0
2025/09/20 22:06:35 No jobs in queue. Predicting idle period. Sending sleep command.
2025/09/20 22:06:35 Would send sleep command to GPU agent
2025/09/20 22:06:36 Logged telemetry for Mock RTX 4090 on gpu-0
2025/09/20 22:06:36 Logged telemetry for Mock RTX 4070 on gpu-2
2025/09/20 22:06:36 Logged telemetry for Mock RTX 4080 on gpu-1
2025/09/20 22:06:38 Logged telemetry for Mock RTX 4080 on gpu-1
2025/09/20 22:06:38 Logged telemetry for Mock RTX 4090 on gpu-0
2025/09/20 22:06:38 Logged telemetry for Mock RTX 4070 on gpu-2
2025/09/20 22:06:40 No jobs in queue. Predicting idle period. Sending sleep command.
2025/09/20 22:06:40 Would send sleep command to GPU agent
2025/09/20 22:06:40 Logged telemetry for Mock RTX 4070 on gpu-2
2025/09/20 22:06:40 Logged telemetry for Mock RTX 4080 on gpu-1
2025/09/20 22:06:40 Logged telemetry for Mock RTX 4090 on gpu-0
2025/09/20 22:06:42 Logged telemetry for Mock RTX 4070 on gpu-2
2025/09/20 22:06:42 Logged telemetry for Mock RTX 4090 on gpu-0
2025/09/20 22:06:42 Logged telemetry for Mock RTX 4080 on gpu-1
2025/09/20 22:06:44 Logged telemetry for Mock RTX 4080 on gpu-1
2025/09/20 22:06:44 Logged telemetry for Mock RTX 4070 on gpu-2
2025/09/20 22:06:44 Logged telemetry for Mock RTX 4090 on gpu-0
2025/09/20 22:06:45 No jobs in queue. Predicting idle period. Sending sleep command.
2025/09/20 22:06:45 Would send sleep command to GPU agent
2025/09/20 22:06:46 Logged telemetry for Mock RTX 4090 on gpu-0
2025/09/20 22:06:46 Logged telemetry for Mock RTX 4080 on gpu-1
2025/09/20 22:06:46 Logged telemetry for Mock RTX 4070 on gpu-2
2025/09/20 22:06:48 Logged telemetry for Mock RTX 4070 on gpu-2
2025/09/20 22:06:48 Logged telemetry for Mock RTX 4090 on gpu-0
2025/09/20 22:06:48 Logged telemetry for Mock RTX 4080 on gpu-1
2025/09/20 22:06:50 No jobs in queue. Predicting idle period. Sending sleep command.
2025/09/20 22:06:50 Would send sleep command to GPU agent
2025/09/20 22:06:50 Logged telemetry for Mock RTX 4080 on gpu-1
2025/09/20 22:06:50 Logged telemetry for Mock RTX 4070 on gpu-2
2025/09/20 22:06:50 Logged telemetry for Mock RTX 4090 on gpu-0
2025/09/20 22:06:52 Logged telemetry for Mock RTX 4090 on gpu-0
2025/09/20 22:06:52 Logged telemetry for Mock RTX 4080 on gpu-1
2025/09/20 22:06:52 Logged telemetry for Mock RTX 4070 on gpu-2
2025/09/20 22:06:54 Logged telemetry for Mock RTX 4070 on gpu-2
2025/09/20 22:06:54 Logged telemetry for Mock RTX 4090 on gpu-0
2025/09/20 22:06:54 Logged telemetry for Mock RTX 4080 on gpu-1
2025/09/20 22:06:55 No jobs in queue. Predicting idle period. Sending sleep command.
2025/09/20 22:06:55 Would send sleep command to GPU agent
2025/09/20 22:06:56 Logged telemetry for Mock RTX 4080 on gpu-1
2025/09/20 22:06:56 Logged telemetry for Mock RTX 4070 on gpu-2
2025/09/20 22:06:56 Logged telemetry for Mock RTX 4090 on gpu-0
2025/09/20 22:06:58 Logged telemetry for Mock RTX 4090 on gpu-0
2025/09/20 22:06:58 Logged telemetry for Mock RTX 4080 on gpu-1
2025/09/20 22:06:58 Logged telemetry for Mock RTX 4070 on gpu-2
2025/09/20 22:07:00 No jobs in queue. Predicting idle period. Sending sleep command.
2025/09/20 22:07:00 Would send sleep command to GPU agent
2025/09/20 22:07:00 Logged telemetry for Mock RTX 4070 on gpu-2
2025/09/20 22:07:00 Logged telemetry for Mock RTX 4090 on gpu-0
2025/09/20 22:07:00 Logged telemetry for Mock RTX 4080 on gpu-1
2025/09/20 22:07:02 Logged telemetry for Mock RTX 4080 on gpu-1
2025/09/20 22:07:02 Logged telemetry for Mock RTX 4090 on gpu-0
2025/09/20 22:07:02 Logged telemetry for Mock RTX 4070 on gpu-2
2025/09/20 22:07:04 Logged telemetry for Mock RTX 4070 on gpu-2
2025/09/20 22:07:04 Logged telemetry for Mock RTX 4080 on gpu-1
2025/09/20 22:07:04 Logged telemetry for Mock RTX 4090 on gpu-0
2025/09/20 22:07:05 No jobs in queue. Predicting idle period. Sending sleep command.
2025/09/20 22:07:05 Would send sleep command to GPU agent
2025/09/20 22:07:06 Logged telemetry for Mock RTX 4090 on gpu-0
2025/09/20 22:07:06 Logged telemetry for Mock RTX 4070 on gpu-2
2025/09/20 22:07:06 Logged telemetry for Mock RTX 4080 on gpu-1
2025/09/20 22:07:08 Logged telemetry for Mock RTX 4080 on gpu-1
2025/09/20 22:07:08 Logged telemetry for Mock RTX 4090 on gpu-0
2025/09/20 22:07:08 Logged telemetry for Mock RTX 4070 on gpu-2
2025/09/20 22:07:10 No jobs in queue. Predicting idle period. Sending sleep command.
2025/09/20 22:07:10 Would send sleep command to GPU agent
2025/09/20 22:07:10 Logged telemetry for Mock RTX 4070 on gpu-2
2025/09/20 22:07:10 Logged telemetry for Mock RTX 4080 on gpu-1
2025/09/20 22:07:10 Logged telemetry for Mock RTX 4090 on gpu-0
2025/09/20 22:07:12 Logged telemetry for Mock RTX 4090 on gpu-0
2025/09/20 22:07:12 Logged telemetry for Mock RTX 4070 on gpu-2
2025/09/20 22:07:12 Logged telemetry for Mock RTX 4080 on gpu-1
2025/09/20 22:07:14 Logged telemetry for Mock RTX 4080 on gpu-1
2025/09/20 22:07:14 Logged telemetry for Mock RTX 4090 on gpu-0
2025/09/20 22:07:14 Logged telemetry for Mock RTX 4070 on gpu-2
2025/09/20 22:07:15 No jobs in queue. Predicting idle period. Sending sleep command.
2025/09/20 22:07:15 Would send sleep command to GPU agent
2025/09/20 22:07:16 Logged telemetry for Mock RTX 4070 on gpu-2
2025/09/20 22:07:16 Logged telemetry for Mock RTX 4080 on gpu-1
2025/09/20 22:07:16 Logged telemetry for Mock RTX 4090 on gpu-0
2025/09/20 22:07:18 Logged telemetry for Mock RTX 4090 on gpu-0
2025/09/20 22:07:18 Logged telemetry for Mock RTX 4070 on gpu-2
2025/09/20 22:07:18 Logged telemetry for Mock RTX 4080 on gpu-1
2025/09/20 22:07:20 No jobs in queue. Predicting idle period. Sending sleep command.
2025/09/20 22:07:20 Would send sleep command to GPU agent
2025/09/20 22:07:20 Logged telemetry for Mock RTX 4080 on gpu-1
2025/09/20 22:07:20 Logged telemetry for Mock RTX 4090 on gpu-0
2025/09/20 22:07:20 Logged telemetry for Mock RTX 4070 on gpu-2
2025/09/20 22:07:22 Logged telemetry for Mock RTX 4090 on gpu-0
2025/09/20 22:07:22 Logged telemetry for Mock RTX 4070 on gpu-2
2025/09/20 22:07:22 Logged telemetry for Mock RTX 4080 on gpu-1
2025/09/20 22:07:24 Logged telemetry for Mock RTX 4080 on gpu-1
2025/09/20 22:07:24 Logged telemetry for Mock RTX 4090 on gpu-0
2025/09/20 22:07:24 Logged telemetry for Mock RTX 4070 on gpu-2
2025/09/20 22:07:25 No jobs in queue. Predicting idle period. Sending sleep command.
2025/09/20 22:07:25 Would send sleep command to GPU agent
2025/09/20 22:07:26 Logged telemetry for Mock RTX 4070 on gpu-2
2025/09/20 22:07:26 Logged telemetry for Mock RTX 4080 on gpu-1
2025/09/20 22:07:26 Logged telemetry for Mock RTX 4090 on gpu-0
2025/09/20 22:07:28 Logged telemetry for Mock RTX 4090 on gpu-0
2025/09/20 22:07:28 Logged telemetry for Mock RTX 4070 on gpu-2
2025/09/20 22:07:28 Logged telemetry for Mock RTX 4080 on gpu-1
2025/09/20 22:07:30 No jobs in queue. Predicting idle period. Sending sleep command.
2025/09/20 22:07:30 Would send sleep command to GPU agent
2025/09/20 22:07:30 Logged telemetry for Mock RTX 4080 on gpu-1
2025/09/20 22:07:30 Logged telemetry for Mock RTX 4090 on gpu-0
2025/09/20 22:07:30 Logged telemetry for Mock RTX 4070 on gpu-2
2025/09/20 22:07:32 Logged telemetry for Mock RTX 4080 on gpu-1
2025/09/20 22:07:32 Logged telemetry for Mock RTX 4070 on gpu-2
2025/09/20 22:07:32 Logged telemetry for Mock RTX 4090 on gpu-0
2025/09/20 22:07:34 Logged telemetry for Mock RTX 4090 on gpu-0
2025/09/20 22:07:34 Logged telemetry for Mock RTX 4070 on gpu-2
2025/09/20 22:07:34 Logged telemetry for Mock RTX 4080 on gpu-1
2025/09/20 22:07:35 No jobs in queue. Predicting idle period. Sending sleep command.
2025/09/20 22:07:35 Would send sleep command to GPU agent
2025/09/20 22:07:36 Logged telemetry for Mock RTX 4080 on gpu-1
2025/09/20 22:07:36 Logged telemetry for Mock RTX 4090 on gpu-0
2025/09/20 22:07:36 Logged telemetry for Mock RTX 4070 on gpu-2
2025/09/20 22:07:38 Logged telemetry for Mock RTX 4070 on gpu-2
2025/09/20 22:07:38 Logged telemetry for Mock RTX 4080 on gpu-1
2025/09/20 22:07:38 Logged telemetry for Mock RTX 4090 on gpu-0
2025/09/20 22:07:40 No jobs in queue. Predicting idle period. Sending sleep command.
2025/09/20 22:07:40 Would send sleep command to GPU agent
2025/09/20 22:07:40 Logged telemetry for Mock RTX 4090 on gpu-0
2025/09/20 22:07:40 Logged telemetry for Mock RTX 4070 on gpu-2
2025/09/20 22:07:40 Logged telemetry for Mock RTX 4080 on gpu-1
2025/09/20 22:07:42 Logged telemetry for Mock RTX 4080 on gpu-1
2025/09/20 22:07:42 Logged telemetry for Mock RTX 4090 on gpu-0
2025/09/20 22:07:42 Logged telemetry for Mock RTX 4070 on gpu-2
2025/09/20 22:07:44 Logged telemetry for Mock RTX 4090 on gpu-0
2025/09/20 22:07:44 Logged telemetry for Mock RTX 4080 on gpu-1
2025/09/20 22:07:44 Logged telemetry for Mock RTX 4070 on gpu-2
2025/09/20 22:07:45 No jobs in queue. Predicting idle period. Sending sleep command.
2025/09/20 22:07:45 Would send sleep command to GPU agent
2025/09/20 22:07:46 Logged telemetry for Mock RTX 4080 on gpu-1
2025/09/20 22:07:46 Logged telemetry for Mock RTX 4070 on gpu-2
2025/09/20 22:07:46 Logged telemetry for Mock RTX 4090 on gpu-0
2025/09/20 22:07:48 Logged telemetry for Mock RTX 4080 on gpu-1
2025/09/20 22:07:48 Logged telemetry for Mock RTX 4090 on gpu-0
2025/09/20 22:07:48 Logged telemetry for Mock RTX 4070 on gpu-2
2025/09/20 22:07:50 No jobs in queue. Predicting idle period. Sending sleep command.
2025/09/20 22:07:50 Would send sleep command to GPU agent
2025/09/20 22:07:50 Logged telemetry for Mock RTX 4070 on gpu-2
2025/09/20 22:07:50 Logged telemetry for Mock RTX 4090 on gpu-0
2025/09/20 22:07:50 Logged telemetry for Mock RTX 4080 on gpu-1
2025/09/20 22:07:52 Logged telemetry for Mock RTX 4080 on gpu-1
2025/09/20 22:07:52 Logged telemetry for Mock RTX 4070 on gpu-2
2025/09/20 22:07:52 Logged telemetry for Mock RTX 4090 on gpu-0
2025/09/20 22:07:54 Logged telemetry for Mock RTX 4090 on gpu-0
2025/09/20 22:07:54 Logged telemetry for Mock RTX 4080 on gpu-1
2025/09/20 22:07:54 Logged telemetry for Mock RTX 4070 on gpu-2
2025/09/20 22:07:55 No jobs in queue. Predicting idle period. Sending sleep command.
2025/09/20 22:07:55 Would send sleep command to GPU agent
2025/09/20 22:07:56 Logged telemetry for Mock RTX 4070 on gpu-2
2025/09/20 22:07:56 Logged telemetry for Mock RTX 4080 on gpu-1
2025/09/20 22:07:56 Logged telemetry for Mock RTX 4090 on gpu-0
2025/09/20 22:07:58 Logged telemetry for Mock RTX 4070 on gpu-2
2025/09/20 22:07:58 Logged telemetry for Mock RTX 4090 on gpu-0
2025/09/20 22:07:58 Logged telemetry for Mock RTX 4080 on gpu-1
2025/09/20 22:08:00 No jobs in queue. Predicting idle period. Sending sleep command.
2025/09/20 22:08:00 Would send sleep command to GPU agent
2025/09/20 22:08:00 Logged telemetry for Mock RTX 4070 on gpu-2
2025/09/20 22:08:00 Logged telemetry for Mock RTX 4090 on gpu-0
2025/09/20 22:08:00 Logged telemetry for Mock RTX 4080 on gpu-1
2025/09/20 22:08:02 Logged telemetry for Mock RTX 4090 on gpu-0
2025/09/20 22:08:02 Logged telemetry for Mock RTX 4080 on gpu-1
2025/09/20 22:08:02 Logged telemetry for Mock RTX 4070 on gpu-2
2025/09/20 22:08:04 Logged telemetry for Mock RTX 4070 on gpu-2
2025/09/20 22:08:04 Logged telemetry for Mock RTX 4090 on gpu-0
2025/09/20 22:08:04 Logged telemetry for Mock RTX 4080 on gpu-1
2025/09/20 22:08:05 No jobs in queue. Predicting idle period. Sending sleep command.
2025/09/20 22:08:05 Would send sleep command to GPU agent
2025/09/20 22:08:06 Logged telemetry for Mock RTX 4080 on gpu-1
2025/09/20 22:08:06 Logged telemetry for Mock RTX 4070 on gpu-2
2025/09/20 22:08:06 Logged telemetry for Mock RTX 4090 on gpu-0
2025/09/20 22:08:08 Logged telemetry for Mock RTX 4090 on gpu-0
2025/09/20 22:08:08 Logged telemetry for Mock RTX 4080 on gpu-1
2025/09/20 22:08:08 Logged telemetry for Mock RTX 4070 on gpu-2
2025/09/20 22:08:10 No jobs in queue. Predicting idle period. Sending sleep command.
2025/09/20 22:08:10 Would send sleep command to GPU agent
2025/09/20 22:08:10 Logged telemetry for Mock RTX 4070 on gpu-2
2025/09/20 22:08:10 Logged telemetry for Mock RTX 4090 on gpu-0
2025/09/20 22:08:10 Logged telemetry for Mock RTX 4080 on gpu-1
2025/09/20 22:08:12 Logged telemetry for Mock RTX 4080 on gpu-1
2025/09/20 22:08:12 Logged telemetry for Mock RTX 4070 on gpu-2
2025/09/20 22:08:12 Logged telemetry for Mock RTX 4090 on gpu-0
2025/09/20 22:08:14 Logged telemetry for Mock RTX 4090 on gpu-0
2025/09/20 22:08:14 Logged telemetry for Mock RTX 4080 on gpu-1
2025/09/20 22:08:14 Logged telemetry for Mock RTX 4070 on gpu-2
2025/09/20 22:08:15 No jobs in queue. Predicting idle period. Sending sleep command.
2025/09/20 22:08:15 Would send sleep command to GPU agent
2025/09/20 22:08:16 Logged telemetry for Mock RTX 4070 on gpu-2
2025/09/20 22:08:16 Logged telemetry for Mock RTX 4090 on gpu-0
2025/09/20 22:08:16 Logged telemetry for Mock RTX 4080 on gpu-1
2025/09/20 22:08:18 Logged telemetry for Mock RTX 4070 on gpu-2
2025/09/20 22:08:18 Logged telemetry for Mock RTX 4080 on gpu-1
2025/09/20 22:08:18 Logged telemetry for Mock RTX 4090 on gpu-0
2025/09/20 22:08:20 No jobs in queue. Predicting idle period. Sending sleep command.
2025/09/20 22:08:20 Would send sleep command to GPU agent
2025/09/20 22:08:20 Logged telemetry for Mock RTX 4090 on gpu-0
2025/09/20 22:08:20 Logged telemetry for Mock RTX 4080 on gpu-1
2025/09/20 22:08:20 Logged telemetry for Mock RTX 4070 on gpu-2
2025/09/20 22:08:22 Logged telemetry for Mock RTX 4070 on gpu-2
2025/09/20 22:08:22 Logged telemetry for Mock RTX 4090 on gpu-0
2025/09/20 22:08:22 Logged telemetry for Mock RTX 4080 on gpu-1
2025/09/20 22:08:22 Dashboard disconnected.
2025/09/20 22:08:24 Logged telemetry for Mock RTX 4080 on gpu-1
2025/09/20 22:08:24 Logged telemetry for Mock RTX 4070 on gpu-2
2025/09/20 22:08:24 Logged telemetry for Mock RTX 4090 on gpu-0
2025/09/20 22:08:25 No jobs in queue. Predicting idle period. Sending sleep command.
2025/09/20 22:08:25 Would send sleep command to GPU agent
2025/09/20 22:08:26 Logged telemetry for Mock RTX 4090 on gpu-0
2025/09/20 22:08:26 Logged telemetry for Mock RTX 4080 on gpu-1
2025/09/20 22:08:26 Logged telemetry for Mock RTX 4070 on gpu-2
2025/09/20 22:08:28 Logged telemetry for Mock RTX 4070 on gpu-2
2025/09/20 22:08:28 Logged telemetry for Mock RTX 4090 on gpu-0
2025/09/20 22:08:28 Logged telemetry for Mock RTX 4080 on gpu-1
2025/09/20 22:08:30 No jobs in queue. Predicting idle period. Sending sleep command.
2025/09/20 22:08:30 Would send sleep command to GPU agent
2025/09/20 22:08:30 Logged telemetry for Mock RTX 4080 on gpu-1
2025/09/20 22:08:30 Logged telemetry for Mock RTX 4090 on gpu-0
2025/09/20 22:08:30 Logged telemetry for Mock RTX 4070 on gpu-2
2025/09/20 22:08:32 Logged telemetry for Mock RTX 4070 on gpu-2
2025/09/20 22:08:32 Logged telemetry for Mock RTX 4080 on gpu-1
2025/09/20 22:08:32 Logged telemetry for Mock RTX 4090 on gpu-0
2025/09/20 22:08:34 Logged telemetry for Mock RTX 4090 on gpu-0
2025/09/20 22:08:34 Logged telemetry for Mock RTX 4070 on gpu-2
2025/09/20 22:08:34 Logged telemetry for Mock RTX 4080 on gpu-1
2025/09/20 22:08:35 No jobs in queue. Predicting idle period. Sending sleep command.
2025/09/20 22:08:35 Would send sleep command to GPU agent
2025/09/20 22:08:36 Logged telemetry for Mock RTX 4080 on gpu-1
2025/09/20 22:08:36 Logged telemetry for Mock RTX 4070 on gpu-2
2025/09/20 22:08:36 Logged telemetry for Mock RTX 4090 on gpu-0
2025/09/20 22:08:38 Logged telemetry for Mock RTX 4090 on gpu-0
2025/09/20 22:08:38 Logged telemetry for Mock RTX 4080 on gpu-1
2025/09/20 22:08:38 Logged telemetry for Mock RTX 4070 on gpu-2
2025/09/20 22:08:40 No jobs in queue. Predicting idle period. Sending sleep command.
2025/09/20 22:08:40 Would send sleep command to GPU agent
2025/09/20 22:08:40 Logged telemetry for Mock RTX 4070 on gpu-2
2025/09/20 22:08:40 Logged telemetry for Mock RTX 4090 on gpu-0
2025/09/20 22:08:40 Logged telemetry for Mock RTX 4080 on gpu-1
2025/09/20 22:08:42 Logged telemetry for Mock RTX 4080 on gpu-1
2025/09/20 22:08:42 Logged telemetry for Mock RTX 4070 on gpu-2
2025/09/20 22:08:42 Logged telemetry for Mock RTX 4090 on gpu-0
2025/09/20 22:08:44 Logged telemetry for Mock RTX 4090 on gpu-0
2025/09/20 22:08:44 Logged telemetry for Mock RTX 4070 on gpu-2
2025/09/20 22:08:44 Logged telemetry for Mock RTX 4080 on gpu-1
2025/09/20 22:08:45 No jobs in queue. Predicting idle period. Sending sleep command.
2025/09/20 22:08:45 Would send sleep command to GPU agent
2025/09/20 22:08:46 Logged telemetry for Mock RTX 4080 on gpu-1
2025/09/20 22:08:46 Logged telemetry for Mock RTX 4090 on gpu-0
2025/09/20 22:08:46 Logged telemetry for Mock RTX 4070 on gpu-2
2025/09/20 22:08:48 Logged telemetry for Mock RTX 4070 on gpu-2
2025/09/20 22:08:48 Logged telemetry for Mock RTX 4090 on gpu-0
2025/09/20 22:08:48 Logged telemetry for Mock RTX 4080 on gpu-1
2025/09/20 22:08:50 No jobs in queue. Predicting idle period. Sending sleep command.
2025/09/20 22:08:50 Would send sleep command to GPU agent
2025/09/20 22:08:50 Logged telemetry for Mock RTX 4070 on gpu-2
2025/09/20 22:08:50 Logged telemetry for Mock RTX 4080 on gpu-1
2025/09/20 22:08:50 Logged telemetry for Mock RTX 4090 on gpu-0
2025/09/20 22:08:52 Logged telemetry for Mock RTX 4090 on gpu-0
2025/09/20 22:08:52 Logged telemetry for Mock RTX 4080 on gpu-1
2025/09/20 22:08:52 Logged telemetry for Mock RTX 4070 on gpu-2
2025/09/20 22:08:54 Logged telemetry for Mock RTX 4070 on gpu-2
2025/09/20 22:08:54 Logged telemetry for Mock RTX 4090 on gpu-0
2025/09/20 22:08:54 Logged telemetry for Mock RTX 4080 on gpu-1
2025/09/20 22:08:55 No jobs in queue. Predicting idle period. Sending sleep command.
2025/09/20 22:08:55 Would send sleep command to GPU agent
2025/09/20 22:08:56 Logged telemetry for Mock RTX 4070 on gpu-2
2025/09/20 22:08:56 Logged telemetry for Mock RTX 4080 on gpu-1
2025/09/20 22:08:56 Logged telemetry for Mock RTX 4090 on gpu-0
2025/09/20 22:08:58 Logged telemetry for Mock RTX 4090 on gpu-0
2025/09/20 22:08:58 Logged telemetry for Mock RTX 4080 on gpu-1
2025/09/20 22:08:58 Logged telemetry for Mock RTX 4070 on gpu-2
2025/09/20 22:09:00 No jobs in queue. Predicting idle period. Sending sleep command.
2025/09/20 22:09:00 Would send sleep command to GPU agent
2025/09/20 22:09:00 Logged telemetry for Mock RTX 4090 on gpu-0
2025/09/20 22:09:00 Logged telemetry for Mock RTX 4070 on gpu-2
2025/09/20 22:09:00 Logged telemetry for Mock RTX 4080 on gpu-1
2025/09/20 22:09:02 Logged telemetry for Mock RTX 4080 on gpu-1
2025/09/20 22:09:02 Logged telemetry for Mock RTX 4070 on gpu-2
2025/09/20 22:09:02 Logged telemetry for Mock RTX 4090 on gpu-0
2025/09/20 22:09:04 Logged telemetry for Mock RTX 4090 on gpu-0
2025/09/20 22:09:04 Logged telemetry for Mock RTX 4080 on gpu-1
2025/09/20 22:09:04 Logged telemetry for Mock RTX 4070 on gpu-2
2025/09/20 22:09:05 No jobs in queue. Predicting idle period. Sending sleep command.
2025/09/20 22:09:05 Would send sleep command to GPU agent
2025/09/20 22:09:06 Logged telemetry for Mock RTX 4070 on gpu-2
2025/09/20 22:09:06 Logged telemetry for Mock RTX 4090 on gpu-0
2025/09/20 22:09:06 Logged telemetry for Mock RTX 4080 on gpu-1
2025/09/20 22:09:08 Logged telemetry for Mock RTX 4080 on gpu-1
2025/09/20 22:09:08 Logged telemetry for Mock RTX 4070 on gpu-2
2025/09/20 22:09:08 Logged telemetry for Mock RTX 4090 on gpu-0
2025/09/20 22:09:10 No jobs in queue. Predicting idle period. Sending sleep command.
2025/09/20 22:09:10 Would send sleep command to GPU agent
2025/09/20 22:09:10 Logged telemetry for Mock RTX 4090 on gpu-0
2025/09/20 22:09:10 Logged telemetry for Mock RTX 4070 on gpu-2
2025/09/20 22:09:10 Logged telemetry for Mock RTX 4080 on gpu-1
2025/09/20 22:09:12 Logged telemetry for Mock RTX 4080 on gpu-1
2025/09/20 22:09:12 Logged telemetry for Mock RTX 4090 on gpu-0
2025/09/20 22:09:12 Logged telemetry for Mock RTX 4070 on gpu-2
2025/09/20 22:09:14 Logged telemetry for Mock RTX 4070 on gpu-2
2025/09/20 22:09:14 Logged telemetry for Mock RTX 4080 on gpu-1
2025/09/20 22:09:14 Logged telemetry for Mock RTX 4090 on gpu-0
2025/09/20 22:09:15 No jobs in queue. Predicting idle period. Sending sleep command.
2025/09/20 22:09:15 Would send sleep command to GPU agent
2025/09/20 22:09:16 Logged telemetry for Mock RTX 4090 on gpu-0
2025/09/20 22:09:16 Logged telemetry for Mock RTX 4070 on gpu-2
2025/09/20 22:09:16 Logged telemetry for Mock RTX 4080 on gpu-1
2025/09/20 22:09:18 Logged telemetry for Mock RTX 4080 on gpu-1
2025/09/20 22:09:18 Logged telemetry for Mock RTX 4090 on gpu-0
2025/09/20 22:09:18 Logged telemetry for Mock RTX 4070 on gpu-2
2025/09/20 22:09:20 No jobs in queue. Predicting idle period. Sending sleep command.
2025/09/20 22:09:20 Would send sleep command to GPU agent
2025/09/20 22:09:20 Logged telemetry for Mock RTX 4070 on gpu-2
2025/09/20 22:09:20 Logged telemetry for Mock RTX 4080 on gpu-1
2025/09/20 22:09:20 Logged telemetry for Mock RTX 4090 on gpu-0
2025/09/20 22:09:22 Logged telemetry for Mock RTX 4090 on gpu-0
2025/09/20 22:09:22 Logged telemetry for Mock RTX 4070 on gpu-2
2025/09/20 22:09:22 Logged telemetry for Mock RTX 4080 on gpu-1
2025/09/20 22:09:24 Logged telemetry for Mock RTX 4080 on gpu-1
2025/09/20 22:09:24 Logged telemetry for Mock RTX 4090 on gpu-0
2025/09/20 22:09:24 Logged telemetry for Mock RTX 4070 on gpu-2
2025/09/20 22:09:25 No jobs in queue. Predicting idle period. Sending sleep command.
2025/09/20 22:09:25 Would send sleep command to GPU agent
2025/09/20 22:09:26 Logged telemetry for Mock RTX 4070 on gpu-2
2025/09/20 22:09:26 Logged telemetry for Mock RTX 4080 on gpu-1
2025/09/20 22:09:26 Logged telemetry for Mock RTX 4090 on gpu-0
2025/09/20 22:09:28 Logged telemetry for Mock RTX 4070 on gpu-2
2025/09/20 22:09:28 Logged telemetry for Mock RTX 4090 on gpu-0
2025/09/20 22:09:28 Logged telemetry for Mock RTX 4080 on gpu-1
2025/09/20 22:09:30 No jobs in queue. Predicting idle period. Sending sleep command.
2025/09/20 22:09:30 Would send sleep command to GPU agent
2025/09/20 22:09:30 Logged telemetry for Mock RTX 4080 on gpu-1
2025/09/20 22:09:30 Logged telemetry for Mock RTX 4070 on gpu-2
2025/09/20 22:09:30 Logged telemetry for Mock RTX 4090 on gpu-0
2025/09/20 22:09:32 Logged telemetry for Mock RTX 4090 on gpu-0
2025/09/20 22:09:32 Logged telemetry for Mock RTX 4080 on gpu-1
2025/09/20 22:09:32 Logged telemetry for Mock RTX 4070 on gpu-2
2025/09/20 22:09:34 Logged telemetry for Mock RTX 4070 on gpu-2
2025/09/20 22:09:34 Logged telemetry for Mock RTX 4090 on gpu-0
2025/09/20 22:09:34 Logged telemetry for Mock RTX 4080 on gpu-1
2025/09/20 22:09:35 No jobs in queue. Predicting idle period. Sending sleep command.
2025/09/20 22:09:35 Would send sleep command to GPU agent
2025/09/20 22:09:36 Logged telemetry for Mock RTX 4080 on gpu-1
2025/09/20 22:09:36 Logged telemetry for Mock RTX 4070 on gpu-2
2025/09/20 22:09:36 Logged telemetry for Mock RTX 4090 on gpu-0
2025/09/20 22:09:38 Logged telemetry for Mock RTX 4090 on gpu-0
2025/09/20 22:09:38 Logged telemetry for Mock RTX 4080 on gpu-1
2025/09/20 22:09:38 Logged telemetry for Mock RTX 4070 on gpu-2
2025/09/20 22:09:40 No jobs in queue. Predicting idle period. Sending sleep command.
2025/09/20 22:09:40 Would send sleep command to GPU agent
2025/09/20 22:09:40 Logged telemetry for Mock RTX 4070 on gpu-2
2025/09/20 22:09:40 Logged telemetry for Mock RTX 4090 on gpu-0
2025/09/20 22:09:40 Logged telemetry for Mock RTX 4080 on gpu-1
2025/09/20 22:09:42 Logged telemetry for Mock RTX 4080 on gpu-1
2025/09/20 22:09:42 Logged telemetry for Mock RTX 4070 on gpu-2
2025/09/20 22:09:42 Logged telemetry for Mock RTX 4090 on gpu-0
2025/09/20 22:09:44 Logged telemetry for Mock RTX 4090 on gpu-0
2025/09/20 22:09:44 Logged telemetry for Mock RTX 4080 on gpu-1
2025/09/20 22:09:44 Logged telemetry for Mock RTX 4070 on gpu-2
2025/09/20 22:09:45 No jobs in queue. Predicting idle period. Sending sleep command.
2025/09/20 22:09:45 Would send sleep command to GPU agent
2025/09/20 22:09:46 Logged telemetry for Mock RTX 4070 on gpu-2
2025/09/20 22:09:46 Logged telemetry for Mock RTX 4090 on gpu-0
2025/09/20 22:09:46 Logged telemetry for Mock RTX 4080 on gpu-1
2025/09/20 22:09:48 Logged telemetry for Mock RTX 4080 on gpu-1
2025/09/20 22:09:48 Logged telemetry for Mock RTX 4090 on gpu-0
2025/09/20 22:09:48 Logged telemetry for Mock RTX 4070 on gpu-2
2025/09/20 22:09:50 No jobs in queue. Predicting idle period. Sending sleep command.
2025/09/20 22:09:50 Would send sleep command to GPU agent
2025/09/20 22:09:50 Logged telemetry for Mock RTX 4070 on gpu-2
2025/09/20 22:09:50 Logged telemetry for Mock RTX 4080 on gpu-1
2025/09/20 22:09:50 Logged telemetry for Mock RTX 4090 on gpu-0
2025/09/20 22:09:52 Logged telemetry for Mock RTX 4090 on gpu-0
2025/09/20 22:09:52 Logged telemetry for Mock RTX 4070 on gpu-2
2025/09/20 22:09:52 Logged telemetry for Mock RTX 4080 on gpu-1
2025/09/20 22:09:54 Logged telemetry for Mock RTX 4080 on gpu-1
2025/09/20 22:09:54 Logged telemetry for Mock RTX 4070 on gpu-2
2025/09/20 22:09:54 Logged telemetry for Mock RTX 4090 on gpu-0
2025/09/20 22:09:55 No jobs in queue. Predicting idle period. Sending sleep command.
2025/09/20 22:09:55 Would send sleep command to GPU agent
2025/09/20 22:09:56 Logged telemetry for Mock RTX 4090 on gpu-0
2025/09/20 22:09:56 Logged telemetry for Mock RTX 4080 on gpu-1
2025/09/20 22:09:56 Logged telemetry for Mock RTX 4070 on gpu-2
2025/09/20 22:09:58 Logged telemetry for Mock RTX 4070 on gpu-2
2025/09/20 22:09:58 Logged telemetry for Mock RTX 4090 on gpu-0
2025/09/20 22:09:58 Logged telemetry for Mock RTX 4080 on gpu-1
2025/09/20 22:10:00 No jobs in queue. Predicting idle period. Sending sleep command.
2025/09/20 22:10:00 Would send sleep command to GPU agent
2025/09/20 22:10:00 Logged telemetry for Mock RTX 4080 on gpu-1
2025/09/20 22:10:00 Logged telemetry for Mock RTX 4070 on gpu-2
2025/09/20 22:10:00 Logged telemetry for Mock RTX 4090 on gpu-0
2025/09/20 22:10:02 Logged telemetry for Mock RTX 4090 on gpu-0
2025/09/20 22:10:02 Logged telemetry for Mock RTX 4080 on gpu-1
2025/09/20 22:10:02 Logged telemetry for Mock RTX 4070 on gpu-2
2025/09/20 22:10:04 Logged telemetry for Mock RTX 4070 on gpu-2
2025/09/20 22:10:04 Logged telemetry for Mock RTX 4090 on gpu-0
2025/09/20 22:10:04 Logged telemetry for Mock RTX 4080 on gpu-1
2025/09/20 22:10:05 No jobs in queue. Predicting idle period. Sending sleep command.
2025/09/20 22:10:05 Would send sleep command to GPU agent
2025/09/20 22:10:06 Logged telemetry for Mock RTX 4080 on gpu-1
2025/09/20 22:10:06 Logged telemetry for Mock RTX 4070 on gpu-2
2025/09/20 22:10:06 Logged telemetry for Mock RTX 4090 on gpu-0
2025/09/20 22:10:08 Logged telemetry for Mock RTX 4090 on gpu-0
2025/09/20 22:10:08 Logged telemetry for Mock RTX 4080 on gpu-1
2025/09/20 22:10:08 Logged telemetry for Mock RTX 4070 on gpu-2
2025/09/20 22:10:10 No jobs in queue. Predicting idle period. Sending sleep command.
2025/09/20 22:10:10 Would send sleep command to GPU agent
2025/09/20 22:10:10 Logged telemetry for Mock RTX 4070 on gpu-2
2025/09/20 22:10:10 Logged telemetry for Mock RTX 4090 on gpu-0
2025/09/20 22:10:10 Logged telemetry for Mock RTX 4080 on gpu-1
2025/09/20 22:10:12 Logged telemetry for Mock RTX 4080 on gpu-1
2025/09/20 22:10:12 Logged telemetry for Mock RTX 4070 on gpu-2
2025/09/20 22:10:12 Logged telemetry for Mock RTX 4090 on gpu-0
2025/09/20 22:10:14 Logged telemetry for Mock RTX 4090 on gpu-0
2025/09/20 22:10:14 Logged telemetry for Mock RTX 4080 on gpu-1
2025/09/20 22:10:14 Logged telemetry for Mock RTX 4070 on gpu-2
2025/09/20 22:10:15 No jobs in queue. Predicting idle period. Sending sleep command.
2025/09/20 22:10:15 Would send sleep command to GPU agent
2025/09/20 22:10:16 Logged telemetry for Mock RTX 4090 on gpu-0
2025/09/20 22:10:16 Logged telemetry for Mock RTX 4070 on gpu-2
2025/09/20 22:10:16 Logged telemetry for Mock RTX 4080 on gpu-1
2025/09/20 22:10:18 Logged telemetry for Mock RTX 4080 on gpu-1
2025/09/20 22:10:18 Logged telemetry for Mock RTX 4070 on gpu-2
2025/09/20 22:10:18 Logged telemetry for Mock RTX 4090 on gpu-0
2025/09/20 22:10:20 No jobs in queue. Predicting idle period. Sending sleep command.
2025/09/20 22:10:20 Would send sleep command to GPU agent
2025/09/20 22:10:20 Logged telemetry for Mock RTX 4090 on gpu-0
2025/09/20 22:10:20 Logged telemetry for Mock RTX 4080 on gpu-1
2025/09/20 22:10:20 Logged telemetry for Mock RTX 4070 on gpu-2
2025/09/20 22:10:22 Logged telemetry for Mock RTX 4070 on gpu-2
2025/09/20 22:10:22 Logged telemetry for Mock RTX 4090 on gpu-0
2025/09/20 22:10:22 Logged telemetry for Mock RTX 4080 on gpu-1
2025/09/20 22:10:24 Logged telemetry for Mock RTX 4080 on gpu-1
2025/09/20 22:10:24 Logged telemetry for Mock RTX 4070 on gpu-2
2025/09/20 22:10:24 Logged telemetry for Mock RTX 4090 on gpu-0
2025/09/20 22:10:25 No jobs in queue. Predicting idle period. Sending sleep command.
2025/09/20 22:10:25 Would send sleep command to GPU agent
2025/09/20 22:10:26 Logged telemetry for Mock RTX 4090 on gpu-0
2025/09/20 22:10:26 Logged telemetry for Mock RTX 4080 on gpu-1
2025/09/20 22:10:26 Logged telemetry for Mock RTX 4070 on gpu-2
2025/09/20 22:10:28 Logged telemetry for Mock RTX 4070 on gpu-2
2025/09/20 22:10:28 Logged telemetry for Mock RTX 4090 on gpu-0
2025/09/20 22:10:28 Logged telemetry for Mock RTX 4080 on gpu-1
2025/09/20 22:10:30 No jobs in queue. Predicting idle period. Sending sleep command.
2025/09/20 22:10:30 Would send sleep command to GPU agent
2025/09/20 22:10:30 Logged telemetry for Mock RTX 4080 on gpu-1
2025/09/20 22:10:30 Logged telemetry for Mock RTX 4070 on gpu-2
2025/09/20 22:10:30 Logged telemetry for Mock RTX 4090 on gpu-0
2025/09/20 22:10:32 Logged telemetry for Mock RTX 4090 on gpu-0
2025/09/20 22:10:32 Logged telemetry for Mock RTX 4080 on gpu-1
2025/09/20 22:10:32 Logged telemetry for Mock RTX 4070 on gpu-2
2025/09/20 22:10:34 Logged telemetry for Mock RTX 4090 on gpu-0
2025/09/20 22:10:34 Logged telemetry for Mock RTX 4070 on gpu-2
2025/09/20 22:10:34 Logged telemetry for Mock RTX 4080 on gpu-1
2025/09/20 22:10:35 No jobs in queue. Predicting idle period. Sending sleep command.
2025/09/20 22:10:35 Would send sleep command to GPU agent
2025/09/20 22:10:36 Logged telemetry for Mock RTX 4080 on gpu-1
2025/09/20 22:10:36 Logged telemetry for Mock RTX 4090 on gpu-0
2025/09/20 22:10:36 Logged telemetry for Mock RTX 4070 on gpu-2
2025/09/20 22:10:38 Logged telemetry for Mock RTX 4070 on gpu-2
2025/09/20 22:10:38 Logged telemetry for Mock RTX 4080 on gpu-1
2025/09/20 22:10:38 Logged telemetry for Mock RTX 4090 on gpu-0
2025/09/20 22:10:40 No jobs in queue. Predicting idle period. Sending sleep command.
2025/09/20 22:10:40 Would send sleep command to GPU agent
2025/09/20 22:10:40 Logged telemetry for Mock RTX 4090 on gpu-0
2025/09/20 22:10:40 Logged telemetry for Mock RTX 4070 on gpu-2
2025/09/20 22:10:40 Logged telemetry for Mock RTX 4080 on gpu-1
2025/09/20 22:10:42 Logged telemetry for Mock RTX 4080 on gpu-1
2025/09/20 22:10:42 Logged telemetry for Mock RTX 4090 on gpu-0
2025/09/20 22:10:42 Logged telemetry for Mock RTX 4070 on gpu-2
2025/09/20 22:10:44 Logged telemetry for Mock RTX 4070 on gpu-2
2025/09/20 22:10:44 Logged telemetry for Mock RTX 4080 on gpu-1
2025/09/20 22:10:44 Logged telemetry for Mock RTX 4090 on gpu-0
2025/09/20 22:10:45 No jobs in queue. Predicting idle period. Sending sleep command.
2025/09/20 22:10:45 Would send sleep command to GPU agent
2025/09/20 22:10:46 Logged telemetry for Mock RTX 4090 on gpu-0
2025/09/20 22:10:46 Logged telemetry for Mock RTX 4070 on gpu-2
2025/09/20 22:10:46 Logged telemetry for Mock RTX 4080 on gpu-1
2025/09/20 22:10:48 Logged telemetry for Mock RTX 4080 on gpu-1
2025/09/20 22:10:48 Logged telemetry for Mock RTX 4090 on gpu-0
2025/09/20 22:10:48 Logged telemetry for Mock RTX 4070 on gpu-2
2025/09/20 22:10:50 No jobs in queue. Predicting idle period. Sending sleep command.
2025/09/20 22:10:50 Would send sleep command to GPU agent
2025/09/20 22:10:50 Logged telemetry for Mock RTX 4070 on gpu-2
2025/09/20 22:10:50 Logged telemetry for Mock RTX 4090 on gpu-0
2025/09/20 22:10:50 Logged telemetry for Mock RTX 4080 on gpu-1
2025/09/20 22:10:52 Logged telemetry for Mock RTX 4080 on gpu-1
2025/09/20 22:10:52 Logged telemetry for Mock RTX 4070 on gpu-2
2025/09/20 22:10:52 Logged telemetry for Mock RTX 4090 on gpu-0
2025/09/20 22:10:54 Logged telemetry for Mock RTX 4090 on gpu-0
2025/09/20 22:10:54 Logged telemetry for Mock RTX 4070 on gpu-2
2025/09/20 22:10:54 Logged telemetry for Mock RTX 4080 on gpu-1
2025/09/20 22:10:55 No jobs in queue. Predicting idle period. Sending sleep command.
2025/09/20 22:10:55 Would send sleep command to GPU agent
2025/09/20 22:10:56 Logged telemetry for Mock RTX 4080 on gpu-1
2025/09/20 22:10:56 Logged telemetry for Mock RTX 4090 on gpu-0
2025/09/20 22:10:56 Logged telemetry for Mock RTX 4070 on gpu-2
2025/09/20 22:10:58 Logged telemetry for Mock RTX 4070 on gpu-2
2025/09/20 22:10:58 Logged telemetry for Mock RTX 4090 on gpu-0
2025/09/20 22:10:58 Logged telemetry for Mock RTX 4080 on gpu-1
2025/09/20 22:11:00 No jobs in queue. Predicting idle period. Sending sleep command.
2025/09/20 22:11:00 Would send sleep command to GPU agent
2025/09/20 22:11:00 Logged telemetry for Mock RTX 4080 on gpu-1
2025/09/20 22:11:00 Logged telemetry for Mock RTX 4070 on gpu-2
2025/09/20 22:11:00 Logged telemetry for Mock RTX 4090 on gpu-0
2025/09/20 22:11:02 Logged telemetry for Mock RTX 4080 on gpu-1
2025/09/20 22:11:02 Logged telemetry for Mock RTX 4090 on gpu-0
2025/09/20 22:11:02 Logged telemetry for Mock RTX 4070 on gpu-2
2025/09/20 22:11:04 Logged telemetry for Mock RTX 4070 on gpu-2
2025/09/20 22:11:04 Logged telemetry for Mock RTX 4080 on gpu-1
2025/09/20 22:11:04 Logged telemetry for Mock RTX 4090 on gpu-0
2025/09/20 22:11:05 No jobs in queue. Predicting idle period. Sending sleep command.
2025/09/20 22:11:05 Would send sleep command to GPU agent
2025/09/20 22:11:06 Logged telemetry for Mock RTX 4090 on gpu-0
2025/09/20 22:11:06 Logged telemetry for Mock RTX 4070 on gpu-2
2025/09/20 22:11:06 Logged telemetry for Mock RTX 4080 on gpu-1
2025/09/20 22:11:08 Logged telemetry for Mock RTX 4080 on gpu-1
2025/09/20 22:11:08 Logged telemetry for Mock RTX 4090 on gpu-0
2025/09/20 22:11:08 Logged telemetry for Mock RTX 4070 on gpu-2
2025/09/20 22:11:10 No jobs in queue. Predicting idle period. Sending sleep command.
2025/09/20 22:11:10 Would send sleep command to GPU agent
2025/09/20 22:11:10 Logged telemetry for Mock RTX 4070 on gpu-2
2025/09/20 22:11:10 Logged telemetry for Mock RTX 4080 on gpu-1
2025/09/20 22:11:10 Logged telemetry for Mock RTX 4090 on gpu-0
2025/09/20 22:11:12 Logged telemetry for Mock RTX 4090 on gpu-0
2025/09/20 22:11:12 Logged telemetry for Mock RTX 4070 on gpu-2
2025/09/20 22:11:12 Logged telemetry for Mock RTX 4080 on gpu-1
2025/09/20 22:11:14 Logged telemetry for Mock RTX 4080 on gpu-1
2025/09/20 22:11:14 Logged telemetry for Mock RTX 4090 on gpu-0
2025/09/20 22:11:14 Logged telemetry for Mock RTX 4070 on gpu-2
2025/09/20 22:11:15 No jobs in queue. Predicting idle period. Sending sleep command.
2025/09/20 22:11:15 Would send sleep command to GPU agent
2025/09/20 22:11:16 Logged telemetry for Mock RTX 4090 on gpu-0
2025/09/20 22:11:16 Logged telemetry for Mock RTX 4080 on gpu-1
2025/09/20 22:11:16 Logged telemetry for Mock RTX 4070 on gpu-2
2025/09/20 22:11:18 Logged telemetry for Mock RTX 4070 on gpu-2
2025/09/20 22:11:18 Logged telemetry for Mock RTX 4090 on gpu-0
2025/09/20 22:11:18 Logged telemetry for Mock RTX 4080 on gpu-1
2025/09/20 22:11:20 No jobs in queue. Predicting idle period. Sending sleep command.
2025/09/20 22:11:20 Would send sleep command to GPU agent
2025/09/20 22:11:20 Logged telemetry for Mock RTX 4080 on gpu-1
2025/09/20 22:11:20 Logged telemetry for Mock RTX 4070 on gpu-2
2025/09/20 22:11:20 Logged telemetry for Mock RTX 4090 on gpu-0
2025/09/20 22:11:22 Logged telemetry for Mock RTX 4090 on gpu-0
2025/09/20 22:11:22 Logged telemetry for Mock RTX 4080 on gpu-1
2025/09/20 22:11:22 Logged telemetry for Mock RTX 4070 on gpu-2
2025/09/20 22:11:24 Logged telemetry for Mock RTX 4070 on gpu-2
2025/09/20 22:11:24 Logged telemetry for Mock RTX 4090 on gpu-0
2025/09/20 22:11:24 Logged telemetry for Mock RTX 4080 on gpu-1
2025/09/20 22:11:25 No jobs in queue. Predicting idle period. Sending sleep command.
2025/09/20 22:11:25 Would send sleep command to GPU agent
2025/09/20 22:11:26 Logged telemetry for Mock RTX 4080 on gpu-1
2025/09/20 22:11:26 Logged telemetry for Mock RTX 4090 on gpu-0
2025/09/20 22:11:26 Logged telemetry for Mock RTX 4070 on gpu-2
2025/09/20 22:11:28 Logged telemetry for Mock RTX 4070 on gpu-2
2025/09/20 22:11:28 Logged telemetry for Mock RTX 4080 on gpu-1
2025/09/20 22:11:28 Logged telemetry for Mock RTX 4090 on gpu-0
2025/09/20 22:11:30 No jobs in queue. Predicting idle period. Sending sleep command.
2025/09/20 22:11:30 Would send sleep command to GPU agent
2025/09/20 22:11:30 Logged telemetry for Mock RTX 4090 on gpu-0
2025/09/20 22:11:30 Logged telemetry for Mock RTX 4070 on gpu-2
2025/09/20 22:11:30 Logged telemetry for Mock RTX 4080 on gpu-1
2025/09/20 22:11:32 Logged telemetry for Mock RTX 4080 on gpu-1
2025/09/20 22:11:32 Logged telemetry for Mock RTX 4090 on gpu-0
2025/09/20 22:11:32 Logged telemetry for Mock RTX 4070 on gpu-2
2025/09/20 22:11:34 Logged telemetry for Mock RTX 4070 on gpu-2
2025/09/20 22:11:34 Logged telemetry for Mock RTX 4080 on gpu-1
2025/09/20 22:11:34 Logged telemetry for Mock RTX 4090 on gpu-0
2025/09/20 22:11:35 No jobs in queue. Predicting idle period. Sending sleep command.
2025/09/20 22:11:35 Would send sleep command to GPU agent
2025/09/20 22:11:36 Logged telemetry for Mock RTX 4090 on gpu-0
2025/09/20 22:11:36 Logged telemetry for Mock RTX 4080 on gpu-1
2025/09/20 22:11:36 Logged telemetry for Mock RTX 4070 on gpu-2
2025/09/20 22:11:38 Logged telemetry for Mock RTX 4070 on gpu-2
2025/09/20 22:11:38 Logged telemetry for Mock RTX 4090 on gpu-0
2025/09/20 22:11:38 Logged telemetry for Mock RTX 4080 on gpu-1
2025/09/20 22:11:40 No jobs in queue. Predicting idle period. Sending sleep command.
2025/09/20 22:11:40 Would send sleep command to GPU agent
2025/09/20 22:11:40 Logged telemetry for Mock RTX 4080 on gpu-1
2025/09/20 22:11:40 Logged telemetry for Mock RTX 4070 on gpu-2
2025/09/20 22:11:40 Logged telemetry for Mock RTX 4090 on gpu-0
2025/09/20 22:11:42 Logged telemetry for Mock RTX 4090 on gpu-0
2025/09/20 22:11:42 Logged telemetry for Mock RTX 4080 on gpu-1
2025/09/20 22:11:42 Logged telemetry for Mock RTX 4070 on gpu-2
2025/09/20 22:11:44 Logged telemetry for Mock RTX 4070 on gpu-2
2025/09/20 22:11:44 Logged telemetry for Mock RTX 4090 on gpu-0
2025/09/20 22:11:44 Logged telemetry for Mock RTX 4080 on gpu-1
2025/09/20 22:11:45 No jobs in queue. Predicting idle period. Sending sleep command.
2025/09/20 22:11:45 Would send sleep command to GPU agent
2025/09/20 22:11:46 Logged telemetry for Mock RTX 4080 on gpu-1
2025/09/20 22:11:46 Logged telemetry for Mock RTX 4070 on gpu-2
2025/09/20 22:11:46 Logged telemetry for Mock RTX 4090 on gpu-0
2025/09/20 22:11:48 Logged telemetry for Mock RTX 4080 on gpu-1
2025/09/20 22:11:48 Logged telemetry for Mock RTX 4090 on gpu-0
2025/09/20 22:11:48 Logged telemetry for Mock RTX 4070 on gpu-2
2025/09/20 22:11:50 No jobs in queue. Predicting idle period. Sending sleep command.
2025/09/20 22:11:50 Would send sleep command to GPU agent
2025/09/20 22:11:50 Logged telemetry for Mock RTX 4070 on gpu-2
2025/09/20 22:11:50 Logged telemetry for Mock RTX 4080 on gpu-1
2025/09/20 22:11:50 Logged telemetry for Mock RTX 4090 on gpu-0
2025/09/20 22:11:52 Logged telemetry for Mock RTX 4090 on gpu-0
2025/09/20 22:11:52 Logged telemetry for Mock RTX 4070 on gpu-2
2025/09/20 22:11:52 Logged telemetry for Mock RTX 4080 on gpu-1
2025/09/20 22:11:54 Logged telemetry for Mock RTX 4080 on gpu-1
2025/09/20 22:11:54 Logged telemetry for Mock RTX 4090 on gpu-0
2025/09/20 22:11:54 Logged telemetry for Mock RTX 4070 on gpu-2
2025/09/20 22:11:55 No jobs in queue. Predicting idle period. Sending sleep command.
2025/09/20 22:11:55 Would send sleep command to GPU agent
2025/09/20 22:11:56 Logged telemetry for Mock RTX 4070 on gpu-2
2025/09/20 22:11:56 Logged telemetry for Mock RTX 4080 on gpu-1
2025/09/20 22:11:56 Logged telemetry for Mock RTX 4090 on gpu-0
2025/09/20 22:11:58 Logged telemetry for Mock RTX 4090 on gpu-0
2025/09/20 22:11:58 Logged telemetry for Mock RTX 4070 on gpu-2
2025/09/20 22:11:58 Logged telemetry for Mock RTX 4080 on gpu-1
2025/09/20 22:12:00 No jobs in queue. Predicting idle period. Sending sleep command.
2025/09/20 22:12:00 Would send sleep command to GPU agent
2025/09/20 22:12:00 Logged telemetry for Mock RTX 4090 on gpu-0
2025/09/20 22:12:00 Logged telemetry for Mock RTX 4080 on gpu-1
2025/09/20 22:12:00 Logged telemetry for Mock RTX 4070 on gpu-2
2025/09/20 22:12:02 Logged telemetry for Mock RTX 4070 on gpu-2
2025/09/20 22:12:02 Logged telemetry for Mock RTX 4080 on gpu-1
2025/09/20 22:12:02 Logged telemetry for Mock RTX 4090 on gpu-0
2025/09/20 22:12:04 Logged telemetry for Mock RTX 4090 on gpu-0
2025/09/20 22:12:04 Logged telemetry for Mock RTX 4070 on gpu-2
2025/09/20 22:12:04 Logged telemetry for Mock RTX 4080 on gpu-1
2025/09/20 22:12:05 No jobs in queue. Predicting idle period. Sending sleep command.
2025/09/20 22:12:05 Would send sleep command to GPU agent
2025/09/20 22:12:06 Logged telemetry for Mock RTX 4080 on gpu-1
2025/09/20 22:12:06 Logged telemetry for Mock RTX 4090 on gpu-0
2025/09/20 22:12:06 Logged telemetry for Mock RTX 4070 on gpu-2
2025/09/20 22:12:08 Logged telemetry for Mock RTX 4070 on gpu-2
2025/09/20 22:12:08 Logged telemetry for Mock RTX 4080 on gpu-1
2025/09/20 22:12:08 Logged telemetry for Mock RTX 4090 on gpu-0
2025/09/20 22:12:10 No jobs in queue. Predicting idle period. Sending sleep command.
2025/09/20 22:12:10 Would send sleep command to GPU agent
2025/09/20 22:12:10 Logged telemetry for Mock RTX 4090 on gpu-0
2025/09/20 22:12:10 Logged telemetry for Mock RTX 4070 on gpu-2
2025/09/20 22:12:10 Logged telemetry for Mock RTX 4080 on gpu-1
2025/09/20 22:12:12 Logged telemetry for Mock RTX 4080 on gpu-1
2025/09/20 22:12:12 Logged telemetry for Mock RTX 4090 on gpu-0
2025/09/20 22:12:12 Logged telemetry for Mock RTX 4070 on gpu-2
2025/09/20 22:12:14 Logged telemetry for Mock RTX 4070 on gpu-2
2025/09/20 22:12:14 Logged telemetry for Mock RTX 4080 on gpu-1
2025/09/20 22:12:14 Logged telemetry for Mock RTX 4090 on gpu-0
2025/09/20 22:12:15 No jobs in queue. Predicting idle period. Sending sleep command.
2025/09/20 22:12:15 Would send sleep command to GPU agent
2025/09/20 22:12:16 Logged telemetry for Mock RTX 4090 on gpu-0
2025/09/20 22:12:16 Logged telemetry for Mock RTX 4070 on gpu-2
2025/09/20 22:12:16 Logged telemetry for Mock RTX 4080 on gpu-1
2025/09/20 22:12:18 Logged telemetry for Mock RTX 4080 on gpu-1
2025/09/20 22:12:18 Logged telemetry for Mock RTX 4090 on gpu-0
2025/09/20 22:12:18 Logged telemetry for Mock RTX 4070 on gpu-2
2025/09/20 22:12:20 No jobs in queue. Predicting idle period. Sending sleep command.
2025/09/20 22:12:20 Would send sleep command to GPU agent
2025/09/20 22:12:20 Logged telemetry for Mock RTX 4080 on gpu-1
2025/09/20 22:12:20 Logged telemetry for Mock RTX 4090 on gpu-0
2025/09/20 22:12:20 Logged telemetry for Mock RTX 4070 on gpu-2
2025/09/20 22:12:22 Logged telemetry for Mock RTX 4070 on gpu-2
2025/09/20 22:12:22 Logged telemetry for Mock RTX 4090 on gpu-0
2025/09/20 22:12:22 Logged telemetry for Mock RTX 4080 on gpu-1
2025/09/20 22:12:24 Logged telemetry for Mock RTX 4080 on gpu-1
2025/09/20 22:12:24 Logged telemetry for Mock RTX 4070 on gpu-2
2025/09/20 22:12:24 Logged telemetry for Mock RTX 4090 on gpu-0
2025/09/20 22:12:25 No jobs in queue. Predicting idle period. Sending sleep command.
2025/09/20 22:12:25 Would send sleep command to GPU agent
2025/09/20 22:12:26 Logged telemetry for Mock RTX 4090 on gpu-0
2025/09/20 22:12:26 Logged telemetry for Mock RTX 4080 on gpu-1
2025/09/20 22:12:26 Logged telemetry for Mock RTX 4070 on gpu-2
2025/09/20 22:12:28 Logged telemetry for Mock RTX 4070 on gpu-2
2025/09/20 22:12:28 Logged telemetry for Mock RTX 4080 on gpu-1
2025/09/20 22:12:28 Logged telemetry for Mock RTX 4090 on gpu-0
2025/09/20 22:12:30 No jobs in queue. Predicting idle period. Sending sleep command.
2025/09/20 22:12:30 Would send sleep command to GPU agent
2025/09/20 22:12:30 Logged telemetry for Mock RTX 4090 on gpu-0
2025/09/20 22:12:30 Logged telemetry for Mock RTX 4080 on gpu-1
2025/09/20 22:12:30 Logged telemetry for Mock RTX 4070 on gpu-2
2025/09/20 22:12:32 Logged telemetry for Mock RTX 4070 on gpu-2
2025/09/20 22:12:32 Logged telemetry for Mock RTX 4090 on gpu-0
2025/09/20 22:12:32 Logged telemetry for Mock RTX 4080 on gpu-1
2025/09/20 22:12:34 Logged telemetry for Mock RTX 4080 on gpu-1
2025/09/20 22:12:34 Logged telemetry for Mock RTX 4070 on gpu-2
2025/09/20 22:12:34 Logged telemetry for Mock RTX 4090 on gpu-0
2025/09/20 22:12:35 No jobs in queue. Predicting idle period. Sending sleep command.
2025/09/20 22:12:35 Would send sleep command to GPU agent
2025/09/20 22:12:36 Logged telemetry for Mock RTX 4090 on gpu-0
2025/09/20 22:12:36 Logged telemetry for Mock RTX 4080 on gpu-1
2025/09/20 22:12:36 Logged telemetry for Mock RTX 4070 on gpu-2
2025/09/20 22:12:38 Logged telemetry for Mock RTX 4070 on gpu-2
2025/09/20 22:12:38 Logged telemetry for Mock RTX 4090 on gpu-0
2025/09/20 22:12:38 Logged telemetry for Mock RTX 4080 on gpu-1
2025/09/20 22:12:40 No jobs in queue. Predicting idle period. Sending sleep command.
2025/09/20 22:12:40 Would send sleep command to GPU agent
2025/09/20 22:12:40 Logged telemetry for Mock RTX 4080 on gpu-1
2025/09/20 22:12:40 Logged telemetry for Mock RTX 4070 on gpu-2
2025/09/20 22:12:40 Logged telemetry for Mock RTX 4090 on gpu-0
2025/09/20 22:12:42 Logged telemetry for Mock RTX 4090 on gpu-0
2025/09/20 22:12:42 Logged telemetry for Mock RTX 4080 on gpu-1
2025/09/20 22:12:42 Logged telemetry for Mock RTX 4070 on gpu-2
2025/09/20 22:12:44 Logged telemetry for Mock RTX 4070 on gpu-2
2025/09/20 22:12:44 Logged telemetry for Mock RTX 4090 on gpu-0
2025/09/20 22:12:44 Logged telemetry for Mock RTX 4080 on gpu-1
2025/09/20 22:12:45 No jobs in queue. Predicting idle period. Sending sleep command.
2025/09/20 22:12:45 Would send sleep command to GPU agent
2025/09/20 22:12:46 Logged telemetry for Mock RTX 4080 on gpu-1
2025/09/20 22:12:46 Logged telemetry for Mock RTX 4070 on gpu-2
2025/09/20 22:12:46 Logged telemetry for Mock RTX 4090 on gpu-0
2025/09/20 22:12:48 Logged telemetry for Mock RTX 4090 on gpu-0
2025/09/20 22:12:48 Logged telemetry for Mock RTX 4080 on gpu-1
2025/09/20 22:12:48 Logged telemetry for Mock RTX 4070 on gpu-2
2025/09/20 22:12:50 No jobs in queue. Predicting idle period. Sending sleep command.
2025/09/20 22:12:50 Would send sleep command to GPU agent
2025/09/20 22:12:50 Logged telemetry for Mock RTX 4070 on gpu-2
2025/09/20 22:12:50 Logged telemetry for Mock RTX 4090 on gpu-0
2025/09/20 22:12:50 Logged telemetry for Mock RTX 4080 on gpu-1
2025/09/20 22:12:52 Logged telemetry for Mock RTX 4080 on gpu-1
2025/09/20 22:12:52 Logged telemetry for Mock RTX 4090 on gpu-0
2025/09/20 22:12:52 Logged telemetry for Mock RTX 4070 on gpu-2
2025/09/20 22:12:54 Logged telemetry for Mock RTX 4070 on gpu-2
2025/09/20 22:12:54 Logged telemetry for Mock RTX 4080 on gpu-1
2025/09/20 22:12:54 Logged telemetry for Mock RTX 4090 on gpu-0
2025/09/20 22:12:55 No jobs in queue. Predicting idle period. Sending sleep command.
2025/09/20 22:12:55 Would send sleep command to GPU agent
2025/09/20 22:12:56 Logged telemetry for Mock RTX 4090 on gpu-0
2025/09/20 22:12:56 Logged telemetry for Mock RTX 4070 on gpu-2
2025/09/20 22:12:56 Logged telemetry for Mock RTX 4080 on gpu-1
2025/09/20 22:12:58 Logged telemetry for Mock RTX 4080 on gpu-1
2025/09/20 22:12:58 Logged telemetry for Mock RTX 4090 on gpu-0
2025/09/20 22:12:58 Logged telemetry for Mock RTX 4070 on gpu-2
2025/09/20 22:13:00 No jobs in queue. Predicting idle period. Sending sleep command.
2025/09/20 22:13:00 Would send sleep command to GPU agent
2025/09/20 22:13:00 Logged telemetry for Mock RTX 4070 on gpu-2
2025/09/20 22:13:00 Logged telemetry for Mock RTX 4080 on gpu-1
2025/09/20 22:13:00 Logged telemetry for Mock RTX 4090 on gpu-0
2025/09/20 22:13:02 Logged telemetry for Mock RTX 4090 on gpu-0
2025/09/20 22:13:02 Logged telemetry for Mock RTX 4070 on gpu-2
2025/09/20 22:13:02 Logged telemetry for Mock RTX 4080 on gpu-1
2025/09/20 22:13:04 Logged telemetry for Mock RTX 4090 on gpu-0
2025/09/20 22:13:04 Logged telemetry for Mock RTX 4080 on gpu-1
2025/09/20 22:13:04 Logged telemetry for Mock RTX 4070 on gpu-2
2025/09/20 22:13:05 No jobs in queue. Predicting idle period. Sending sleep command.
2025/09/20 22:13:05 Would send sleep command to GPU agent
2025/09/20 22:13:06 Logged telemetry for Mock RTX 4080 on gpu-1
2025/09/20 22:13:06 Logged telemetry for Mock RTX 4090 on gpu-0
2025/09/20 22:13:06 Logged telemetry for Mock RTX 4070 on gpu-2
2025/09/20 22:13:08 Logged telemetry for Mock RTX 4070 on gpu-2
2025/09/20 22:13:08 Logged telemetry for Mock RTX 4080 on gpu-1
2025/09/20 22:13:08 Logged telemetry for Mock RTX 4090 on gpu-0
2025/09/20 22:13:10 No jobs in queue. Predicting idle period. Sending sleep command.
2025/09/20 22:13:10 Would send sleep command to GPU agent
2025/09/20 22:13:10 Logged telemetry for Mock RTX 4090 on gpu-0
2025/09/20 22:13:10 Logged telemetry for Mock RTX 4080 on gpu-1
2025/09/20 22:13:10 Logged telemetry for Mock RTX 4070 on gpu-2
2025/09/20 22:13:12 Logged telemetry for Mock RTX 4090 on gpu-0
2025/09/20 22:13:12 Logged telemetry for Mock RTX 4070 on gpu-2
2025/09/20 22:13:12 Logged telemetry for Mock RTX 4080 on gpu-1
2025/09/20 22:13:14 Logged telemetry for Mock RTX 4080 on gpu-1
2025/09/20 22:13:14 Logged telemetry for Mock RTX 4070 on gpu-2
2025/09/20 22:13:14 Logged telemetry for Mock RTX 4090 on gpu-0
2025/09/20 22:13:15 No jobs in queue. Predicting idle period. Sending sleep command.
2025/09/20 22:13:15 Would send sleep command to GPU agent
2025/09/20 22:13:16 Logged telemetry for Mock RTX 4090 on gpu-0
2025/09/20 22:13:16 Logged telemetry for Mock RTX 4080 on gpu-1
2025/09/20 22:13:16 Logged telemetry for Mock RTX 4070 on gpu-2
2025/09/20 22:13:18 Logged telemetry for Mock RTX 4070 on gpu-2
2025/09/20 22:13:18 Logged telemetry for Mock RTX 4080 on gpu-1
2025/09/20 22:13:18 Logged telemetry for Mock RTX 4090 on gpu-0
2025/09/20 22:13:20 No jobs in queue. Predicting idle period. Sending sleep command.
2025/09/20 22:13:20 Would send sleep command to GPU agent
2025/09/20 22:13:20 Logged telemetry for Mock RTX 4090 on gpu-0
2025/09/20 22:13:20 Logged telemetry for Mock RTX 4070 on gpu-2
2025/09/20 22:13:20 Logged telemetry for Mock RTX 4080 on gpu-1
2025/09/20 22:13:22 Logged telemetry for Mock RTX 4080 on gpu-1
2025/09/20 22:13:22 Logged telemetry for Mock RTX 4090 on gpu-0
2025/09/20 22:13:22 Logged telemetry for Mock RTX 4070 on gpu-2
2025/09/20 22:13:24 Logged telemetry for Mock RTX 4070 on gpu-2
2025/09/20 22:13:24 Logged telemetry for Mock RTX 4080 on gpu-1
2025/09/20 22:13:24 Logged telemetry for Mock RTX 4090 on gpu-0
2025/09/20 22:13:25 No jobs in queue. Predicting idle period. Sending sleep command.
2025/09/20 22:13:25 Would send sleep command to GPU agent
2025/09/20 22:13:26 Logged telemetry for Mock RTX 4090 on gpu-0
2025/09/20 22:13:26 Logged telemetry for Mock RTX 4070 on gpu-2
2025/09/20 22:13:26 Logged telemetry for Mock RTX 4080 on gpu-1
2025/09/20 22:13:28 Logged telemetry for Mock RTX 4080 on gpu-1
2025/09/20 22:13:28 Logged telemetry for Mock RTX 4090 on gpu-0
2025/09/20 22:13:28 Logged telemetry for Mock RTX 4070 on gpu-2
2025/09/20 22:13:30 No jobs in queue. Predicting idle period. Sending sleep command.
2025/09/20 22:13:30 Would send sleep command to GPU agent
2025/09/20 22:13:30 Logged telemetry for Mock RTX 4070 on gpu-2
2025/09/20 22:13:30 Logged telemetry for Mock RTX 4080 on gpu-1
2025/09/20 22:13:30 Logged telemetry for Mock RTX 4090 on gpu-0
2025/09/20 22:13:32 Logged telemetry for Mock RTX 4090 on gpu-0
2025/09/20 22:13:32 Logged telemetry for Mock RTX 4070 on gpu-2
2025/09/20 22:13:32 Logged telemetry for Mock RTX 4080 on gpu-1
2025/09/20 22:13:34 Logged telemetry for Mock RTX 4080 on gpu-1
2025/09/20 22:13:34 Logged telemetry for Mock RTX 4090 on gpu-0
2025/09/20 22:13:34 Logged telemetry for Mock RTX 4070 on gpu-2
2025/09/20 22:13:35 No jobs in queue. Predicting idle period. Sending sleep command.
2025/09/20 22:13:35 Would send sleep command to GPU agent
2025/09/20 22:13:36 Logged telemetry for Mock RTX 4070 on gpu-2
2025/09/20 22:13:36 Logged telemetry for Mock RTX 4080 on gpu-1
2025/09/20 22:13:36 Logged telemetry for Mock RTX 4090 on gpu-0
2025/09/20 22:13:38 Logged telemetry for Mock RTX 4090 on gpu-0
2025/09/20 22:13:38 Logged telemetry for Mock RTX 4070 on gpu-2
2025/09/20 22:13:38 Logged telemetry for Mock RTX 4080 on gpu-1
2025/09/20 22:13:40 No jobs in queue. Predicting idle period. Sending sleep command.
2025/09/20 22:13:40 Would send sleep command to GPU agent
2025/09/20 22:13:40 Logged telemetry for Mock RTX 4080 on gpu-1
2025/09/20 22:13:40 Logged telemetry for Mock RTX 4090 on gpu-0
2025/09/20 22:13:40 Logged telemetry for Mock RTX 4070 on gpu-2
2025/09/20 22:13:42 Logged telemetry for Mock RTX 4070 on gpu-2
2025/09/20 22:13:42 Logged telemetry for Mock RTX 4080 on gpu-1
2025/09/20 22:13:42 Logged telemetry for Mock RTX 4090 on gpu-0
2025/09/20 22:13:44 Logged telemetry for Mock RTX 4090 on gpu-0
2025/09/20 22:13:44 Logged telemetry for Mock RTX 4070 on gpu-2
2025/09/20 22:13:44 Logged telemetry for Mock RTX 4080 on gpu-1
2025/09/20 22:13:45 No jobs in queue. Predicting idle period. Sending sleep command.
2025/09/20 22:13:45 Would send sleep command to GPU agent
2025/09/20 22:13:46 Logged telemetry for Mock RTX 4080 on gpu-1
2025/09/20 22:13:46 Logged telemetry for Mock RTX 4090 on gpu-0
2025/09/20 22:13:46 Logged telemetry for Mock RTX 4070 on gpu-2
2025/09/20 22:13:48 Logged telemetry for Mock RTX 4080 on gpu-1
2025/09/20 22:13:48 Logged telemetry for Mock RTX 4070 on gpu-2
2025/09/20 22:13:48 Logged telemetry for Mock RTX 4090 on gpu-0
2025/09/20 22:13:50 No jobs in queue. Predicting idle period. Sending sleep command.
2025/09/20 22:13:50 Would send sleep command to GPU agent
2025/09/20 22:13:50 Logged telemetry for Mock RTX 4090 on gpu-0
2025/09/20 22:13:50 Logged telemetry for Mock RTX 4080 on gpu-1
2025/09/20 22:13:50 Logged telemetry for Mock RTX 4070 on gpu-2
2025/09/20 22:13:52 Logged telemetry for Mock RTX 4090 on gpu-0
2025/09/20 22:13:52 Logged telemetry for Mock RTX 4070 on gpu-2
2025/09/20 22:13:52 Logged telemetry for Mock RTX 4080 on gpu-1
2025/09/20 22:13:54 Logged telemetry for Mock RTX 4080 on gpu-1
2025/09/20 22:13:54 Logged telemetry for Mock RTX 4070 on gpu-2
2025/09/20 22:13:54 Logged telemetry for Mock RTX 4090 on gpu-0
2025/09/20 22:13:55 No jobs in queue. Predicting idle period. Sending sleep command.
2025/09/20 22:13:55 Would send sleep command to GPU agent
2025/09/20 22:13:56 Logged telemetry for Mock RTX 4090 on gpu-0
2025/09/20 22:13:56 Logged telemetry for Mock RTX 4080 on gpu-1
2025/09/20 22:13:56 Logged telemetry for Mock RTX 4070 on gpu-2
2025/09/20 22:13:58 Logged telemetry for Mock RTX 4070 on gpu-2
2025/09/20 22:13:58 Logged telemetry for Mock RTX 4090 on gpu-0
2025/09/20 22:13:58 Logged telemetry for Mock RTX 4080 on gpu-1
2025/09/20 22:14:00 No jobs in queue. Predicting idle period. Sending sleep command.
2025/09/20 22:14:00 Would send sleep command to GPU agent
2025/09/20 22:14:00 Logged telemetry for Mock RTX 4080 on gpu-1
2025/09/20 22:14:00 Logged telemetry for Mock RTX 4070 on gpu-2
2025/09/20 22:14:00 Logged telemetry for Mock RTX 4090 on gpu-0
2025/09/20 22:14:02 Logged telemetry for Mock RTX 4090 on gpu-0
2025/09/20 22:14:02 Logged telemetry for Mock RTX 4080 on gpu-1
2025/09/20 22:14:02 Logged telemetry for Mock RTX 4070 on gpu-2
2025/09/20 22:14:04 Logged telemetry for Mock RTX 4090 on gpu-0
2025/09/20 22:14:04 Logged telemetry for Mock RTX 4070 on gpu-2
2025/09/20 22:14:04 Logged telemetry for Mock RTX 4080 on gpu-1
2025/09/20 22:14:05 No jobs in queue. Predicting idle period. Sending sleep command.
2025/09/20 22:14:05 Would send sleep command to GPU agent
2025/09/20 22:14:06 Logged telemetry for Mock RTX 4080 on gpu-1
2025/09/20 22:14:06 Logged telemetry for Mock RTX 4070 on gpu-2
2025/09/20 22:14:06 Logged telemetry for Mock RTX 4090 on gpu-0
2025/09/20 22:14:08 Logged telemetry for Mock RTX 4080 on gpu-1
2025/09/20 22:14:08 Logged telemetry for Mock RTX 4090 on gpu-0
2025/09/20 22:14:08 Logged telemetry for Mock RTX 4070 on gpu-2
2025/09/20 22:14:10 No jobs in queue. Predicting idle period. Sending sleep command.
2025/09/20 22:14:10 Would send sleep command to GPU agent
2025/09/20 22:14:10 Logged telemetry for Mock RTX 4070 on gpu-2
2025/09/20 22:14:10 Logged telemetry for Mock RTX 4090 on gpu-0
2025/09/20 22:14:10 Logged telemetry for Mock RTX 4080 on gpu-1
2025/09/20 22:14:12 Logged telemetry for Mock RTX 4080 on gpu-1
2025/09/20 22:14:12 Logged telemetry for Mock RTX 4070 on gpu-2
2025/09/20 22:14:12 Logged telemetry for Mock RTX 4090 on gpu-0
2025/09/20 22:14:14 Logged telemetry for Mock RTX 4090 on gpu-0
2025/09/20 22:14:14 Logged telemetry for Mock RTX 4080 on gpu-1
2025/09/20 22:14:14 Logged telemetry for Mock RTX 4070 on gpu-2
2025/09/20 22:14:15 No jobs in queue. Predicting idle period. Sending sleep command.
2025/09/20 22:14:15 Would send sleep command to GPU agent
2025/09/20 22:14:16 Logged telemetry for Mock RTX 4070 on gpu-2
2025/09/20 22:14:16 Logged telemetry for Mock RTX 4090 on gpu-0
2025/09/20 22:14:16 Logged telemetry for Mock RTX 4080 on gpu-1
2025/09/20 22:14:18 Logged telemetry for Mock RTX 4080 on gpu-1
2025/09/20 22:14:18 Logged telemetry for Mock RTX 4070 on gpu-2
2025/09/20 22:14:18 Logged telemetry for Mock RTX 4090 on gpu-0
2025/09/20 22:14:20 No jobs in queue. Predicting idle period. Sending sleep command.
2025/09/20 22:14:20 Would send sleep command to GPU agent
2025/09/20 22:14:20 Logged telemetry for Mock RTX 4090 on gpu-0
2025/09/20 22:14:20 Logged telemetry for Mock RTX 4080 on gpu-1
2025/09/20 22:14:20 Logged telemetry for Mock RTX 4070 on gpu-2
2025/09/20 22:14:22 Logged telemetry for Mock RTX 4070 on gpu-2
2025/09/20 22:14:22 Logged telemetry for Mock RTX 4090 on gpu-0
2025/09/20 22:14:22 Logged telemetry for Mock RTX 4080 on gpu-1
2025/09/20 22:14:24 Logged telemetry for Mock RTX 4070 on gpu-2
2025/09/20 22:14:24 Logged telemetry for Mock RTX 4080 on gpu-1
2025/09/20 22:14:24 Logged telemetry for Mock RTX 4090 on gpu-0
2025/09/20 22:14:25 No jobs in queue. Predicting idle period. Sending sleep command.
2025/09/20 22:14:25 Would send sleep command to GPU agent
2025/09/20 22:14:26 Logged telemetry for Mock RTX 4090 on gpu-0
2025/09/20 22:14:26 Logged telemetry for Mock RTX 4070 on gpu-2
2025/09/20 22:14:26 Logged telemetry for Mock RTX 4080 on gpu-1
2025/09/20 22:14:28 Logged telemetry for Mock RTX 4080 on gpu-1
2025/09/20 22:14:28 Logged telemetry for Mock RTX 4070 on gpu-2
2025/09/20 22:14:28 Logged telemetry for Mock RTX 4090 on gpu-0
2025/09/20 22:14:30 No jobs in queue. Predicting idle period. Sending sleep command.
2025/09/20 22:14:30 Would send sleep command to GPU agent
2025/09/20 22:14:30 Logged telemetry for Mock RTX 4090 on gpu-0
2025/09/20 22:14:30 Logged telemetry for Mock RTX 4080 on gpu-1
2025/09/20 22:14:30 Logged telemetry for Mock RTX 4070 on gpu-2
2025/09/20 22:14:32 Logged telemetry for Mock RTX 4070 on gpu-2
2025/09/20 22:14:32 Logged telemetry for Mock RTX 4080 on gpu-1
2025/09/20 22:14:32 Logged telemetry for Mock RTX 4090 on gpu-0
2025/09/20 22:14:34 Logged telemetry for Mock RTX 4090 on gpu-0
2025/09/20 22:14:34 Logged telemetry for Mock RTX 4070 on gpu-2
2025/09/20 22:14:34 Logged telemetry for Mock RTX 4080 on gpu-1
2025/09/20 22:14:35 No jobs in queue. Predicting idle period. Sending sleep command.
2025/09/20 22:14:35 Would send sleep command to GPU agent
2025/09/20 22:14:36 Logged telemetry for Mock RTX 4080 on gpu-1
2025/09/20 22:14:36 Logged telemetry for Mock RTX 4090 on gpu-0
2025/09/20 22:14:36 Logged telemetry for Mock RTX 4070 on gpu-2
2025/09/20 22:14:38 Logged telemetry for Mock RTX 4070 on gpu-2
2025/09/20 22:14:38 Logged telemetry for Mock RTX 4080 on gpu-1
2025/09/20 22:14:38 Logged telemetry for Mock RTX 4090 on gpu-0
2025/09/20 22:14:40 No jobs in queue. Predicting idle period. Sending sleep command.
2025/09/20 22:14:40 Would send sleep command to GPU agent
2025/09/20 22:14:40 Logged telemetry for Mock RTX 4090 on gpu-0
2025/09/20 22:14:40 Logged telemetry for Mock RTX 4080 on gpu-1
2025/09/20 22:14:40 Logged telemetry for Mock RTX 4070 on gpu-2
2025/09/20 22:14:42 Logged telemetry for Mock RTX 4070 on gpu-2
2025/09/20 22:14:42 Logged telemetry for Mock RTX 4090 on gpu-0
2025/09/20 22:14:42 Logged telemetry for Mock RTX 4080 on gpu-1
2025/09/20 22:14:44 Logged telemetry for Mock RTX 4080 on gpu-1
2025/09/20 22:14:44 Logged telemetry for Mock RTX 4070 on gpu-2
2025/09/20 22:14:44 Logged telemetry for Mock RTX 4090 on gpu-0
2025/09/20 22:14:45 No jobs in queue. Predicting idle period. Sending sleep command.
2025/09/20 22:14:45 Would send sleep command to GPU agent
2025/09/20 22:14:46 Logged telemetry for Mock RTX 4090 on gpu-0
2025/09/20 22:14:46 Logged telemetry for Mock RTX 4080 on gpu-1
2025/09/20 22:14:46 Logged telemetry for Mock RTX 4070 on gpu-2
2025/09/20 22:14:48 Logged telemetry for Mock RTX 4070 on gpu-2
2025/09/20 22:14:48 Logged telemetry for Mock RTX 4090 on gpu-0
2025/09/20 22:14:48 Logged telemetry for Mock RTX 4080 on gpu-1
2025/09/20 22:14:50 No jobs in queue. Predicting idle period. Sending sleep command.
2025/09/20 22:14:50 Would send sleep command to GPU agent
2025/09/20 22:14:50 Logged telemetry for Mock RTX 4080 on gpu-1
2025/09/20 22:14:50 Logged telemetry for Mock RTX 4090 on gpu-0
2025/09/20 22:14:50 Logged telemetry for Mock RTX 4070 on gpu-2
2025/09/20 22:14:52 Logged telemetry for Mock RTX 4070 on gpu-2
2025/09/20 22:14:52 Logged telemetry for Mock RTX 4080 on gpu-1
2025/09/20 22:14:52 Logged telemetry for Mock RTX 4090 on gpu-0
2025/09/20 22:14:54 Logged telemetry for Mock RTX 4090 on gpu-0
2025/09/20 22:14:54 Logged telemetry for Mock RTX 4070 on gpu-2
2025/09/20 22:14:54 Logged telemetry for Mock RTX 4080 on gpu-1
2025/09/20 22:14:55 No jobs in queue. Predicting idle period. Sending sleep command.
2025/09/20 22:14:55 Would send sleep command to GPU agent
2025/09/20 22:14:56 Logged telemetry for Mock RTX 4080 on gpu-1
2025/09/20 22:14:56 Logged telemetry for Mock RTX 4090 on gpu-0
2025/09/20 22:14:56 Logged telemetry for Mock RTX 4070 on gpu-2
2025/09/20 22:14:58 Logged telemetry for Mock RTX 4070 on gpu-2
2025/09/20 22:14:58 Logged telemetry for Mock RTX 4080 on gpu-1
2025/09/20 22:14:58 Logged telemetry for Mock RTX 4090 on gpu-0
2025/09/20 22:15:00 No jobs in queue. Predicting idle period. Sending sleep command.
2025/09/20 22:15:00 Would send sleep command to GPU agent
2025/09/20 22:15:00 Logged telemetry for Mock RTX 4090 on gpu-0
2025/09/20 22:15:00 Logged telemetry for Mock RTX 4070 on gpu-2
2025/09/20 22:15:00 Logged telemetry for Mock RTX 4080 on gpu-1
2025/09/20 22:15:02 Logged telemetry for Mock RTX 4080 on gpu-1
2025/09/20 22:15:02 Logged telemetry for Mock RTX 4090 on gpu-0
2025/09/20 22:15:02 Logged telemetry for Mock RTX 4070 on gpu-2
2025/09/20 22:15:04 Logged telemetry for Mock RTX 4070 on gpu-2
2025/09/20 22:15:04 Logged telemetry for Mock RTX 4080 on gpu-1
2025/09/20 22:15:04 Logged telemetry for Mock RTX 4090 on gpu-0
2025/09/20 22:15:05 No jobs in queue. Predicting idle period. Sending sleep command.
2025/09/20 22:15:05 Would send sleep command to GPU agent
2025/09/20 22:15:06 Logged telemetry for Mock RTX 4090 on gpu-0
2025/09/20 22:15:06 Logged telemetry for Mock RTX 4070 on gpu-2
2025/09/20 22:15:06 Logged telemetry for Mock RTX 4080 on gpu-1
2025/09/20 22:15:08 Logged telemetry for Mock RTX 4090 on gpu-0
2025/09/20 22:15:08 Logged telemetry for Mock RTX 4080 on gpu-1
2025/09/20 22:15:08 Logged telemetry for Mock RTX 4070 on gpu-2
2025/09/20 22:15:10 No jobs in queue. Predicting idle period. Sending sleep command.
2025/09/20 22:15:10 Would send sleep command to GPU agent
2025/09/20 22:15:10 Logged telemetry for Mock RTX 4070 on gpu-2
2025/09/20 22:15:10 Logged telemetry for Mock RTX 4080 on gpu-1
2025/09/20 22:15:10 Logged telemetry for Mock RTX 4090 on gpu-0
2025/09/20 22:15:12 Logged telemetry for Mock RTX 4090 on gpu-0
2025/09/20 22:15:12 Logged telemetry for Mock RTX 4070 on gpu-2
2025/09/20 22:15:12 Logged telemetry for Mock RTX 4080 on gpu-1
2025/09/20 22:15:14 Logged telemetry for Mock RTX 4080 on gpu-1
2025/09/20 22:15:14 Logged telemetry for Mock RTX 4090 on gpu-0
2025/09/20 22:15:14 Logged telemetry for Mock RTX 4070 on gpu-2
2025/09/20 22:15:15 No jobs in queue. Predicting idle period. Sending sleep command.
2025/09/20 22:15:15 Would send sleep command to GPU agent
2025/09/20 22:15:16 Logged telemetry for Mock RTX 4070 on gpu-2
2025/09/20 22:15:16 Logged telemetry for Mock RTX 4080 on gpu-1
2025/09/20 22:15:16 Logged telemetry for Mock RTX 4090 on gpu-0
2025/09/20 22:15:18 Logged telemetry for Mock RTX 4090 on gpu-0
2025/09/20 22:15:18 Logged telemetry for Mock RTX 4070 on gpu-2
2025/09/20 22:15:18 Logged telemetry for Mock RTX 4080 on gpu-1
2025/09/20 22:15:20 No jobs in queue. Predicting idle period. Sending sleep command.
2025/09/20 22:15:20 Would send sleep command to GPU agent
2025/09/20 22:15:20 Logged telemetry for Mock RTX 4080 on gpu-1
2025/09/20 22:15:20 Logged telemetry for Mock RTX 4090 on gpu-0
2025/09/20 22:15:20 Logged telemetry for Mock RTX 4070 on gpu-2
2025/09/20 22:15:22 Logged telemetry for Mock RTX 4070 on gpu-2
2025/09/20 22:15:22 Logged telemetry for Mock RTX 4080 on gpu-1
2025/09/20 22:15:22 Logged telemetry for Mock RTX 4090 on gpu-0
2025/09/20 22:15:24 Logged telemetry for Mock RTX 4090 on gpu-0
2025/09/20 22:15:24 Logged telemetry for Mock RTX 4070 on gpu-2
2025/09/20 22:15:24 Logged telemetry for Mock RTX 4080 on gpu-1
2025/09/20 22:15:25 No jobs in queue. Predicting idle period. Sending sleep command.
2025/09/20 22:15:25 Would send sleep command to GPU agent
2025/09/20 22:15:26 Logged telemetry for Mock RTX 4080 on gpu-1
2025/09/20 22:15:26 Logged telemetry for Mock RTX 4090 on gpu-0
2025/09/20 22:15:26 Logged telemetry for Mock RTX 4070 on gpu-2
2025/09/20 22:15:28 Logged telemetry for Mock RTX 4090 on gpu-0
2025/09/20 22:15:28 Logged telemetry for Mock RTX 4080 on gpu-1
2025/09/20 22:15:28 Logged telemetry for Mock RTX 4070 on gpu-2
2025/09/20 22:15:30 No jobs in queue. Predicting idle period. Sending sleep command.
2025/09/20 22:15:30 Would send sleep command to GPU agent
2025/09/20 22:15:30 Logged telemetry for Mock RTX 4070 on gpu-2
2025/09/20 22:15:30 Logged telemetry for Mock RTX 4090 on gpu-0
2025/09/20 22:15:30 Logged telemetry for Mock RTX 4080 on gpu-1
2025/09/20 22:15:32 Logged telemetry for Mock RTX 4080 on gpu-1
2025/09/20 22:15:32 Logged telemetry for Mock RTX 4070 on gpu-2
2025/09/20 22:15:32 Logged telemetry for Mock RTX 4090 on gpu-0
2025/09/20 22:15:34 Logged telemetry for Mock RTX 4090 on gpu-0
2025/09/20 22:15:34 Logged telemetry for Mock RTX 4080 on gpu-1
2025/09/20 22:15:34 Logged telemetry for Mock RTX 4070 on gpu-2
2025/09/20 22:15:35 No jobs in queue. Predicting idle period. Sending sleep command.
2025/09/20 22:15:35 Would send sleep command to GPU agent
2025/09/20 22:15:36 Logged telemetry for Mock RTX 4090 on gpu-0
2025/09/20 22:15:36 Logged telemetry for Mock RTX 4070 on gpu-2
2025/09/20 22:15:36 Logged telemetry for Mock RTX 4080 on gpu-1
2025/09/20 22:15:38 Logged telemetry for Mock RTX 4080 on gpu-1
2025/09/20 22:15:38 Logged telemetry for Mock RTX 4070 on gpu-2
2025/09/20 22:15:38 Logged telemetry for Mock RTX 4090 on gpu-0
2025/09/20 22:15:40 No jobs in queue. Predicting idle period. Sending sleep command.
2025/09/20 22:15:40 Would send sleep command to GPU agent
2025/09/20 22:15:40 Logged telemetry for Mock RTX 4090 on gpu-0
2025/09/20 22:15:40 Logged telemetry for Mock RTX 4080 on gpu-1
2025/09/20 22:15:40 Logged telemetry for Mock RTX 4070 on gpu-2
2025/09/20 22:15:42 Logged telemetry for Mock RTX 4070 on gpu-2
2025/09/20 22:15:42 Logged telemetry for Mock RTX 4090 on gpu-0
2025/09/20 22:15:42 Logged telemetry for Mock RTX 4080 on gpu-1
2025/09/20 22:15:44 Logged telemetry for Mock RTX 4070 on gpu-2
2025/09/20 22:15:44 Logged telemetry for Mock RTX 4080 on gpu-1
2025/09/20 22:15:44 Logged telemetry for Mock RTX 4090 on gpu-0
2025/09/20 22:15:45 No jobs in queue. Predicting idle period. Sending sleep command.
2025/09/20 22:15:45 Would send sleep command to GPU agent
2025/09/20 22:15:46 Logged telemetry for Mock RTX 4090 on gpu-0
2025/09/20 22:15:46 Logged telemetry for Mock RTX 4070 on gpu-2
2025/09/20 22:15:46 Logged telemetry for Mock RTX 4080 on gpu-1
2025/09/20 22:15:48 Logged telemetry for Mock RTX 4080 on gpu-1
2025/09/20 22:15:48 Logged telemetry for Mock RTX 4090 on gpu-0
2025/09/20 22:15:48 Logged telemetry for Mock RTX 4070 on gpu-2
2025/09/20 22:15:50 No jobs in queue. Predicting idle period. Sending sleep command.
2025/09/20 22:15:50 Would send sleep command to GPU agent
2025/09/20 22:15:50 Logged telemetry for Mock RTX 4070 on gpu-2
2025/09/20 22:15:50 Logged telemetry for Mock RTX 4080 on gpu-1
2025/09/20 22:15:50 Logged telemetry for Mock RTX 4090 on gpu-0
2025/09/20 22:15:52 Logged telemetry for Mock RTX 4090 on gpu-0
2025/09/20 22:15:52 Logged telemetry for Mock RTX 4080 on gpu-1
2025/09/20 22:15:52 Logged telemetry for Mock RTX 4070 on gpu-2
2025/09/20 22:15:54 Logged telemetry for Mock RTX 4070 on gpu-2
2025/09/20 22:15:54 Logged telemetry for Mock RTX 4090 on gpu-0
2025/09/20 22:15:54 Logged telemetry for Mock RTX 4080 on gpu-1
2025/09/20 22:15:55 No jobs in queue. Predicting idle period. Sending sleep command.
2025/09/20 22:15:55 Would send sleep command to GPU agent
2025/09/20 22:15:56 Logged telemetry for Mock RTX 4080 on gpu-1
2025/09/20 22:15:56 Logged telemetry for Mock RTX 4090 on gpu-0
2025/09/20 22:15:56 Logged telemetry for Mock RTX 4070 on gpu-2
2025/09/20 22:15:58 Logged telemetry for Mock RTX 4070 on gpu-2
2025/09/20 22:15:58 Logged telemetry for Mock RTX 4090 on gpu-0
2025/09/20 22:15:58 Logged telemetry for Mock RTX 4080 on gpu-1
2025/09/20 22:16:00 No jobs in queue. Predicting idle period. Sending sleep command.
2025/09/20 22:16:00 Would send sleep command to GPU agent
2025/09/20 22:16:00 Logged telemetry for Mock RTX 4080 on gpu-1
2025/09/20 22:16:00 Logged telemetry for Mock RTX 4070 on gpu-2
2025/09/20 22:16:00 Logged telemetry for Mock RTX 4090 on gpu-0
2025/09/20 22:16:02 Logged telemetry for Mock RTX 4090 on gpu-0
2025/09/20 22:16:02 Logged telemetry for Mock RTX 4080 on gpu-1
2025/09/20 22:16:02 Logged telemetry for Mock RTX 4070 on gpu-2
2025/09/20 22:16:04 Logged telemetry for Mock RTX 4070 on gpu-2
2025/09/20 22:16:04 Logged telemetry for Mock RTX 4090 on gpu-0
2025/09/20 22:16:04 Logged telemetry for Mock RTX 4080 on gpu-1
2025/09/20 22:16:05 No jobs in queue. Predicting idle period. Sending sleep command.
2025/09/20 22:16:05 Would send sleep command to GPU agent
2025/09/20 22:16:06 Logged telemetry for Mock RTX 4080 on gpu-1
2025/09/20 22:16:06 Logged telemetry for Mock RTX 4070 on gpu-2
2025/09/20 22:16:06 Logged telemetry for Mock RTX 4090 on gpu-0
2025/09/20 22:16:08 Logged telemetry for Mock RTX 4090 on gpu-0
2025/09/20 22:16:08 Logged telemetry for Mock RTX 4080 on gpu-1
2025/09/20 22:16:08 Logged telemetry for Mock RTX 4070 on gpu-2
2025/09/20 22:16:10 No jobs in queue. Predicting idle period. Sending sleep command.
2025/09/20 22:16:10 Would send sleep command to GPU agent
2025/09/20 22:16:10 Logged telemetry for Mock RTX 4090 on gpu-0
2025/09/20 22:16:10 Logged telemetry for Mock RTX 4070 on gpu-2
2025/09/20 22:16:10 Logged telemetry for Mock RTX 4080 on gpu-1
2025/09/20 22:16:12 Logged telemetry for Mock RTX 4070 on gpu-2
2025/09/20 22:16:12 Logged telemetry for Mock RTX 4090 on gpu-0
2025/09/20 22:16:12 Logged telemetry for Mock RTX 4080 on gpu-1
2025/09/20 22:16:14 Logged telemetry for Mock RTX 4080 on gpu-1
2025/09/20 22:16:14 Logged telemetry for Mock RTX 4070 on gpu-2
2025/09/20 22:16:14 Logged telemetry for Mock RTX 4090 on gpu-0
2025/09/20 22:16:15 No jobs in queue. Predicting idle period. Sending sleep command.
2025/09/20 22:16:15 Would send sleep command to GPU agent
2025/09/20 22:16:16 Logged telemetry for Mock RTX 4090 on gpu-0
2025/09/20 22:16:16 Logged telemetry for Mock RTX 4080 on gpu-1
2025/09/20 22:16:16 Logged telemetry for Mock RTX 4070 on gpu-2
2025/09/20 22:16:18 Logged telemetry for Mock RTX 4070 on gpu-2
2025/09/20 22:16:18 Logged telemetry for Mock RTX 4090 on gpu-0
2025/09/20 22:16:18 Logged telemetry for Mock RTX 4080 on gpu-1
2025/09/20 22:16:20 No jobs in queue. Predicting idle period. Sending sleep command.
2025/09/20 22:16:20 Would send sleep command to GPU agent
2025/09/20 22:16:20 Logged telemetry for Mock RTX 4070 on gpu-2
2025/09/20 22:16:20 Logged telemetry for Mock RTX 4080 on gpu-1
2025/09/20 22:16:20 Logged telemetry for Mock RTX 4090 on gpu-0
2025/09/20 22:16:22 Logged telemetry for Mock RTX 4080 on gpu-1
2025/09/20 22:16:22 Logged telemetry for Mock RTX 4090 on gpu-0
2025/09/20 22:16:22 Logged telemetry for Mock RTX 4070 on gpu-2
2025/09/20 22:16:24 Logged telemetry for Mock RTX 4070 on gpu-2
2025/09/20 22:16:24 Logged telemetry for Mock RTX 4080 on gpu-1
2025/09/20 22:16:24 Logged telemetry for Mock RTX 4090 on gpu-0
2025/09/20 22:16:25 No jobs in queue. Predicting idle period. Sending sleep command.
2025/09/20 22:16:25 Would send sleep command to GPU agent
2025/09/20 22:16:26 Logged telemetry for Mock RTX 4090 on gpu-0
2025/09/20 22:16:26 Logged telemetry for Mock RTX 4070 on gpu-2
2025/09/20 22:16:26 Logged telemetry for Mock RTX 4080 on gpu-1
2025/09/20 22:16:28 Logged telemetry for Mock RTX 4080 on gpu-1
2025/09/20 22:16:28 Logged telemetry for Mock RTX 4090 on gpu-0
2025/09/20 22:16:28 Logged telemetry for Mock RTX 4070 on gpu-2
2025/09/20 22:16:30 No jobs in queue. Predicting idle period. Sending sleep command.
2025/09/20 22:16:30 Would send sleep command to GPU agent
2025/09/20 22:16:30 Logged telemetry for Mock RTX 4070 on gpu-2
2025/09/20 22:16:30 Logged telemetry for Mock RTX 4090 on gpu-0
2025/09/20 22:16:30 Logged telemetry for Mock RTX 4080 on gpu-1
2025/09/20 22:16:32 Logged telemetry for Mock RTX 4080 on gpu-1
2025/09/20 22:16:32 Logged telemetry for Mock RTX 4070 on gpu-2
2025/09/20 22:16:32 Logged telemetry for Mock RTX 4090 on gpu-0
2025/09/20 22:16:34 Logged telemetry for Mock RTX 4090 on gpu-0
2025/09/20 22:16:34 Logged telemetry for Mock RTX 4070 on gpu-2
2025/09/20 22:16:34 Logged telemetry for Mock RTX 4080 on gpu-1
2025/09/20 22:16:35 No jobs in queue. Predicting idle period. Sending sleep command.
2025/09/20 22:16:35 Would send sleep command to GPU agent
2025/09/20 22:16:36 Logged telemetry for Mock RTX 4080 on gpu-1
2025/09/20 22:16:36 Logged telemetry for Mock RTX 4090 on gpu-0
2025/09/20 22:16:36 Logged telemetry for Mock RTX 4070 on gpu-2
2025/09/20 22:16:38 Logged telemetry for Mock RTX 4070 on gpu-2
2025/09/20 22:16:38 Logged telemetry for Mock RTX 4080 on gpu-1
2025/09/20 22:16:38 Logged telemetry for Mock RTX 4090 on gpu-0
2025/09/20 22:16:40 No jobs in queue. Predicting idle period. Sending sleep command.
2025/09/20 22:16:40 Would send sleep command to GPU agent
2025/09/20 22:16:40 Logged telemetry for Mock RTX 4090 on gpu-0
2025/09/20 22:16:40 Logged telemetry for Mock RTX 4070 on gpu-2
2025/09/20 22:16:40 Logged telemetry for Mock RTX 4080 on gpu-1
2025/09/20 22:16:42 Logged telemetry for Mock RTX 4080 on gpu-1
2025/09/20 22:16:42 Logged telemetry for Mock RTX 4090 on gpu-0
2025/09/20 22:16:42 Logged telemetry for Mock RTX 4070 on gpu-2
2025/09/20 22:16:44 Logged telemetry for Mock RTX 4070 on gpu-2
2025/09/20 22:16:44 Logged telemetry for Mock RTX 4080 on gpu-1
2025/09/20 22:16:44 Logged telemetry for Mock RTX 4090 on gpu-0
2025/09/20 22:16:45 No jobs in queue. Predicting idle period. Sending sleep command.
2025/09/20 22:16:45 Would send sleep command to GPU agent
2025/09/20 22:16:46 Logged telemetry for Mock RTX 4090 on gpu-0
2025/09/20 22:16:46 Logged telemetry for Mock RTX 4070 on gpu-2
2025/09/20 22:16:46 Logged telemetry for Mock RTX 4080 on gpu-1
2025/09/20 22:16:48 Logged telemetry for Mock RTX 4080 on gpu-1
2025/09/20 22:16:48 Logged telemetry for Mock RTX 4070 on gpu-2
2025/09/20 22:16:48 Logged telemetry for Mock RTX 4090 on gpu-0
2025/09/20 22:16:50 No jobs in queue. Predicting idle period. Sending sleep command.
2025/09/20 22:16:50 Would send sleep command to GPU agent
2025/09/20 22:16:50 Logged telemetry for Mock RTX 4090 on gpu-0
2025/09/20 22:16:50 Logged telemetry for Mock RTX 4080 on gpu-1
2025/09/20 22:16:50 Logged telemetry for Mock RTX 4070 on gpu-2
2025/09/20 22:16:52 Logged telemetry for Mock RTX 4070 on gpu-2
2025/09/20 22:16:52 Logged telemetry for Mock RTX 4090 on gpu-0
2025/09/20 22:16:52 Logged telemetry for Mock RTX 4080 on gpu-1
2025/09/20 22:16:54 Logged telemetry for Mock RTX 4080 on gpu-1
2025/09/20 22:16:54 Logged telemetry for Mock RTX 4070 on gpu-2
2025/09/20 22:16:54 Logged telemetry for Mock RTX 4090 on gpu-0
2025/09/20 22:16:55 No jobs in queue. Predicting idle period. Sending sleep command.
2025/09/20 22:16:55 Would send sleep command to GPU agent
2025/09/20 22:16:56 Logged telemetry for Mock RTX 4090 on gpu-0
2025/09/20 22:16:56 Logged telemetry for Mock RTX 4080 on gpu-1
2025/09/20 22:16:56 Logged telemetry for Mock RTX 4070 on gpu-2
2025/09/20 22:16:58 Logged telemetry for Mock RTX 4070 on gpu-2
2025/09/20 22:16:58 Logged telemetry for Mock RTX 4080 on gpu-1
2025/09/20 22:16:58 Logged telemetry for Mock RTX 4090 on gpu-0
2025/09/20 22:17:00 No jobs in queue. Predicting idle period. Sending sleep command.
2025/09/20 22:17:00 Would send sleep command to GPU agent
2025/09/20 22:17:00 Logged telemetry for Mock RTX 4070 on gpu-2
2025/09/20 22:17:00 Logged telemetry for Mock RTX 4090 on gpu-0
2025/09/20 22:17:00 Logged telemetry for Mock RTX 4080 on gpu-1
2025/09/20 22:17:02 Logged telemetry for Mock RTX 4080 on gpu-1
2025/09/20 22:17:02 Logged telemetry for Mock RTX 4090 on gpu-0
2025/09/20 22:17:02 Logged telemetry for Mock RTX 4070 on gpu-2
2025/09/20 22:17:04 Logged telemetry for Mock RTX 4070 on gpu-2
2025/09/20 22:17:04 Logged telemetry for Mock RTX 4080 on gpu-1
2025/09/20 22:17:04 Logged telemetry for Mock RTX 4090 on gpu-0
2025/09/20 22:17:05 No jobs in queue. Predicting idle period. Sending sleep command.
2025/09/20 22:17:05 Would send sleep command to GPU agent
2025/09/20 22:17:06 Logged telemetry for Mock RTX 4090 on gpu-0
2025/09/20 22:17:06 Logged telemetry for Mock RTX 4070 on gpu-2
2025/09/20 22:17:06 Logged telemetry for Mock RTX 4080 on gpu-1
2025/09/20 22:17:08 Logged telemetry for Mock RTX 4080 on gpu-1
2025/09/20 22:17:08 Logged telemetry for Mock RTX 4070 on gpu-2
2025/09/20 22:17:08 Logged telemetry for Mock RTX 4090 on gpu-0
2025/09/20 22:17:10 No jobs in queue. Predicting idle period. Sending sleep command.
2025/09/20 22:17:10 Would send sleep command to GPU agent
2025/09/20 22:17:10 Logged telemetry for Mock RTX 4090 on gpu-0
2025/09/20 22:17:10 Logged telemetry for Mock RTX 4080 on gpu-1
2025/09/20 22:17:10 Logged telemetry for Mock RTX 4070 on gpu-2
2025/09/20 22:17:12 Logged telemetry for Mock RTX 4070 on gpu-2
2025/09/20 22:17:12 Logged telemetry for Mock RTX 4090 on gpu-0
2025/09/20 22:17:12 Logged telemetry for Mock RTX 4080 on gpu-1
2025/09/20 22:17:14 Logged telemetry for Mock RTX 4080 on gpu-1
2025/09/20 22:17:14 Logged telemetry for Mock RTX 4070 on gpu-2
2025/09/20 22:17:14 Logged telemetry for Mock RTX 4090 on gpu-0
2025/09/20 22:17:15 No jobs in queue. Predicting idle period. Sending sleep command.
2025/09/20 22:17:15 Would send sleep command to GPU agent
2025/09/20 22:17:16 Logged telemetry for Mock RTX 4090 on gpu-0
2025/09/20 22:17:16 Logged telemetry for Mock RTX 4080 on gpu-1
2025/09/20 22:17:16 Logged telemetry for Mock RTX 4070 on gpu-2
2025/09/20 22:17:18 Logged telemetry for Mock RTX 4070 on gpu-2
2025/09/20 22:17:18 Logged telemetry for Mock RTX 4090 on gpu-0
2025/09/20 22:17:18 Logged telemetry for Mock RTX 4080 on gpu-1
2025/09/20 22:17:20 No jobs in queue. Predicting idle period. Sending sleep command.
2025/09/20 22:17:20 Would send sleep command to GPU agent
2025/09/20 22:17:20 Logged telemetry for Mock RTX 4080 on gpu-1
2025/09/20 22:17:20 Logged telemetry for Mock RTX 4090 on gpu-0
2025/09/20 22:17:20 Logged telemetry for Mock RTX 4070 on gpu-2
2025/09/20 22:17:22 Logged telemetry for Mock RTX 4070 on gpu-2
2025/09/20 22:17:22 Logged telemetry for Mock RTX 4080 on gpu-1
2025/09/20 22:17:22 Logged telemetry for Mock RTX 4090 on gpu-0
2025/09/20 22:17:24 Logged telemetry for Mock RTX 4090 on gpu-0
2025/09/20 22:17:24 Logged telemetry for Mock RTX 4070 on gpu-2
2025/09/20 22:17:24 Logged telemetry for Mock RTX 4080 on gpu-1
2025/09/20 22:17:25 No jobs in queue. Predicting idle period. Sending sleep command.
2025/09/20 22:17:25 Would send sleep command to GPU agent
2025/09/20 22:17:26 Logged telemetry for Mock RTX 4080 on gpu-1
2025/09/20 22:17:26 Logged telemetry for Mock RTX 4090 on gpu-0
2025/09/20 22:17:26 Logged telemetry for Mock RTX 4070 on gpu-2
2025/09/20 22:17:28 Logged telemetry for Mock RTX 4070 on gpu-2
2025/09/20 22:17:28 Logged telemetry for Mock RTX 4080 on gpu-1
2025/09/20 22:17:28 Logged telemetry for Mock RTX 4090 on gpu-0
2025/09/20 22:17:30 No jobs in queue. Predicting idle period. Sending sleep command.
2025/09/20 22:17:30 Would send sleep command to GPU agent
2025/09/20 22:17:30 Logged telemetry for Mock RTX 4090 on gpu-0
2025/09/20 22:17:30 Logged telemetry for Mock RTX 4070 on gpu-2
2025/09/20 22:17:30 Logged telemetry for Mock RTX 4080 on gpu-1
2025/09/20 22:17:32 Logged telemetry for Mock RTX 4080 on gpu-1
2025/09/20 22:17:32 Logged telemetry for Mock RTX 4090 on gpu-0
2025/09/20 22:17:32 Logged telemetry for Mock RTX 4070 on gpu-2
2025/09/20 22:17:34 Logged telemetry for Mock RTX 4070 on gpu-2
2025/09/20 22:17:34 Logged telemetry for Mock RTX 4080 on gpu-1
2025/09/20 22:17:34 Logged telemetry for Mock RTX 4090 on gpu-0
2025/09/20 22:17:35 No jobs in queue. Predicting idle period. Sending sleep command.
2025/09/20 22:17:35 Would send sleep command to GPU agent
2025/09/20 22:17:36 Logged telemetry for Mock RTX 4080 on gpu-1
2025/09/20 22:17:36 Logged telemetry for Mock RTX 4090 on gpu-0
2025/09/20 22:17:36 Logged telemetry for Mock RTX 4070 on gpu-2
2025/09/20 22:17:38 Logged telemetry for Mock RTX 4070 on gpu-2
2025/09/20 22:17:38 Logged telemetry for Mock RTX 4090 on gpu-0
2025/09/20 22:17:38 Logged telemetry for Mock RTX 4080 on gpu-1
2025/09/20 22:17:40 No jobs in queue. Predicting idle period. Sending sleep command.
2025/09/20 22:17:40 Would send sleep command to GPU agent
2025/09/20 22:17:40 Logged telemetry for Mock RTX 4080 on gpu-1
2025/09/20 22:17:40 Logged telemetry for Mock RTX 4070 on gpu-2
2025/09/20 22:17:40 Logged telemetry for Mock RTX 4090 on gpu-0
2025/09/20 22:17:42 Logged telemetry for Mock RTX 4090 on gpu-0
2025/09/20 22:17:42 Logged telemetry for Mock RTX 4080 on gpu-1
2025/09/20 22:17:42 Logged telemetry for Mock RTX 4070 on gpu-2
2025/09/20 22:17:44 Logged telemetry for Mock RTX 4070 on gpu-2
2025/09/20 22:17:44 Logged telemetry for Mock RTX 4090 on gpu-0
2025/09/20 22:17:44 Logged telemetry for Mock RTX 4080 on gpu-1
2025/09/20 22:17:45 No jobs in queue. Predicting idle period. Sending sleep command.
2025/09/20 22:17:45 Would send sleep command to GPU agent
2025/09/20 22:17:46 Logged telemetry for Mock RTX 4080 on gpu-1
2025/09/20 22:17:46 Logged telemetry for Mock RTX 4070 on gpu-2
2025/09/20 22:17:46 Logged telemetry for Mock RTX 4090 on gpu-0
2025/09/20 22:17:48 Logged telemetry for Mock RTX 4090 on gpu-0
2025/09/20 22:17:48 Logged telemetry for Mock RTX 4080 on gpu-1
2025/09/20 22:17:48 Logged telemetry for Mock RTX 4070 on gpu-2
2025/09/20 22:17:50 No jobs in queue. Predicting idle period. Sending sleep command.
2025/09/20 22:17:50 Would send sleep command to GPU agent
2025/09/20 22:17:50 Logged telemetry for Mock RTX 4070 on gpu-2
2025/09/20 22:17:50 Logged telemetry for Mock RTX 4090 on gpu-0
2025/09/20 22:17:50 Logged telemetry for Mock RTX 4080 on gpu-1
2025/09/20 22:17:52 Logged telemetry for Mock RTX 4070 on gpu-2
2025/09/20 22:17:52 Logged telemetry for Mock RTX 4080 on gpu-1
2025/09/20 22:17:52 Logged telemetry for Mock RTX 4090 on gpu-0
2025/09/20 22:17:54 Logged telemetry for Mock RTX 4090 on gpu-0
2025/09/20 22:17:54 Logged telemetry for Mock RTX 4070 on gpu-2
2025/09/20 22:17:54 Logged telemetry for Mock RTX 4080 on gpu-1
2025/09/20 22:17:55 No jobs in queue. Predicting idle period. Sending sleep command.
2025/09/20 22:17:55 Would send sleep command to GPU agent
2025/09/20 22:17:56 Logged telemetry for Mock RTX 4080 on gpu-1
2025/09/20 22:17:56 Logged telemetry for Mock RTX 4090 on gpu-0
2025/09/20 22:17:56 Logged telemetry for Mock RTX 4070 on gpu-2
2025/09/20 22:17:58 Logged telemetry for Mock RTX 4070 on gpu-2
2025/09/20 22:17:58 Logged telemetry for Mock RTX 4080 on gpu-1
2025/09/20 22:17:58 Logged telemetry for Mock RTX 4090 on gpu-0
2025/09/20 22:18:00 No jobs in queue. Predicting idle period. Sending sleep command.
2025/09/20 22:18:00 Would send sleep command to GPU agent
2025/09/20 22:18:00 Logged telemetry for Mock RTX 4090 on gpu-0
2025/09/20 22:18:00 Logged telemetry for Mock RTX 4070 on gpu-2
2025/09/20 22:18:00 Logged telemetry for Mock RTX 4080 on gpu-1
2025/09/20 22:18:02 Logged telemetry for Mock RTX 4080 on gpu-1
2025/09/20 22:18:02 Logged telemetry for Mock RTX 4090 on gpu-0
2025/09/20 22:18:02 Logged telemetry for Mock RTX 4070 on gpu-2
2025/09/20 22:18:04 Logged telemetry for Mock RTX 4070 on gpu-2
2025/09/20 22:18:04 Logged telemetry for Mock RTX 4080 on gpu-1
2025/09/20 22:18:04 Logged telemetry for Mock RTX 4090 on gpu-0
2025/09/20 22:18:05 No jobs in queue. Predicting idle period. Sending sleep command.
2025/09/20 22:18:05 Would send sleep command to GPU agent
2025/09/20 22:18:06 Logged telemetry for Mock RTX 4080 on gpu-1
2025/09/20 22:18:06 Logged telemetry for Mock RTX 4090 on gpu-0
2025/09/20 22:18:06 Logged telemetry for Mock RTX 4070 on gpu-2
2025/09/20 22:18:08 Logged telemetry for Mock RTX 4070 on gpu-2
2025/09/20 22:18:08 Logged telemetry for Mock RTX 4090 on gpu-0
2025/09/20 22:18:08 Logged telemetry for Mock RTX 4080 on gpu-1
2025/09/20 22:18:10 No jobs in queue. Predicting idle period. Sending sleep command.
2025/09/20 22:18:10 Would send sleep command to GPU agent
2025/09/20 22:18:10 Logged telemetry for Mock RTX 4080 on gpu-1
2025/09/20 22:18:10 Logged telemetry for Mock RTX 4070 on gpu-2
2025/09/20 22:18:10 Logged telemetry for Mock RTX 4090 on gpu-0
2025/09/20 22:18:12 Logged telemetry for Mock RTX 4090 on gpu-0
2025/09/20 22:18:12 Logged telemetry for Mock RTX 4080 on gpu-1
2025/09/20 22:18:12 Logged telemetry for Mock RTX 4070 on gpu-2
2025/09/20 22:18:14 Logged telemetry for Mock RTX 4070 on gpu-2
2025/09/20 22:18:14 Logged telemetry for Mock RTX 4090 on gpu-0
2025/09/20 22:18:14 Logged telemetry for Mock RTX 4080 on gpu-1
2025/09/20 22:18:15 No jobs in queue. Predicting idle period. Sending sleep command.
2025/09/20 22:18:15 Would send sleep command to GPU agent
2025/09/20 22:18:16 Logged telemetry for Mock RTX 4080 on gpu-1
2025/09/20 22:18:16 Logged telemetry for Mock RTX 4070 on gpu-2
2025/09/20 22:18:16 Logged telemetry for Mock RTX 4090 on gpu-0
2025/09/20 22:18:18 Logged telemetry for Mock RTX 4090 on gpu-0
2025/09/20 22:18:18 Logged telemetry for Mock RTX 4080 on gpu-1
2025/09/20 22:18:18 Logged telemetry for Mock RTX 4070 on gpu-2
2025/09/20 22:18:20 No jobs in queue. Predicting idle period. Sending sleep command.
2025/09/20 22:18:20 Would send sleep command to GPU agent
2025/09/20 22:18:20 Logged telemetry for Mock RTX 4070 on gpu-2
2025/09/20 22:18:20 Logged telemetry for Mock RTX 4090 on gpu-0
2025/09/20 22:18:20 Logged telemetry for Mock RTX 4080 on gpu-1
2025/09/20 22:18:22 Logged telemetry for Mock RTX 4070 on gpu-2
2025/09/20 22:18:22 Logged telemetry for Mock RTX 4090 on gpu-0
2025/09/20 22:18:22 Logged telemetry for Mock RTX 4080 on gpu-1
2025/09/20 22:18:24 Logged telemetry for Mock RTX 4080 on gpu-1
2025/09/20 22:18:24 Logged telemetry for Mock RTX 4090 on gpu-0
2025/09/20 22:18:24 Logged telemetry for Mock RTX 4070 on gpu-2
2025/09/20 22:18:25 No jobs in queue. Predicting idle period. Sending sleep command.
2025/09/20 22:18:25 Would send sleep command to GPU agent
2025/09/20 22:18:26 Logged telemetry for Mock RTX 4070 on gpu-2
2025/09/20 22:18:26 Logged telemetry for Mock RTX 4080 on gpu-1
2025/09/20 22:18:26 Logged telemetry for Mock RTX 4090 on gpu-0
2025/09/20 22:18:28 Logged telemetry for Mock RTX 4090 on gpu-0
2025/09/20 22:18:28 Logged telemetry for Mock RTX 4070 on gpu-2
2025/09/20 22:18:28 Logged telemetry for Mock RTX 4080 on gpu-1
2025/09/20 22:18:30 No jobs in queue. Predicting idle period. Sending sleep command.
2025/09/20 22:18:30 Would send sleep command to GPU agent
2025/09/20 22:18:30 Logged telemetry for Mock RTX 4080 on gpu-1
2025/09/20 22:18:30 Logged telemetry for Mock RTX 4090 on gpu-0
2025/09/20 22:18:30 Logged telemetry for Mock RTX 4070 on gpu-2
2025/09/20 22:18:32 Logged telemetry for Mock RTX 4070 on gpu-2
2025/09/20 22:18:32 Logged telemetry for Mock RTX 4080 on gpu-1
2025/09/20 22:18:32 Logged telemetry for Mock RTX 4090 on gpu-0
2025/09/20 22:18:34 Logged telemetry for Mock RTX 4090 on gpu-0
2025/09/20 22:18:34 Logged telemetry for Mock RTX 4070 on gpu-2
2025/09/20 22:18:34 Logged telemetry for Mock RTX 4080 on gpu-1
2025/09/20 22:18:35 No jobs in queue. Predicting idle period. Sending sleep command.
2025/09/20 22:18:35 Would send sleep command to GPU agent
2025/09/20 22:18:36 Logged telemetry for Mock RTX 4080 on gpu-1
2025/09/20 22:18:36 Logged telemetry for Mock RTX 4090 on gpu-0
2025/09/20 22:18:36 Logged telemetry for Mock RTX 4070 on gpu-2
2025/09/20 22:18:38 Logged telemetry for Mock RTX 4070 on gpu-2
2025/09/20 22:18:38 Logged telemetry for Mock RTX 4080 on gpu-1
2025/09/20 22:18:38 Logged telemetry for Mock RTX 4090 on gpu-0
2025/09/20 22:18:40 No jobs in queue. Predicting idle period. Sending sleep command.
2025/09/20 22:18:40 Would send sleep command to GPU agent
2025/09/20 22:18:40 Logged telemetry for Mock RTX 4070 on gpu-2
2025/09/20 22:18:40 Logged telemetry for Mock RTX 4090 on gpu-0
2025/09/20 22:18:40 Logged telemetry for Mock RTX 4080 on gpu-1
2025/09/20 22:18:42 Logged telemetry for Mock RTX 4080 on gpu-1
2025/09/20 22:18:42 Logged telemetry for Mock RTX 4090 on gpu-0
2025/09/20 22:18:42 Logged telemetry for Mock RTX 4070 on gpu-2
2025/09/20 22:18:44 Logged telemetry for Mock RTX 4080 on gpu-1
2025/09/20 22:18:44 Logged telemetry for Mock RTX 4070 on gpu-2
2025/09/20 22:18:44 Logged telemetry for Mock RTX 4090 on gpu-0
2025/09/20 22:18:45 No jobs in queue. Predicting idle period. Sending sleep command.
2025/09/20 22:18:45 Would send sleep command to GPU agent
2025/09/20 22:18:46 Logged telemetry for Mock RTX 4070 on gpu-2
2025/09/20 22:18:46 Logged telemetry for Mock RTX 4090 on gpu-0
2025/09/20 22:18:46 Logged telemetry for Mock RTX 4080 on gpu-1
2025/09/20 22:18:48 Logged telemetry for Mock RTX 4080 on gpu-1
2025/09/20 22:18:48 Logged telemetry for Mock RTX 4070 on gpu-2
2025/09/20 22:18:48 Logged telemetry for Mock RTX 4090 on gpu-0
2025/09/20 22:18:50 No jobs in queue. Predicting idle period. Sending sleep command.
2025/09/20 22:18:50 Would send sleep command to GPU agent
2025/09/20 22:18:50 Logged telemetry for Mock RTX 4080 on gpu-1
2025/09/20 22:18:50 Logged telemetry for Mock RTX 4090 on gpu-0
2025/09/20 22:18:50 Logged telemetry for Mock RTX 4070 on gpu-2
2025/09/20 22:18:52 Logged telemetry for Mock RTX 4070 on gpu-2
2025/09/20 22:18:52 Logged telemetry for Mock RTX 4090 on gpu-0
2025/09/20 22:18:52 Logged telemetry for Mock RTX 4080 on gpu-1
2025/09/20 22:18:54 Logged telemetry for Mock RTX 4080 on gpu-1
2025/09/20 22:18:54 Logged telemetry for Mock RTX 4070 on gpu-2
2025/09/20 22:18:54 Logged telemetry for Mock RTX 4090 on gpu-0
2025/09/20 22:18:55 No jobs in queue. Predicting idle period. Sending sleep command.
2025/09/20 22:18:55 Would send sleep command to GPU agent
2025/09/20 22:18:56 Logged telemetry for Mock RTX 4090 on gpu-0
2025/09/20 22:18:56 Logged telemetry for Mock RTX 4080 on gpu-1
2025/09/20 22:18:56 Logged telemetry for Mock RTX 4070 on gpu-2
2025/09/20 22:18:58 Logged telemetry for Mock RTX 4070 on gpu-2
2025/09/20 22:18:58 Logged telemetry for Mock RTX 4090 on gpu-0
2025/09/20 22:18:58 Logged telemetry for Mock RTX 4080 on gpu-1
2025/09/20 22:19:00 No jobs in queue. Predicting idle period. Sending sleep command.
2025/09/20 22:19:00 Would send sleep command to GPU agent
2025/09/20 22:19:00 Logged telemetry for Mock RTX 4080 on gpu-1
2025/09/20 22:19:00 Logged telemetry for Mock RTX 4070 on gpu-2
2025/09/20 22:19:00 Logged telemetry for Mock RTX 4090 on gpu-0
2025/09/20 22:19:02 Logged telemetry for Mock RTX 4090 on gpu-0
2025/09/20 22:19:02 Logged telemetry for Mock RTX 4080 on gpu-1
2025/09/20 22:19:02 Logged telemetry for Mock RTX 4070 on gpu-2
2025/09/20 22:19:04 Logged telemetry for Mock RTX 4070 on gpu-2
2025/09/20 22:19:04 Logged telemetry for Mock RTX 4090 on gpu-0
2025/09/20 22:19:04 Logged telemetry for Mock RTX 4080 on gpu-1
2025/09/20 22:19:05 No jobs in queue. Predicting idle period. Sending sleep command.
2025/09/20 22:19:05 Would send sleep command to GPU agent
2025/09/20 22:19:06 Logged telemetry for Mock RTX 4080 on gpu-1
2025/09/20 22:19:06 Logged telemetry for Mock RTX 4070 on gpu-2
2025/09/20 22:19:06 Logged telemetry for Mock RTX 4090 on gpu-0
2025/09/20 22:19:08 Logged telemetry for Mock RTX 4080 on gpu-1
2025/09/20 22:19:08 Logged telemetry for Mock RTX 4090 on gpu-0
2025/09/20 22:19:08 Logged telemetry for Mock RTX 4070 on gpu-2
2025/09/20 22:19:10 No jobs in queue. Predicting idle period. Sending sleep command.
2025/09/20 22:19:10 Would send sleep command to GPU agent
2025/09/20 22:19:10 Logged telemetry for Mock RTX 4070 on gpu-2
2025/09/20 22:19:10 Logged telemetry for Mock RTX 4080 on gpu-1
2025/09/20 22:19:10 Logged telemetry for Mock RTX 4090 on gpu-0
2025/09/20 22:19:12 Logged telemetry for Mock RTX 4090 on gpu-0
2025/09/20 22:19:12 Logged telemetry for Mock RTX 4070 on gpu-2
2025/09/20 22:19:12 Logged telemetry for Mock RTX 4080 on gpu-1
2025/09/20 22:19:14 Logged telemetry for Mock RTX 4080 on gpu-1
2025/09/20 22:19:14 Logged telemetry for Mock RTX 4090 on gpu-0
2025/09/20 22:19:14 Logged telemetry for Mock RTX 4070 on gpu-2
2025/09/20 22:19:15 No jobs in queue. Predicting idle period. Sending sleep command.
2025/09/20 22:19:15 Would send sleep command to GPU agent
2025/09/20 22:19:16 Logged telemetry for Mock RTX 4070 on gpu-2
2025/09/20 22:19:16 Logged telemetry for Mock RTX 4080 on gpu-1
2025/09/20 22:19:16 Logged telemetry for Mock RTX 4090 on gpu-0
2025/09/20 22:19:18 Logged telemetry for Mock RTX 4090 on gpu-0
2025/09/20 22:19:18 Logged telemetry for Mock RTX 4070 on gpu-2
2025/09/20 22:19:18 Logged telemetry for Mock RTX 4080 on gpu-1
2025/09/20 22:19:20 No jobs in queue. Predicting idle period. Sending sleep command.
2025/09/20 22:19:20 Would send sleep command to GPU agent
2025/09/20 22:19:20 Logged telemetry for Mock RTX 4090 on gpu-0
2025/09/20 22:19:20 Logged telemetry for Mock RTX 4080 on gpu-1
2025/09/20 22:19:20 Logged telemetry for Mock RTX 4070 on gpu-2
2025/09/20 22:19:22 Logged telemetry for Mock RTX 4070 on gpu-2
2025/09/20 22:19:22 Logged telemetry for Mock RTX 4080 on gpu-1
2025/09/20 22:19:22 Logged telemetry for Mock RTX 4090 on gpu-0
2025/09/20 22:19:24 Logged telemetry for Mock RTX 4090 on gpu-0
2025/09/20 22:19:24 Logged telemetry for Mock RTX 4070 on gpu-2
2025/09/20 22:19:24 Logged telemetry for Mock RTX 4080 on gpu-1
2025/09/20 22:19:25 No jobs in queue. Predicting idle period. Sending sleep command.
2025/09/20 22:19:25 Would send sleep command to GPU agent
2025/09/20 22:19:26 Logged telemetry for Mock RTX 4080 on gpu-1
2025/09/20 22:19:26 Logged telemetry for Mock RTX 4090 on gpu-0
2025/09/20 22:19:26 Logged telemetry for Mock RTX 4070 on gpu-2
2025/09/20 22:19:28 Logged telemetry for Mock RTX 4070 on gpu-2
2025/09/20 22:19:28 Logged telemetry for Mock RTX 4080 on gpu-1
2025/09/20 22:19:28 Logged telemetry for Mock RTX 4090 on gpu-0
2025/09/20 22:19:30 No jobs in queue. Predicting idle period. Sending sleep command.
2025/09/20 22:19:30 Would send sleep command to GPU agent
2025/09/20 22:19:30 Logged telemetry for Mock RTX 4090 on gpu-0
2025/09/20 22:19:30 Logged telemetry for Mock RTX 4070 on gpu-2
2025/09/20 22:19:30 Logged telemetry for Mock RTX 4080 on gpu-1
2025/09/20 22:19:32 Logged telemetry for Mock RTX 4080 on gpu-1
2025/09/20 22:19:32 Logged telemetry for Mock RTX 4090 on gpu-0
2025/09/20 22:19:32 Logged telemetry for Mock RTX 4070 on gpu-2
2025/09/20 22:19:34 Logged telemetry for Mock RTX 4070 on gpu-2
2025/09/20 22:19:34 Logged telemetry for Mock RTX 4080 on gpu-1
2025/09/20 22:19:34 Logged telemetry for Mock RTX 4090 on gpu-0
2025/09/20 22:19:35 No jobs in queue. Predicting idle period. Sending sleep command.
2025/09/20 22:19:35 Would send sleep command to GPU agent
2025/09/20 22:19:36 Logged telemetry for Mock RTX 4090 on gpu-0
2025/09/20 22:19:36 Logged telemetry for Mock RTX 4070 on gpu-2
2025/09/20 22:19:36 Logged telemetry for Mock RTX 4080 on gpu-1
2025/09/20 22:19:38 Logged telemetry for Mock RTX 4080 on gpu-1
2025/09/20 22:19:38 Logged telemetry for Mock RTX 4070 on gpu-2
2025/09/20 22:19:38 Logged telemetry for Mock RTX 4090 on gpu-0
2025/09/20 22:19:40 No jobs in queue. Predicting idle period. Sending sleep command.
2025/09/20 22:19:40 Would send sleep command to GPU agent
2025/09/20 22:19:40 Logged telemetry for Mock RTX 4090 on gpu-0
2025/09/20 22:19:40 Logged telemetry for Mock RTX 4080 on gpu-1
2025/09/20 22:19:40 Logged telemetry for Mock RTX 4070 on gpu-2
2025/09/20 22:19:42 Logged telemetry for Mock RTX 4070 on gpu-2
2025/09/20 22:19:42 Logged telemetry for Mock RTX 4090 on gpu-0
2025/09/20 22:19:42 Logged telemetry for Mock RTX 4080 on gpu-1
2025/09/20 22:19:44 Logged telemetry for Mock RTX 4080 on gpu-1
2025/09/20 22:19:44 Logged telemetry for Mock RTX 4070 on gpu-2
2025/09/20 22:19:44 Logged telemetry for Mock RTX 4090 on gpu-0
2025/09/20 22:19:45 No jobs in queue. Predicting idle period. Sending sleep command.
2025/09/20 22:19:45 Would send sleep command to GPU agent
2025/09/20 22:19:46 Logged telemetry for Mock RTX 4090 on gpu-0
2025/09/20 22:19:46 Logged telemetry for Mock RTX 4080 on gpu-1
2025/09/20 22:19:46 Logged telemetry for Mock RTX 4070 on gpu-2
2025/09/20 22:19:48 Logged telemetry for Mock RTX 4070 on gpu-2
2025/09/20 22:19:48 Logged telemetry for Mock RTX 4090 on gpu-0
2025/09/20 22:19:48 Logged telemetry for Mock RTX 4080 on gpu-1
2025/09/20 22:19:50 No jobs in queue. Predicting idle period. Sending sleep command.
2025/09/20 22:19:50 Would send sleep command to GPU agent
2025/09/20 22:19:50 Logged telemetry for Mock RTX 4080 on gpu-1
2025/09/20 22:19:50 Logged telemetry for Mock RTX 4070 on gpu-2
2025/09/20 22:19:50 Logged telemetry for Mock RTX 4090 on gpu-0
2025/09/20 22:19:52 Logged telemetry for Mock RTX 4090 on gpu-0
2025/09/20 22:19:52 Logged telemetry for Mock RTX 4080 on gpu-1
2025/09/20 22:19:52 Logged telemetry for Mock RTX 4070 on gpu-2
2025/09/20 22:19:54 Logged telemetry for Mock RTX 4070 on gpu-2
2025/09/20 22:19:54 Logged telemetry for Mock RTX 4080 on gpu-1
2025/09/20 22:19:54 Logged telemetry for Mock RTX 4090 on gpu-0
2025/09/20 22:19:55 No jobs in queue. Predicting idle period. Sending sleep command.
2025/09/20 22:19:55 Would send sleep command to GPU agent
2025/09/20 22:19:56 Logged telemetry for Mock RTX 4090 on gpu-0
2025/09/20 22:19:56 Logged telemetry for Mock RTX 4070 on gpu-2
2025/09/20 22:19:56 Logged telemetry for Mock RTX 4080 on gpu-1
2025/09/20 22:19:58 Logged telemetry for Mock RTX 4080 on gpu-1
2025/09/20 22:19:58 Logged telemetry for Mock RTX 4090 on gpu-0
2025/09/20 22:19:58 Logged telemetry for Mock RTX 4070 on gpu-2
2025/09/20 22:20:00 No jobs in queue. Predicting idle period. Sending sleep command.
2025/09/20 22:20:00 Would send sleep command to GPU agent
2025/09/20 22:20:00 Logged telemetry for Mock RTX 4080 on gpu-1
2025/09/20 22:20:00 Logged telemetry for Mock RTX 4070 on gpu-2
2025/09/20 22:20:00 Logged telemetry for Mock RTX 4090 on gpu-0
2025/09/20 22:20:02 Logged telemetry for Mock RTX 4090 on gpu-0
2025/09/20 22:20:02 Logged telemetry for Mock RTX 4070 on gpu-2
2025/09/20 22:20:02 Logged telemetry for Mock RTX 4080 on gpu-1
2025/09/20 22:20:04 Logged telemetry for Mock RTX 4080 on gpu-1
2025/09/20 22:20:04 Logged telemetry for Mock RTX 4090 on gpu-0
2025/09/20 22:20:04 Logged telemetry for Mock RTX 4070 on gpu-2
2025/09/20 22:20:05 No jobs in queue. Predicting idle period. Sending sleep command.
2025/09/20 22:20:05 Would send sleep command to GPU agent
2025/09/20 22:20:06 Logged telemetry for Mock RTX 4070 on gpu-2
2025/09/20 22:20:06 Logged telemetry for Mock RTX 4080 on gpu-1
2025/09/20 22:20:06 Logged telemetry for Mock RTX 4090 on gpu-0
2025/09/20 22:20:08 Logged telemetry for Mock RTX 4090 on gpu-0
2025/09/20 22:20:08 Logged telemetry for Mock RTX 4070 on gpu-2
2025/09/20 22:20:08 Logged telemetry for Mock RTX 4080 on gpu-1
2025/09/20 22:20:10 No jobs in queue. Predicting idle period. Sending sleep command.
2025/09/20 22:20:10 Would send sleep command to GPU agent
2025/09/20 22:20:10 Logged telemetry for Mock RTX 4080 on gpu-1
2025/09/20 22:20:10 Logged telemetry for Mock RTX 4090 on gpu-0
2025/09/20 22:20:10 Logged telemetry for Mock RTX 4070 on gpu-2
2025/09/20 22:20:12 Logged telemetry for Mock RTX 4070 on gpu-2
2025/09/20 22:20:12 Logged telemetry for Mock RTX 4090 on gpu-0
2025/09/20 22:20:12 Logged telemetry for Mock RTX 4080 on gpu-1
2025/09/20 22:20:14 Logged telemetry for Mock RTX 4080 on gpu-1
2025/09/20 22:20:14 Logged telemetry for Mock RTX 4070 on gpu-2
2025/09/20 22:20:14 Logged telemetry for Mock RTX 4090 on gpu-0
2025/09/20 22:20:15 No jobs in queue. Predicting idle period. Sending sleep command.
2025/09/20 22:20:15 Would send sleep command to GPU agent
2025/09/20 22:20:16 Logged telemetry for Mock RTX 4090 on gpu-0
2025/09/20 22:20:16 Logged telemetry for Mock RTX 4080 on gpu-1
2025/09/20 22:20:16 Logged telemetry for Mock RTX 4070 on gpu-2
2025/09/20 22:20:18 Logged telemetry for Mock RTX 4070 on gpu-2
2025/09/20 22:20:18 Logged telemetry for Mock RTX 4090 on gpu-0
2025/09/20 22:20:18 Logged telemetry for Mock RTX 4080 on gpu-1
2025/09/20 22:20:20 No jobs in queue. Predicting idle period. Sending sleep command.
2025/09/20 22:20:20 Would send sleep command to GPU agent
2025/09/20 22:20:20 Logged telemetry for Mock RTX 4080 on gpu-1
2025/09/20 22:20:20 Logged telemetry for Mock RTX 4070 on gpu-2
2025/09/20 22:20:20 Logged telemetry for Mock RTX 4090 on gpu-0
2025/09/20 22:20:22 Logged telemetry for Mock RTX 4090 on gpu-0
2025/09/20 22:20:22 Logged telemetry for Mock RTX 4080 on gpu-1
2025/09/20 22:20:22 Logged telemetry for Mock RTX 4070 on gpu-2
2025/09/20 22:20:24 Logged telemetry for Mock RTX 4090 on gpu-0
2025/09/20 22:20:24 Logged telemetry for Mock RTX 4070 on gpu-2
2025/09/20 22:20:24 Logged telemetry for Mock RTX 4080 on gpu-1
2025/09/20 22:20:25 No jobs in queue. Predicting idle period. Sending sleep command.
2025/09/20 22:20:25 Would send sleep command to GPU agent
2025/09/20 22:20:26 Logged telemetry for Mock RTX 4080 on gpu-1
2025/09/20 22:20:26 Logged telemetry for Mock RTX 4090 on gpu-0
2025/09/20 22:20:26 Logged telemetry for Mock RTX 4070 on gpu-2
2025/09/20 22:20:28 Logged telemetry for Mock RTX 4070 on gpu-2
2025/09/20 22:20:28 Logged telemetry for Mock RTX 4080 on gpu-1
2025/09/20 22:20:28 Logged telemetry for Mock RTX 4090 on gpu-0
2025/09/20 22:20:30 No jobs in queue. Predicting idle period. Sending sleep command.
2025/09/20 22:20:30 Would send sleep command to GPU agent
2025/09/20 22:20:30 Logged telemetry for Mock RTX 4090 on gpu-0
2025/09/20 22:20:30 Logged telemetry for Mock RTX 4070 on gpu-2
2025/09/20 22:20:30 Logged telemetry for Mock RTX 4080 on gpu-1
2025/09/20 22:20:32 Logged telemetry for Mock RTX 4090 on gpu-0
2025/09/20 22:20:32 Logged telemetry for Mock RTX 4080 on gpu-1
2025/09/20 22:20:32 Logged telemetry for Mock RTX 4070 on gpu-2
2025/09/20 22:20:34 Logged telemetry for Mock RTX 4070 on gpu-2
2025/09/20 22:20:34 Logged telemetry for Mock RTX 4080 on gpu-1
2025/09/20 22:20:34 Logged telemetry for Mock RTX 4090 on gpu-0
2025/09/20 22:20:35 No jobs in queue. Predicting idle period. Sending sleep command.
2025/09/20 22:20:35 Would send sleep command to GPU agent
2025/09/20 22:20:36 Logged telemetry for Mock RTX 4090 on gpu-0
2025/09/20 22:20:36 Logged telemetry for Mock RTX 4070 on gpu-2
2025/09/20 22:20:36 Logged telemetry for Mock RTX 4080 on gpu-1
2025/09/20 22:20:38 Logged telemetry for Mock RTX 4080 on gpu-1
2025/09/20 22:20:38 Logged telemetry for Mock RTX 4090 on gpu-0
2025/09/20 22:20:38 Logged telemetry for Mock RTX 4070 on gpu-2
2025/09/20 22:20:40 No jobs in queue. Predicting idle period. Sending sleep command.
2025/09/20 22:20:40 Would send sleep command to GPU agent
2025/09/20 22:20:40 Logged telemetry for Mock RTX 4070 on gpu-2
2025/09/20 22:20:40 Logged telemetry for Mock RTX 4080 on gpu-1
2025/09/20 22:20:40 Logged telemetry for Mock RTX 4090 on gpu-0
2025/09/20 22:20:42 Logged telemetry for Mock RTX 4090 on gpu-0
2025/09/20 22:20:42 Logged telemetry for Mock RTX 4070 on gpu-2
2025/09/20 22:20:42 Logged telemetry for Mock RTX 4080 on gpu-1
2025/09/20 22:20:44 Logged telemetry for Mock RTX 4080 on gpu-1
2025/09/20 22:20:44 Logged telemetry for Mock RTX 4090 on gpu-0
2025/09/20 22:20:44 Logged telemetry for Mock RTX 4070 on gpu-2
2025/09/20 22:20:45 No jobs in queue. Predicting idle period. Sending sleep command.
2025/09/20 22:20:45 Would send sleep command to GPU agent
2025/09/20 22:20:46 Logged telemetry for Mock RTX 4070 on gpu-2
2025/09/20 22:20:46 Logged telemetry for Mock RTX 4080 on gpu-1
2025/09/20 22:20:46 Logged telemetry for Mock RTX 4090 on gpu-0
2025/09/20 22:20:48 Logged telemetry for Mock RTX 4090 on gpu-0
2025/09/20 22:20:48 Logged telemetry for Mock RTX 4070 on gpu-2
2025/09/20 22:20:48 Logged telemetry for Mock RTX 4080 on gpu-1
2025/09/20 22:20:50 No jobs in queue. Predicting idle period. Sending sleep command.
2025/09/20 22:20:50 Would send sleep command to GPU agent
2025/09/20 22:20:50 Logged telemetry for Mock RTX 4080 on gpu-1
2025/09/20 22:20:50 Logged telemetry for Mock RTX 4090 on gpu-0
2025/09/20 22:20:50 Logged telemetry for Mock RTX 4070 on gpu-2
2025/09/20 22:20:52 Logged telemetry for Mock RTX 4070 on gpu-2
2025/09/20 22:20:52 Logged telemetry for Mock RTX 4080 on gpu-1
2025/09/20 22:20:52 Logged telemetry for Mock RTX 4090 on gpu-0
2025/09/20 22:20:54 Logged telemetry for Mock RTX 4090 on gpu-0
2025/09/20 22:20:54 Logged telemetry for Mock RTX 4070 on gpu-2
2025/09/20 22:20:54 Logged telemetry for Mock RTX 4080 on gpu-1
2025/09/20 22:20:55 No jobs in queue. Predicting idle period. Sending sleep command.
2025/09/20 22:20:55 Would send sleep command to GPU agent
2025/09/20 22:20:56 Logged telemetry for Mock RTX 4080 on gpu-1
2025/09/20 22:20:56 Logged telemetry for Mock RTX 4090 on gpu-0
2025/09/20 22:20:56 Logged telemetry for Mock RTX 4070 on gpu-2
2025/09/20 22:20:58 Logged telemetry for Mock RTX 4070 on gpu-2
2025/09/20 22:20:58 Logged telemetry for Mock RTX 4080 on gpu-1
2025/09/20 22:20:58 Logged telemetry for Mock RTX 4090 on gpu-0
2025/09/20 22:21:00 No jobs in queue. Predicting idle period. Sending sleep command.
2025/09/20 22:21:00 Would send sleep command to GPU agent
2025/09/20 22:21:00 Logged telemetry for Mock RTX 4090 on gpu-0
2025/09/20 22:21:00 Logged telemetry for Mock RTX 4070 on gpu-2
2025/09/20 22:21:00 Logged telemetry for Mock RTX 4080 on gpu-1
2025/09/20 22:21:02 Logged telemetry for Mock RTX 4080 on gpu-1
2025/09/20 22:21:02 Logged telemetry for Mock RTX 4090 on gpu-0
2025/09/20 22:21:02 Logged telemetry for Mock RTX 4070 on gpu-2
2025/09/20 22:21:04 Logged telemetry for Mock RTX 4070 on gpu-2
2025/09/20 22:21:04 Logged telemetry for Mock RTX 4080 on gpu-1
2025/09/20 22:21:04 Logged telemetry for Mock RTX 4090 on gpu-0
2025/09/20 22:21:05 No jobs in queue. Predicting idle period. Sending sleep command.
2025/09/20 22:21:05 Would send sleep command to GPU agent
2025/09/20 22:21:06 Logged telemetry for Mock RTX 4090 on gpu-0
2025/09/20 22:21:06 Logged telemetry for Mock RTX 4070 on gpu-2
2025/09/20 22:21:06 Logged telemetry for Mock RTX 4080 on gpu-1
2025/09/20 22:21:08 Logged telemetry for Mock RTX 4080 on gpu-1
2025/09/20 22:21:08 Logged telemetry for Mock RTX 4090 on gpu-0
2025/09/20 22:21:08 Logged telemetry for Mock RTX 4070 on gpu-2
2025/09/20 22:21:10 No jobs in queue. Predicting idle period. Sending sleep command.
2025/09/20 22:21:10 Would send sleep command to GPU agent
2025/09/20 22:21:10 Logged telemetry for Mock RTX 4070 on gpu-2
2025/09/20 22:21:10 Logged telemetry for Mock RTX 4090 on gpu-0
2025/09/20 22:21:10 Logged telemetry for Mock RTX 4080 on gpu-1
2025/09/20 22:21:12 Logged telemetry for Mock RTX 4090 on gpu-0
2025/09/20 22:21:12 Logged telemetry for Mock RTX 4080 on gpu-1
2025/09/20 22:21:12 Logged telemetry for Mock RTX 4070 on gpu-2
2025/09/20 22:21:14 Logged telemetry for Mock RTX 4070 on gpu-2
2025/09/20 22:21:14 Logged telemetry for Mock RTX 4080 on gpu-1
2025/09/20 22:21:14 Logged telemetry for Mock RTX 4090 on gpu-0
2025/09/20 22:21:15 No jobs in queue. Predicting idle period. Sending sleep command.
2025/09/20 22:21:15 Would send sleep command to GPU agent
2025/09/20 22:21:16 Logged telemetry for Mock RTX 4090 on gpu-0
2025/09/20 22:21:16 Logged telemetry for Mock RTX 4070 on gpu-2
2025/09/20 22:21:16 Logged telemetry for Mock RTX 4080 on gpu-1
2025/09/20 22:21:18 Logged telemetry for Mock RTX 4080 on gpu-1
2025/09/20 22:21:18 Logged telemetry for Mock RTX 4090 on gpu-0
2025/09/20 22:21:18 Logged telemetry for Mock RTX 4070 on gpu-2
2025/09/20 22:21:20 No jobs in queue. Predicting idle period. Sending sleep command.
2025/09/20 22:21:20 Would send sleep command to GPU agent
2025/09/20 22:21:20 Logged telemetry for Mock RTX 4080 on gpu-1
2025/09/20 22:21:20 Logged telemetry for Mock RTX 4070 on gpu-2
2025/09/20 22:21:20 Logged telemetry for Mock RTX 4090 on gpu-0
2025/09/20 22:21:22 Logged telemetry for Mock RTX 4090 on gpu-0
2025/09/20 22:21:22 Logged telemetry for Mock RTX 4070 on gpu-2
2025/09/20 22:21:22 Logged telemetry for Mock RTX 4080 on gpu-1
2025/09/20 22:21:24 Logged telemetry for Mock RTX 4080 on gpu-1
2025/09/20 22:21:24 Logged telemetry for Mock RTX 4090 on gpu-0
2025/09/20 22:21:24 Logged telemetry for Mock RTX 4070 on gpu-2
2025/09/20 22:21:25 No jobs in queue. Predicting idle period. Sending sleep command.
2025/09/20 22:21:25 Would send sleep command to GPU agent
2025/09/20 22:21:26 Logged telemetry for Mock RTX 4070 on gpu-2
2025/09/20 22:21:26 Logged telemetry for Mock RTX 4080 on gpu-1
2025/09/20 22:21:26 Logged telemetry for Mock RTX 4090 on gpu-0
2025/09/20 22:21:28 Logged telemetry for Mock RTX 4090 on gpu-0
2025/09/20 22:21:28 Logged telemetry for Mock RTX 4070 on gpu-2
2025/09/20 22:21:28 Logged telemetry for Mock RTX 4080 on gpu-1
2025/09/20 22:21:30 No jobs in queue. Predicting idle period. Sending sleep command.
2025/09/20 22:21:30 Would send sleep command to GPU agent
2025/09/20 22:21:30 Logged telemetry for Mock RTX 4080 on gpu-1
2025/09/20 22:21:30 Logged telemetry for Mock RTX 4090 on gpu-0
2025/09/20 22:21:30 Logged telemetry for Mock RTX 4070 on gpu-2
2025/09/20 22:21:32 Logged telemetry for Mock RTX 4080 on gpu-1
2025/09/20 22:21:32 Logged telemetry for Mock RTX 4070 on gpu-2
2025/09/20 22:21:32 Logged telemetry for Mock RTX 4090 on gpu-0
2025/09/20 22:21:34 Logged telemetry for Mock RTX 4090 on gpu-0
2025/09/20 22:21:34 Logged telemetry for Mock RTX 4070 on gpu-2
2025/09/20 22:21:34 Logged telemetry for Mock RTX 4080 on gpu-1
2025/09/20 22:21:35 No jobs in queue. Predicting idle period. Sending sleep command.
2025/09/20 22:21:35 Would send sleep command to GPU agent
2025/09/20 22:21:36 Logged telemetry for Mock RTX 4080 on gpu-1
2025/09/20 22:21:36 Logged telemetry for Mock RTX 4090 on gpu-0
2025/09/20 22:21:36 Logged telemetry for Mock RTX 4070 on gpu-2
2025/09/20 22:21:38 Logged telemetry for Mock RTX 4070 on gpu-2
2025/09/20 22:21:38 Logged telemetry for Mock RTX 4080 on gpu-1
2025/09/20 22:21:38 Logged telemetry for Mock RTX 4090 on gpu-0
2025/09/20 22:21:40 No jobs in queue. Predicting idle period. Sending sleep command.
2025/09/20 22:21:40 Would send sleep command to GPU agent
2025/09/20 22:21:40 Logged telemetry for Mock RTX 4090 on gpu-0
2025/09/20 22:21:40 Logged telemetry for Mock RTX 4070 on gpu-2
2025/09/20 22:21:40 Logged telemetry for Mock RTX 4080 on gpu-1
2025/09/20 22:21:42 Logged telemetry for Mock RTX 4080 on gpu-1
2025/09/20 22:21:42 Logged telemetry for Mock RTX 4090 on gpu-0
2025/09/20 22:21:42 Logged telemetry for Mock RTX 4070 on gpu-2
2025/09/20 22:21:44 Logged telemetry for Mock RTX 4070 on gpu-2
2025/09/20 22:21:44 Logged telemetry for Mock RTX 4080 on gpu-1
2025/09/20 22:21:44 Logged telemetry for Mock RTX 4090 on gpu-0
2025/09/20 22:21:45 No jobs in queue. Predicting idle period. Sending sleep command.
2025/09/20 22:21:45 Would send sleep command to GPU agent
2025/09/20 22:21:46 Logged telemetry for Mock RTX 4090 on gpu-0
2025/09/20 22:21:46 Logged telemetry for Mock RTX 4070 on gpu-2
2025/09/20 22:21:46 Logged telemetry for Mock RTX 4080 on gpu-1
2025/09/20 22:21:48 Logged telemetry for Mock RTX 4080 on gpu-1
2025/09/20 22:21:48 Logged telemetry for Mock RTX 4090 on gpu-0
2025/09/20 22:21:48 Logged telemetry for Mock RTX 4070 on gpu-2
2025/09/20 22:21:50 No jobs in queue. Predicting idle period. Sending sleep command.
2025/09/20 22:21:50 Would send sleep command to GPU agent
2025/09/20 22:21:50 Logged telemetry for Mock RTX 4070 on gpu-2
2025/09/20 22:21:50 Logged telemetry for Mock RTX 4080 on gpu-1
2025/09/20 22:21:50 Logged telemetry for Mock RTX 4090 on gpu-0
2025/09/20 22:21:52 Logged telemetry for Mock RTX 4090 on gpu-0
2025/09/20 22:21:52 Logged telemetry for Mock RTX 4070 on gpu-2
2025/09/20 22:21:52 Logged telemetry for Mock RTX 4080 on gpu-1
2025/09/20 22:21:54 Logged telemetry for Mock RTX 4080 on gpu-1
2025/09/20 22:21:54 Logged telemetry for Mock RTX 4090 on gpu-0
2025/09/20 22:21:54 Logged telemetry for Mock RTX 4070 on gpu-2
2025/09/20 22:21:55 No jobs in queue. Predicting idle period. Sending sleep command.
2025/09/20 22:21:55 Would send sleep command to GPU agent
2025/09/20 22:21:56 Logged telemetry for Mock RTX 4090 on gpu-0
2025/09/20 22:21:56 Logged telemetry for Mock RTX 4080 on gpu-1
2025/09/20 22:21:56 Logged telemetry for Mock RTX 4070 on gpu-2
2025/09/20 22:21:58 Logged telemetry for Mock RTX 4090 on gpu-0
2025/09/20 22:21:58 Logged telemetry for Mock RTX 4070 on gpu-2
2025/09/20 22:21:58 Logged telemetry for Mock RTX 4080 on gpu-1
2025/09/20 22:22:00 No jobs in queue. Predicting idle period. Sending sleep command.
2025/09/20 22:22:00 Would send sleep command to GPU agent
2025/09/20 22:22:00 Logged telemetry for Mock RTX 4080 on gpu-1
2025/09/20 22:22:00 Logged telemetry for Mock RTX 4070 on gpu-2
2025/09/20 22:22:00 Logged telemetry for Mock RTX 4090 on gpu-0
2025/09/20 22:22:02 Logged telemetry for Mock RTX 4090 on gpu-0
2025/09/20 22:22:02 Logged telemetry for Mock RTX 4080 on gpu-1
2025/09/20 22:22:02 Logged telemetry for Mock RTX 4070 on gpu-2
2025/09/20 22:22:04 Logged telemetry for Mock RTX 4070 on gpu-2
2025/09/20 22:22:04 Logged telemetry for Mock RTX 4080 on gpu-1
2025/09/20 22:22:04 Logged telemetry for Mock RTX 4090 on gpu-0
2025/09/20 22:22:05 No jobs in queue. Predicting idle period. Sending sleep command.
2025/09/20 22:22:05 Would send sleep command to GPU agent
2025/09/20 22:22:06 Logged telemetry for Mock RTX 4090 on gpu-0
2025/09/20 22:22:06 Logged telemetry for Mock RTX 4070 on gpu-2
2025/09/20 22:22:06 Logged telemetry for Mock RTX 4080 on gpu-1
2025/09/20 22:22:08 Logged telemetry for Mock RTX 4080 on gpu-1
2025/09/20 22:22:08 Logged telemetry for Mock RTX 4090 on gpu-0
2025/09/20 22:22:08 Logged telemetry for Mock RTX 4070 on gpu-2
2025/09/20 22:22:10 No jobs in queue. Predicting idle period. Sending sleep command.
2025/09/20 22:22:10 Would send sleep command to GPU agent
2025/09/20 22:22:10 Logged telemetry for Mock RTX 4090 on gpu-0
2025/09/20 22:22:10 Logged telemetry for Mock RTX 4070 on gpu-2
2025/09/20 22:22:10 Logged telemetry for Mock RTX 4080 on gpu-1
2025/09/20 22:22:12 Logged telemetry for Mock RTX 4080 on gpu-1
2025/09/20 22:22:12 Logged telemetry for Mock RTX 4090 on gpu-0
2025/09/20 22:22:12 Logged telemetry for Mock RTX 4070 on gpu-2
2025/09/20 22:22:14 Logged telemetry for Mock RTX 4070 on gpu-2
2025/09/20 22:22:14 Logged telemetry for Mock RTX 4090 on gpu-0
2025/09/20 22:22:14 Logged telemetry for Mock RTX 4080 on gpu-1
2025/09/20 22:22:15 No jobs in queue. Predicting idle period. Sending sleep command.
2025/09/20 22:22:15 Would send sleep command to GPU agent
2025/09/20 22:22:16 Logged telemetry for Mock RTX 4080 on gpu-1
2025/09/20 22:22:16 Logged telemetry for Mock RTX 4070 on gpu-2
2025/09/20 22:22:16 Logged telemetry for Mock RTX 4090 on gpu-0
2025/09/20 22:22:18 Logged telemetry for Mock RTX 4090 on gpu-0
2025/09/20 22:22:18 Logged telemetry for Mock RTX 4080 on gpu-1
2025/09/20 22:22:18 Logged telemetry for Mock RTX 4070 on gpu-2
2025/09/20 22:22:20 No jobs in queue. Predicting idle period. Sending sleep command.
2025/09/20 22:22:20 Would send sleep command to GPU agent
2025/09/20 22:22:20 Logged telemetry for Mock RTX 4070 on gpu-2
2025/09/20 22:22:20 Logged telemetry for Mock RTX 4090 on gpu-0
2025/09/20 22:22:20 Logged telemetry for Mock RTX 4080 on gpu-1
2025/09/20 22:22:22 Logged telemetry for Mock RTX 4080 on gpu-1
2025/09/20 22:22:22 Logged telemetry for Mock RTX 4090 on gpu-0
2025/09/20 22:22:22 Logged telemetry for Mock RTX 4070 on gpu-2
2025/09/20 22:22:24 Logged telemetry for Mock RTX 4070 on gpu-2
2025/09/20 22:22:24 Logged telemetry for Mock RTX 4080 on gpu-1
2025/09/20 22:22:24 Logged telemetry for Mock RTX 4090 on gpu-0
2025/09/20 22:22:25 No jobs in queue. Predicting idle period. Sending sleep command.
2025/09/20 22:22:25 Would send sleep command to GPU agent
2025/09/20 22:22:26 Logged telemetry for Mock RTX 4090 on gpu-0
2025/09/20 22:22:26 Logged telemetry for Mock RTX 4070 on gpu-2
2025/09/20 22:22:26 Logged telemetry for Mock RTX 4080 on gpu-1
2025/09/20 22:22:28 Logged telemetry for Mock RTX 4080 on gpu-1
2025/09/20 22:22:28 Logged telemetry for Mock RTX 4090 on gpu-0
2025/09/20 22:22:28 Logged telemetry for Mock RTX 4070 on gpu-2
2025/09/20 22:22:30 No jobs in queue. Predicting idle period. Sending sleep command.
2025/09/20 22:22:30 Would send sleep command to GPU agent
2025/09/20 22:22:30 Logged telemetry for Mock RTX 4070 on gpu-2
2025/09/20 22:22:30 Logged telemetry for Mock RTX 4080 on gpu-1
2025/09/20 22:22:30 Logged telemetry for Mock RTX 4090 on gpu-0
2025/09/20 22:22:32 Logged telemetry for Mock RTX 4090 on gpu-0
2025/09/20 22:22:32 Logged telemetry for Mock RTX 4070 on gpu-2
2025/09/20 22:22:32 Logged telemetry for Mock RTX 4080 on gpu-1
2025/09/20 22:22:34 Logged telemetry for Mock RTX 4080 on gpu-1
2025/09/20 22:22:34 Logged telemetry for Mock RTX 4090 on gpu-0
2025/09/20 22:22:34 Logged telemetry for Mock RTX 4070 on gpu-2
2025/09/20 22:22:35 No jobs in queue. Predicting idle period. Sending sleep command.
2025/09/20 22:22:35 Would send sleep command to GPU agent
2025/09/20 22:22:36 Logged telemetry for Mock RTX 4070 on gpu-2
2025/09/20 22:22:36 Logged telemetry for Mock RTX 4080 on gpu-1
2025/09/20 22:22:36 Logged telemetry for Mock RTX 4090 on gpu-0
2025/09/20 22:22:38 Logged telemetry for Mock RTX 4090 on gpu-0
2025/09/20 22:22:38 Logged telemetry for Mock RTX 4070 on gpu-2
2025/09/20 22:22:38 Logged telemetry for Mock RTX 4080 on gpu-1
2025/09/20 22:22:40 No jobs in queue. Predicting idle period. Sending sleep command.
2025/09/20 22:22:40 Would send sleep command to GPU agent
2025/09/20 22:22:40 Logged telemetry for Mock RTX 4080 on gpu-1
2025/09/20 22:22:40 Logged telemetry for Mock RTX 4090 on gpu-0
2025/09/20 22:22:40 Logged telemetry for Mock RTX 4070 on gpu-2
2025/09/20 22:22:42 Logged telemetry for Mock RTX 4070 on gpu-2
2025/09/20 22:22:42 Logged telemetry for Mock RTX 4080 on gpu-1
2025/09/20 22:22:42 Logged telemetry for Mock RTX 4090 on gpu-0
2025/09/20 22:22:44 Logged telemetry for Mock RTX 4090 on gpu-0
2025/09/20 22:22:44 Logged telemetry for Mock RTX 4070 on gpu-2
2025/09/20 22:22:44 Logged telemetry for Mock RTX 4080 on gpu-1
2025/09/20 22:22:45 No jobs in queue. Predicting idle period. Sending sleep command.
2025/09/20 22:22:45 Would send sleep command to GPU agent
2025/09/20 22:22:46 Logged telemetry for Mock RTX 4080 on gpu-1
2025/09/20 22:22:46 Logged telemetry for Mock RTX 4090 on gpu-0
2025/09/20 22:22:46 Logged telemetry for Mock RTX 4070 on gpu-2
2025/09/20 22:22:48 Logged telemetry for Mock RTX 4070 on gpu-2
2025/09/20 22:22:48 Logged telemetry for Mock RTX 4090 on gpu-0
2025/09/20 22:22:48 Logged telemetry for Mock RTX 4080 on gpu-1
2025/09/20 22:22:50 No jobs in queue. Predicting idle period. Sending sleep command.
2025/09/20 22:22:50 Would send sleep command to GPU agent
2025/09/20 22:22:50 Logged telemetry for Mock RTX 4080 on gpu-1
2025/09/20 22:22:50 Logged telemetry for Mock RTX 4070 on gpu-2
2025/09/20 22:22:50 Logged telemetry for Mock RTX 4090 on gpu-0
2025/09/20 22:22:52 Logged telemetry for Mock RTX 4090 on gpu-0
2025/09/20 22:22:52 Logged telemetry for Mock RTX 4080 on gpu-1
2025/09/20 22:22:52 Logged telemetry for Mock RTX 4070 on gpu-2
2025/09/20 22:22:54 Logged telemetry for Mock RTX 4070 on gpu-2
2025/09/20 22:22:54 Logged telemetry for Mock RTX 4090 on gpu-0
2025/09/20 22:22:54 Logged telemetry for Mock RTX 4080 on gpu-1
2025/09/20 22:22:55 No jobs in queue. Predicting idle period. Sending sleep command.
2025/09/20 22:22:55 Would send sleep command to GPU agent
2025/09/20 22:22:56 Logged telemetry for Mock RTX 4080 on gpu-1
2025/09/20 22:22:56 Logged telemetry for Mock RTX 4070 on gpu-2
2025/09/20 22:22:56 Logged telemetry for Mock RTX 4090 on gpu-0
2025/09/20 22:22:58 Logged telemetry for Mock RTX 4090 on gpu-0
2025/09/20 22:22:58 Logged telemetry for Mock RTX 4080 on gpu-1
2025/09/20 22:22:58 Logged telemetry for Mock RTX 4070 on gpu-2
2025/09/20 22:23:00 No jobs in queue. Predicting idle period. Sending sleep command.
2025/09/20 22:23:00 Would send sleep command to GPU agent
2025/09/20 22:23:00 Logged telemetry for Mock RTX 4080 on gpu-1
2025/09/20 22:23:00 Logged telemetry for Mock RTX 4090 on gpu-0
2025/09/20 22:23:00 Logged telemetry for Mock RTX 4070 on gpu-2
2025/09/20 22:23:02 Logged telemetry for Mock RTX 4070 on gpu-2
2025/09/20 22:23:02 Logged telemetry for Mock RTX 4080 on gpu-1
2025/09/20 22:23:02 Logged telemetry for Mock RTX 4090 on gpu-0
2025/09/20 22:23:04 Logged telemetry for Mock RTX 4090 on gpu-0
2025/09/20 22:23:04 Logged telemetry for Mock RTX 4070 on gpu-2
2025/09/20 22:23:04 Logged telemetry for Mock RTX 4080 on gpu-1
2025/09/20 22:23:05 No jobs in queue. Predicting idle period. Sending sleep command.
2025/09/20 22:23:05 Would send sleep command to GPU agent
2025/09/20 22:23:06 Logged telemetry for Mock RTX 4080 on gpu-1
2025/09/20 22:23:06 Logged telemetry for Mock RTX 4090 on gpu-0
2025/09/20 22:23:06 Logged telemetry for Mock RTX 4070 on gpu-2
2025/09/20 22:23:08 Logged telemetry for Mock RTX 4090 on gpu-0
2025/09/20 22:23:08 Logged telemetry for Mock RTX 4070 on gpu-2
2025/09/20 22:23:08 Logged telemetry for Mock RTX 4080 on gpu-1
2025/09/20 22:23:10 No jobs in queue. Predicting idle period. Sending sleep command.
2025/09/20 22:23:10 Would send sleep command to GPU agent
2025/09/20 22:23:10 Logged telemetry for Mock RTX 4080 on gpu-1
2025/09/20 22:23:10 Logged telemetry for Mock RTX 4090 on gpu-0
2025/09/20 22:23:10 Logged telemetry for Mock RTX 4070 on gpu-2
2025/09/20 22:23:12 Logged telemetry for Mock RTX 4070 on gpu-2
2025/09/20 22:23:12 Logged telemetry for Mock RTX 4080 on gpu-1
2025/09/20 22:23:12 Logged telemetry for Mock RTX 4090 on gpu-0
2025/09/20 22:23:14 Logged telemetry for Mock RTX 4090 on gpu-0
2025/09/20 22:23:14 Logged telemetry for Mock RTX 4070 on gpu-2
2025/09/20 22:23:14 Logged telemetry for Mock RTX 4080 on gpu-1
2025/09/20 22:23:15 No jobs in queue. Predicting idle period. Sending sleep command.
2025/09/20 22:23:15 Would send sleep command to GPU agent
2025/09/20 22:23:16 Logged telemetry for Mock RTX 4080 on gpu-1
2025/09/20 22:23:16 Logged telemetry for Mock RTX 4090 on gpu-0
2025/09/20 22:23:16 Logged telemetry for Mock RTX 4070 on gpu-2
2025/09/20 22:23:18 Logged telemetry for Mock RTX 4070 on gpu-2
2025/09/20 22:23:18 Logged telemetry for Mock RTX 4080 on gpu-1
2025/09/20 22:23:18 Logged telemetry for Mock RTX 4090 on gpu-0
2025/09/20 22:23:20 No jobs in queue. Predicting idle period. Sending sleep command.
2025/09/20 22:23:20 Would send sleep command to GPU agent
2025/09/20 22:23:20 Logged telemetry for Mock RTX 4070 on gpu-2
2025/09/20 22:23:20 Logged telemetry for Mock RTX 4090 on gpu-0
2025/09/20 22:23:20 Logged telemetry for Mock RTX 4080 on gpu-1
2025/09/20 22:23:22 Logged telemetry for Mock RTX 4080 on gpu-1
2025/09/20 22:23:22 Logged telemetry for Mock RTX 4090 on gpu-0
2025/09/20 22:23:22 Logged telemetry for Mock RTX 4070 on gpu-2
2025/09/20 22:23:24 Logged telemetry for Mock RTX 4070 on gpu-2
2025/09/20 22:23:24 Logged telemetry for Mock RTX 4080 on gpu-1
2025/09/20 22:23:24 Logged telemetry for Mock RTX 4090 on gpu-0
2025/09/20 22:23:25 No jobs in queue. Predicting idle period. Sending sleep command.
2025/09/20 22:23:25 Would send sleep command to GPU agent
2025/09/20 22:23:26 Logged telemetry for Mock RTX 4090 on gpu-0
2025/09/20 22:23:26 Logged telemetry for Mock RTX 4070 on gpu-2
2025/09/20 22:23:26 Logged telemetry for Mock RTX 4080 on gpu-1
2025/09/20 22:23:28 Logged telemetry for Mock RTX 4080 on gpu-1
2025/09/20 22:23:28 Logged telemetry for Mock RTX 4090 on gpu-0
2025/09/20 22:23:28 Logged telemetry for Mock RTX 4070 on gpu-2
2025/09/20 22:23:30 No jobs in queue. Predicting idle period. Sending sleep command.
2025/09/20 22:23:30 Would send sleep command to GPU agent
2025/09/20 22:23:30 Logged telemetry for Mock RTX 4070 on gpu-2
2025/09/20 22:23:30 Logged telemetry for Mock RTX 4080 on gpu-1
2025/09/20 22:23:30 Logged telemetry for Mock RTX 4090 on gpu-0
2025/09/20 22:23:32 Logged telemetry for Mock RTX 4090 on gpu-0
2025/09/20 22:23:32 Logged telemetry for Mock RTX 4070 on gpu-2
2025/09/20 22:23:32 Logged telemetry for Mock RTX 4080 on gpu-1
2025/09/20 22:23:34 Logged telemetry for Mock RTX 4080 on gpu-1
2025/09/20 22:23:34 Logged telemetry for Mock RTX 4090 on gpu-0
2025/09/20 22:23:34 Logged telemetry for Mock RTX 4070 on gpu-2
2025/09/20 22:23:35 No jobs in queue. Predicting idle period. Sending sleep command.
2025/09/20 22:23:35 Would send sleep command to GPU agent
2025/09/20 22:23:36 Logged telemetry for Mock RTX 4070 on gpu-2
2025/09/20 22:23:36 Logged telemetry for Mock RTX 4080 on gpu-1
2025/09/20 22:23:36 Logged telemetry for Mock RTX 4090 on gpu-0
2025/09/20 22:23:38 Logged telemetry for Mock RTX 4090 on gpu-0
2025/09/20 22:23:38 Logged telemetry for Mock RTX 4070 on gpu-2
2025/09/20 22:23:38 Logged telemetry for Mock RTX 4080 on gpu-1
2025/09/20 22:23:40 No jobs in queue. Predicting idle period. Sending sleep command.
2025/09/20 22:23:40 Would send sleep command to GPU agent
2025/09/20 22:23:40 Logged telemetry for Mock RTX 4080 on gpu-1
2025/09/20 22:23:40 Logged telemetry for Mock RTX 4090 on gpu-0
2025/09/20 22:23:40 Logged telemetry for Mock RTX 4070 on gpu-2
2025/09/20 22:23:42 Logged telemetry for Mock RTX 4070 on gpu-2
2025/09/20 22:23:42 Logged telemetry for Mock RTX 4080 on gpu-1
2025/09/20 22:23:42 Logged telemetry for Mock RTX 4090 on gpu-0
2025/09/20 22:23:44 Logged telemetry for Mock RTX 4090 on gpu-0
2025/09/20 22:23:44 Logged telemetry for Mock RTX 4070 on gpu-2
2025/09/20 22:23:44 Logged telemetry for Mock RTX 4080 on gpu-1
2025/09/20 22:23:45 No jobs in queue. Predicting idle period. Sending sleep command.
2025/09/20 22:23:45 Would send sleep command to GPU agent
2025/09/20 22:23:46 Logged telemetry for Mock RTX 4090 on gpu-0
2025/09/20 22:23:46 Logged telemetry for Mock RTX 4080 on gpu-1
2025/09/20 22:23:46 Logged telemetry for Mock RTX 4070 on gpu-2
2025/09/20 22:23:48 Logged telemetry for Mock RTX 4070 on gpu-2
2025/09/20 22:23:48 Logged telemetry for Mock RTX 4090 on gpu-0
2025/09/20 22:23:48 Logged telemetry for Mock RTX 4080 on gpu-1
2025/09/20 22:23:50 No jobs in queue. Predicting idle period. Sending sleep command.
2025/09/20 22:23:50 Would send sleep command to GPU agent
2025/09/20 22:23:50 Logged telemetry for Mock RTX 4080 on gpu-1
2025/09/20 22:23:50 Logged telemetry for Mock RTX 4070 on gpu-2
2025/09/20 22:23:50 Logged telemetry for Mock RTX 4090 on gpu-0
2025/09/20 22:23:52 Logged telemetry for Mock RTX 4090 on gpu-0
2025/09/20 22:23:52 Logged telemetry for Mock RTX 4070 on gpu-2
2025/09/20 22:23:52 Logged telemetry for Mock RTX 4080 on gpu-1
2025/09/20 22:23:54 Logged telemetry for Mock RTX 4080 on gpu-1
2025/09/20 22:23:54 Logged telemetry for Mock RTX 4090 on gpu-0
2025/09/20 22:23:54 Logged telemetry for Mock RTX 4070 on gpu-2
2025/09/20 22:23:55 No jobs in queue. Predicting idle period. Sending sleep command.
2025/09/20 22:23:55 Would send sleep command to GPU agent
2025/09/20 22:23:56 Logged telemetry for Mock RTX 4070 on gpu-2
2025/09/20 22:23:56 Logged telemetry for Mock RTX 4080 on gpu-1
2025/09/20 22:23:56 Logged telemetry for Mock RTX 4090 on gpu-0
2025/09/20 22:23:58 Logged telemetry for Mock RTX 4090 on gpu-0
2025/09/20 22:23:58 Logged telemetry for Mock RTX 4070 on gpu-2
2025/09/20 22:23:58 Logged telemetry for Mock RTX 4080 on gpu-1
2025/09/20 22:24:00 No jobs in queue. Predicting idle period. Sending sleep command.
2025/09/20 22:24:00 Would send sleep command to GPU agent
2025/09/20 22:24:00 Logged telemetry for Mock RTX 4080 on gpu-1
2025/09/20 22:24:00 Logged telemetry for Mock RTX 4090 on gpu-0
2025/09/20 22:24:00 Logged telemetry for Mock RTX 4070 on gpu-2
2025/09/20 22:24:02 Logged telemetry for Mock RTX 4070 on gpu-2
2025/09/20 22:24:02 Logged telemetry for Mock RTX 4080 on gpu-1
2025/09/20 22:24:02 Logged telemetry for Mock RTX 4090 on gpu-0
2025/09/20 22:24:04 Logged telemetry for Mock RTX 4080 on gpu-1
2025/09/20 22:24:04 Logged telemetry for Mock RTX 4070 on gpu-2
2025/09/20 22:24:04 Logged telemetry for Mock RTX 4090 on gpu-0
2025/09/20 22:24:05 No jobs in queue. Predicting idle period. Sending sleep command.
2025/09/20 22:24:05 Would send sleep command to GPU agent
2025/09/20 22:24:06 Logged telemetry for Mock RTX 4090 on gpu-0
2025/09/20 22:24:06 Logged telemetry for Mock RTX 4080 on gpu-1
2025/09/20 22:24:06 Logged telemetry for Mock RTX 4070 on gpu-2
2025/09/20 22:24:08 Logged telemetry for Mock RTX 4070 on gpu-2
2025/09/20 22:24:08 Logged telemetry for Mock RTX 4090 on gpu-0
2025/09/20 22:24:08 Logged telemetry for Mock RTX 4080 on gpu-1
2025/09/20 22:24:10 No jobs in queue. Predicting idle period. Sending sleep command.
2025/09/20 22:24:10 Would send sleep command to GPU agent
2025/09/20 22:24:10 Logged telemetry for Mock RTX 4080 on gpu-1
2025/09/20 22:24:10 Logged telemetry for Mock RTX 4070 on gpu-2
2025/09/20 22:24:10 Logged telemetry for Mock RTX 4090 on gpu-0
2025/09/20 22:24:12 Logged telemetry for Mock RTX 4090 on gpu-0
2025/09/20 22:24:12 Logged telemetry for Mock RTX 4080 on gpu-1
2025/09/20 22:24:12 Logged telemetry for Mock RTX 4070 on gpu-2
2025/09/20 22:24:14 Logged telemetry for Mock RTX 4070 on gpu-2
2025/09/20 22:24:14 Logged telemetry for Mock RTX 4090 on gpu-0
2025/09/20 22:24:14 Logged telemetry for Mock RTX 4080 on gpu-1
2025/09/20 22:24:15 No jobs in queue. Predicting idle period. Sending sleep command.
2025/09/20 22:24:15 Would send sleep command to GPU agent
2025/09/20 22:24:16 Logged telemetry for Mock RTX 4080 on gpu-1
2025/09/20 22:24:16 Logged telemetry for Mock RTX 4070 on gpu-2
2025/09/20 22:24:16 Logged telemetry for Mock RTX 4090 on gpu-0
2025/09/20 22:24:18 Logged telemetry for Mock RTX 4090 on gpu-0
2025/09/20 22:24:18 Logged telemetry for Mock RTX 4080 on gpu-1
2025/09/20 22:24:18 Logged telemetry for Mock RTX 4070 on gpu-2
2025/09/20 22:24:20 No jobs in queue. Predicting idle period. Sending sleep command.
2025/09/20 22:24:20 Would send sleep command to GPU agent
2025/09/20 22:24:20 Logged telemetry for Mock RTX 4090 on gpu-0
2025/09/20 22:24:20 Logged telemetry for Mock RTX 4080 on gpu-1
2025/09/20 22:24:20 Logged telemetry for Mock RTX 4070 on gpu-2
2025/09/20 22:24:22 Logged telemetry for Mock RTX 4070 on gpu-2
2025/09/20 22:24:22 Logged telemetry for Mock RTX 4090 on gpu-0
2025/09/20 22:24:22 Logged telemetry for Mock RTX 4080 on gpu-1
2025/09/20 22:24:24 Logged telemetry for Mock RTX 4080 on gpu-1
2025/09/20 22:24:24 Logged telemetry for Mock RTX 4070 on gpu-2
2025/09/20 22:24:24 Logged telemetry for Mock RTX 4090 on gpu-0
2025/09/20 22:24:25 No jobs in queue. Predicting idle period. Sending sleep command.
2025/09/20 22:24:25 Would send sleep command to GPU agent
2025/09/20 22:24:26 Logged telemetry for Mock RTX 4090 on gpu-0
2025/09/20 22:24:26 Logged telemetry for Mock RTX 4080 on gpu-1
2025/09/20 22:24:26 Logged telemetry for Mock RTX 4070 on gpu-2
2025/09/20 22:24:28 Logged telemetry for Mock RTX 4070 on gpu-2
2025/09/20 22:24:28 Logged telemetry for Mock RTX 4090 on gpu-0
2025/09/20 22:24:28 Logged telemetry for Mock RTX 4080 on gpu-1
2025/09/20 22:24:30 No jobs in queue. Predicting idle period. Sending sleep command.
2025/09/20 22:24:30 Would send sleep command to GPU agent
2025/09/20 22:24:30 Logged telemetry for Mock RTX 4080 on gpu-1
2025/09/20 22:24:30 Logged telemetry for Mock RTX 4070 on gpu-2
2025/09/20 22:24:30 Logged telemetry for Mock RTX 4090 on gpu-0
2025/09/20 22:24:32 Logged telemetry for Mock RTX 4090 on gpu-0
2025/09/20 22:24:32 Logged telemetry for Mock RTX 4080 on gpu-1
2025/09/20 22:24:32 Logged telemetry for Mock RTX 4070 on gpu-2
2025/09/20 22:24:34 Logged telemetry for Mock RTX 4090 on gpu-0
2025/09/20 22:24:34 Logged telemetry for Mock RTX 4070 on gpu-2
2025/09/20 22:24:34 Logged telemetry for Mock RTX 4080 on gpu-1
2025/09/20 22:24:35 No jobs in queue. Predicting idle period. Sending sleep command.
2025/09/20 22:24:35 Would send sleep command to GPU agent
2025/09/20 22:24:36 Logged telemetry for Mock RTX 4080 on gpu-1
2025/09/20 22:24:36 Logged telemetry for Mock RTX 4070 on gpu-2
2025/09/20 22:24:36 Logged telemetry for Mock RTX 4090 on gpu-0
2025/09/20 22:24:38 Logged telemetry for Mock RTX 4090 on gpu-0
2025/09/20 22:24:38 Logged telemetry for Mock RTX 4080 on gpu-1
2025/09/20 22:24:38 Logged telemetry for Mock RTX 4070 on gpu-2
2025/09/20 22:24:40 No jobs in queue. Predicting idle period. Sending sleep command.
2025/09/20 22:24:40 Would send sleep command to GPU agent
2025/09/20 22:24:40 Logged telemetry for Mock RTX 4070 on gpu-2
2025/09/20 22:24:40 Logged telemetry for Mock RTX 4090 on gpu-0
2025/09/20 22:24:40 Logged telemetry for Mock RTX 4080 on gpu-1
2025/09/20 22:24:42 Logged telemetry for Mock RTX 4080 on gpu-1
2025/09/20 22:24:42 Logged telemetry for Mock RTX 4070 on gpu-2
2025/09/20 22:24:42 Logged telemetry for Mock RTX 4090 on gpu-0
2025/09/20 22:24:44 Logged telemetry for Mock RTX 4090 on gpu-0
2025/09/20 22:24:44 Logged telemetry for Mock RTX 4080 on gpu-1
2025/09/20 22:24:44 Logged telemetry for Mock RTX 4070 on gpu-2
2025/09/20 22:24:45 No jobs in queue. Predicting idle period. Sending sleep command.
2025/09/20 22:24:45 Would send sleep command to GPU agent
2025/09/20 22:24:46 Logged telemetry for Mock RTX 4070 on gpu-2
2025/09/20 22:24:46 Logged telemetry for Mock RTX 4090 on gpu-0
2025/09/20 22:24:46 Logged telemetry for Mock RTX 4080 on gpu-1
2025/09/20 22:24:48 Logged telemetry for Mock RTX 4070 on gpu-2
2025/09/20 22:24:48 Logged telemetry for Mock RTX 4080 on gpu-1
2025/09/20 22:24:48 Logged telemetry for Mock RTX 4090 on gpu-0
2025/09/20 22:24:50 No jobs in queue. Predicting idle period. Sending sleep command.
2025/09/20 22:24:50 Would send sleep command to GPU agent
2025/09/20 22:24:50 Logged telemetry for Mock RTX 4090 on gpu-0
2025/09/20 22:24:50 Logged telemetry for Mock RTX 4080 on gpu-1
2025/09/20 22:24:50 Logged telemetry for Mock RTX 4070 on gpu-2
2025/09/20 22:24:52 Logged telemetry for Mock RTX 4090 on gpu-0
2025/09/20 22:24:52 Logged telemetry for Mock RTX 4080 on gpu-1
2025/09/20 22:24:52 Logged telemetry for Mock RTX 4070 on gpu-2
2025/09/20 22:24:54 Logged telemetry for Mock RTX 4070 on gpu-2
2025/09/20 22:24:54 Logged telemetry for Mock RTX 4090 on gpu-0
2025/09/20 22:24:54 Logged telemetry for Mock RTX 4080 on gpu-1
2025/09/20 22:24:55 No jobs in queue. Predicting idle period. Sending sleep command.
2025/09/20 22:24:55 Would send sleep command to GPU agent
2025/09/20 22:24:56 Logged telemetry for Mock RTX 4080 on gpu-1
2025/09/20 22:24:56 Logged telemetry for Mock RTX 4070 on gpu-2
2025/09/20 22:24:56 Logged telemetry for Mock RTX 4090 on gpu-0
2025/09/20 22:24:58 Logged telemetry for Mock RTX 4090 on gpu-0
2025/09/20 22:24:58 Logged telemetry for Mock RTX 4080 on gpu-1
2025/09/20 22:24:58 Logged telemetry for Mock RTX 4070 on gpu-2
2025/09/20 22:25:00 No jobs in queue. Predicting idle period. Sending sleep command.
2025/09/20 22:25:00 Would send sleep command to GPU agent
2025/09/20 22:25:00 Logged telemetry for Mock RTX 4070 on gpu-2
2025/09/20 22:25:00 Logged telemetry for Mock RTX 4090 on gpu-0
2025/09/20 22:25:00 Logged telemetry for Mock RTX 4080 on gpu-1
2025/09/20 22:25:02 Logged telemetry for Mock RTX 4080 on gpu-1
2025/09/20 22:25:02 Logged telemetry for Mock RTX 4090 on gpu-0
2025/09/20 22:25:02 Logged telemetry for Mock RTX 4070 on gpu-2
2025/09/20 22:25:04 Logged telemetry for Mock RTX 4080 on gpu-1
2025/09/20 22:25:04 Logged telemetry for Mock RTX 4070 on gpu-2
2025/09/20 22:25:04 Logged telemetry for Mock RTX 4090 on gpu-0
2025/09/20 22:25:05 No jobs in queue. Predicting idle period. Sending sleep command.
2025/09/20 22:25:05 Would send sleep command to GPU agent
2025/09/20 22:25:06 Logged telemetry for Mock RTX 4070 on gpu-2
2025/09/20 22:25:06 Logged telemetry for Mock RTX 4080 on gpu-1
2025/09/20 22:25:06 Logged telemetry for Mock RTX 4090 on gpu-0
2025/09/20 22:25:08 Logged telemetry for Mock RTX 4090 on gpu-0
2025/09/20 22:25:08 Logged telemetry for Mock RTX 4070 on gpu-2
2025/09/20 22:25:08 Logged telemetry for Mock RTX 4080 on gpu-1
2025/09/20 22:25:10 No jobs in queue. Predicting idle period. Sending sleep command.
2025/09/20 22:25:10 Would send sleep command to GPU agent
2025/09/20 22:25:10 Logged telemetry for Mock RTX 4080 on gpu-1
2025/09/20 22:25:10 Logged telemetry for Mock RTX 4090 on gpu-0
2025/09/20 22:25:10 Logged telemetry for Mock RTX 4070 on gpu-2
2025/09/20 22:25:12 Logged telemetry for Mock RTX 4070 on gpu-2
2025/09/20 22:25:12 Logged telemetry for Mock RTX 4090 on gpu-0
2025/09/20 22:25:12 Logged telemetry for Mock RTX 4080 on gpu-1
2025/09/20 22:25:14 Logged telemetry for Mock RTX 4070 on gpu-2
2025/09/20 22:25:14 Logged telemetry for Mock RTX 4090 on gpu-0
2025/09/20 22:25:14 Logged telemetry for Mock RTX 4080 on gpu-1
2025/09/20 22:25:15 No jobs in queue. Predicting idle period. Sending sleep command.
2025/09/20 22:25:15 Would send sleep command to GPU agent
2025/09/20 22:25:16 Logged telemetry for Mock RTX 4080 on gpu-1
2025/09/20 22:25:16 Logged telemetry for Mock RTX 4070 on gpu-2
2025/09/20 22:25:16 Logged telemetry for Mock RTX 4090 on gpu-0
2025/09/20 22:25:18 Logged telemetry for Mock RTX 4090 on gpu-0
2025/09/20 22:25:18 Logged telemetry for Mock RTX 4070 on gpu-2
2025/09/20 22:25:18 Logged telemetry for Mock RTX 4080 on gpu-1
2025/09/20 22:25:20 No jobs in queue. Predicting idle period. Sending sleep command.
2025/09/20 22:25:20 Would send sleep command to GPU agent
2025/09/20 22:25:20 Logged telemetry for Mock RTX 4080 on gpu-1
2025/09/20 22:25:20 Logged telemetry for Mock RTX 4090 on gpu-0
2025/09/20 22:25:20 Logged telemetry for Mock RTX 4070 on gpu-2
2025/09/20 22:25:22 Logged telemetry for Mock RTX 4070 on gpu-2
2025/09/20 22:25:22 Logged telemetry for Mock RTX 4080 on gpu-1
2025/09/20 22:25:22 Logged telemetry for Mock RTX 4090 on gpu-0
2025/09/20 22:25:24 Logged telemetry for Mock RTX 4070 on gpu-2
2025/09/20 22:25:24 Logged telemetry for Mock RTX 4090 on gpu-0
2025/09/20 22:25:24 Logged telemetry for Mock RTX 4080 on gpu-1
2025/09/20 22:25:25 No jobs in queue. Predicting idle period. Sending sleep command.
2025/09/20 22:25:25 Would send sleep command to GPU agent
2025/09/20 22:25:26 Logged telemetry for Mock RTX 4080 on gpu-1
2025/09/20 22:25:26 Logged telemetry for Mock RTX 4090 on gpu-0
2025/09/20 22:25:26 Logged telemetry for Mock RTX 4070 on gpu-2
2025/09/20 22:25:28 Logged telemetry for Mock RTX 4070 on gpu-2
2025/09/20 22:25:28 Logged telemetry for Mock RTX 4090 on gpu-0
2025/09/20 22:25:28 Logged telemetry for Mock RTX 4080 on gpu-1
2025/09/20 22:25:30 No jobs in queue. Predicting idle period. Sending sleep command.
2025/09/20 22:25:30 Would send sleep command to GPU agent
2025/09/20 22:25:30 Logged telemetry for Mock RTX 4080 on gpu-1
2025/09/20 22:25:30 Logged telemetry for Mock RTX 4070 on gpu-2
2025/09/20 22:25:30 Logged telemetry for Mock RTX 4090 on gpu-0
2025/09/20 22:25:32 Logged telemetry for Mock RTX 4080 on gpu-1
2025/09/20 22:25:32 Logged telemetry for Mock RTX 4070 on gpu-2
2025/09/20 22:25:32 Logged telemetry for Mock RTX 4090 on gpu-0
2025/09/20 22:25:34 Logged telemetry for Mock RTX 4090 on gpu-0
2025/09/20 22:25:34 Logged telemetry for Mock RTX 4080 on gpu-1
2025/09/20 22:25:34 Logged telemetry for Mock RTX 4070 on gpu-2
2025/09/20 22:25:35 No jobs in queue. Predicting idle period. Sending sleep command.
2025/09/20 22:25:35 Would send sleep command to GPU agent
2025/09/20 22:25:36 Logged telemetry for Mock RTX 4070 on gpu-2
2025/09/20 22:25:36 Logged telemetry for Mock RTX 4090 on gpu-0
2025/09/20 22:25:36 Logged telemetry for Mock RTX 4080 on gpu-1
2025/09/20 22:25:38 Logged telemetry for Mock RTX 4080 on gpu-1
2025/09/20 22:25:38 Logged telemetry for Mock RTX 4070 on gpu-2
2025/09/20 22:25:38 Logged telemetry for Mock RTX 4090 on gpu-0
2025/09/20 22:25:40 No jobs in queue. Predicting idle period. Sending sleep command.
2025/09/20 22:25:40 Would send sleep command to GPU agent
2025/09/20 22:25:40 Logged telemetry for Mock RTX 4090 on gpu-0
2025/09/20 22:25:40 Logged telemetry for Mock RTX 4080 on gpu-1
2025/09/20 22:25:40 Logged telemetry for Mock RTX 4070 on gpu-2
2025/09/20 22:25:42 Logged telemetry for Mock RTX 4070 on gpu-2
2025/09/20 22:25:42 Logged telemetry for Mock RTX 4090 on gpu-0
2025/09/20 22:25:42 Logged telemetry for Mock RTX 4080 on gpu-1
2025/09/20 22:25:44 Logged telemetry for Mock RTX 4080 on gpu-1
2025/09/20 22:25:44 Logged telemetry for Mock RTX 4070 on gpu-2
2025/09/20 22:25:44 Logged telemetry for Mock RTX 4090 on gpu-0
2025/09/20 22:25:45 No jobs in queue. Predicting idle period. Sending sleep command.
2025/09/20 22:25:45 Would send sleep command to GPU agent
2025/09/20 22:25:46 Logged telemetry for Mock RTX 4090 on gpu-0
2025/09/20 22:25:46 Logged telemetry for Mock RTX 4080 on gpu-1
2025/09/20 22:25:46 Logged telemetry for Mock RTX 4070 on gpu-2
2025/09/20 22:25:48 Logged telemetry for Mock RTX 4070 on gpu-2
2025/09/20 22:25:48 Logged telemetry for Mock RTX 4090 on gpu-0
2025/09/20 22:25:48 Logged telemetry for Mock RTX 4080 on gpu-1
2025/09/20 22:25:50 No jobs in queue. Predicting idle period. Sending sleep command.
2025/09/20 22:25:50 Would send sleep command to GPU agent
2025/09/20 22:25:50 Logged telemetry for Mock RTX 4070 on gpu-2
2025/09/20 22:25:50 Logged telemetry for Mock RTX 4090 on gpu-0
2025/09/20 22:25:50 Logged telemetry for Mock RTX 4080 on gpu-1
2025/09/20 22:25:52 Logged telemetry for Mock RTX 4080 on gpu-1
2025/09/20 22:25:52 Logged telemetry for Mock RTX 4070 on gpu-2
2025/09/20 22:25:52 Logged telemetry for Mock RTX 4090 on gpu-0
2025/09/20 22:25:54 Logged telemetry for Mock RTX 4090 on gpu-0
2025/09/20 22:25:54 Logged telemetry for Mock RTX 4070 on gpu-2
2025/09/20 22:25:54 Logged telemetry for Mock RTX 4080 on gpu-1
2025/09/20 22:25:55 No jobs in queue. Predicting idle period. Sending sleep command.
2025/09/20 22:25:55 Would send sleep command to GPU agent
2025/09/20 22:25:56 Logged telemetry for Mock RTX 4080 on gpu-1
2025/09/20 22:25:56 Logged telemetry for Mock RTX 4090 on gpu-0
2025/09/20 22:25:56 Logged telemetry for Mock RTX 4070 on gpu-2
2025/09/20 22:25:58 Logged telemetry for Mock RTX 4070 on gpu-2
2025/09/20 22:25:58 Logged telemetry for Mock RTX 4080 on gpu-1
2025/09/20 22:25:58 Logged telemetry for Mock RTX 4090 on gpu-0
2025/09/20 22:26:00 No jobs in queue. Predicting idle period. Sending sleep command.
2025/09/20 22:26:00 Would send sleep command to GPU agent
2025/09/20 22:26:00 Logged telemetry for Mock RTX 4090 on gpu-0
2025/09/20 22:26:00 Logged telemetry for Mock RTX 4080 on gpu-1
2025/09/20 22:26:00 Logged telemetry for Mock RTX 4070 on gpu-2
2025/09/20 22:26:02 Logged telemetry for Mock RTX 4070 on gpu-2
2025/09/20 22:26:02 Logged telemetry for Mock RTX 4090 on gpu-0
2025/09/20 22:26:02 Logged telemetry for Mock RTX 4080 on gpu-1
2025/09/20 22:26:04 Logged telemetry for Mock RTX 4080 on gpu-1
2025/09/20 22:26:04 Logged telemetry for Mock RTX 4070 on gpu-2
2025/09/20 22:26:04 Logged telemetry for Mock RTX 4090 on gpu-0
2025/09/20 22:26:05 No jobs in queue. Predicting idle period. Sending sleep command.
2025/09/20 22:26:05 Would send sleep command to GPU agent
2025/09/20 22:26:06 Logged telemetry for Mock RTX 4090 on gpu-0
2025/09/20 22:26:06 Logged telemetry for Mock RTX 4080 on gpu-1
2025/09/20 22:26:06 Logged telemetry for Mock RTX 4070 on gpu-2
2025/09/20 22:26:08 Logged telemetry for Mock RTX 4070 on gpu-2
2025/09/20 22:26:08 Logged telemetry for Mock RTX 4090 on gpu-0
2025/09/20 22:26:08 Logged telemetry for Mock RTX 4080 on gpu-1
2025/09/20 22:26:10 No jobs in queue. Predicting idle period. Sending sleep command.
2025/09/20 22:26:10 Would send sleep command to GPU agent
2025/09/20 22:26:10 Logged telemetry for Mock RTX 4080 on gpu-1
2025/09/20 22:26:10 Logged telemetry for Mock RTX 4070 on gpu-2
2025/09/20 22:26:10 Logged telemetry for Mock RTX 4090 on gpu-0
2025/09/20 22:26:12 Logged telemetry for Mock RTX 4090 on gpu-0
2025/09/20 22:26:12 Logged telemetry for Mock RTX 4080 on gpu-1
2025/09/20 22:26:12 Logged telemetry for Mock RTX 4070 on gpu-2
2025/09/20 22:26:14 Logged telemetry for Mock RTX 4070 on gpu-2
2025/09/20 22:26:14 Logged telemetry for Mock RTX 4090 on gpu-0
2025/09/20 22:26:14 Logged telemetry for Mock RTX 4080 on gpu-1
2025/09/20 22:26:15 No jobs in queue. Predicting idle period. Sending sleep command.
2025/09/20 22:26:15 Would send sleep command to GPU agent
2025/09/20 22:26:16 Logged telemetry for Mock RTX 4080 on gpu-1
2025/09/20 22:26:16 Logged telemetry for Mock RTX 4070 on gpu-2
2025/09/20 22:26:16 Logged telemetry for Mock RTX 4090 on gpu-0
2025/09/20 22:26:18 Logged telemetry for Mock RTX 4090 on gpu-0
2025/09/20 22:26:18 Logged telemetry for Mock RTX 4080 on gpu-1
2025/09/20 22:26:18 Logged telemetry for Mock RTX 4070 on gpu-2
2025/09/20 22:26:20 No jobs in queue. Predicting idle period. Sending sleep command.
2025/09/20 22:26:20 Would send sleep command to GPU agent
2025/09/20 22:26:20 Logged telemetry for Mock RTX 4070 on gpu-2
2025/09/20 22:26:20 Logged telemetry for Mock RTX 4090 on gpu-0
2025/09/20 22:26:20 Logged telemetry for Mock RTX 4080 on gpu-1
2025/09/20 22:26:22 Logged telemetry for Mock RTX 4080 on gpu-1
2025/09/20 22:26:22 Logged telemetry for Mock RTX 4070 on gpu-2
2025/09/20 22:26:22 Logged telemetry for Mock RTX 4090 on gpu-0
2025/09/20 22:26:24 Logged telemetry for Mock RTX 4090 on gpu-0
2025/09/20 22:26:24 Logged telemetry for Mock RTX 4080 on gpu-1
2025/09/20 22:26:24 Logged telemetry for Mock RTX 4070 on gpu-2
2025/09/20 22:26:25 No jobs in queue. Predicting idle period. Sending sleep command.
2025/09/20 22:26:25 Would send sleep command to GPU agent
2025/09/20 22:26:26 Logged telemetry for Mock RTX 4070 on gpu-2
2025/09/20 22:26:26 Logged telemetry for Mock RTX 4090 on gpu-0
2025/09/20 22:26:26 Logged telemetry for Mock RTX 4080 on gpu-1
2025/09/20 22:26:28 Logged telemetry for Mock RTX 4080 on gpu-1
2025/09/20 22:26:28 Logged telemetry for Mock RTX 4070 on gpu-2
2025/09/20 22:26:28 Logged telemetry for Mock RTX 4090 on gpu-0
2025/09/20 22:26:30 No jobs in queue. Predicting idle period. Sending sleep command.
2025/09/20 22:26:30 Would send sleep command to GPU agent
2025/09/20 22:26:30 Logged telemetry for Mock RTX 4090 on gpu-0
2025/09/20 22:26:30 Logged telemetry for Mock RTX 4080 on gpu-1
2025/09/20 22:26:30 Logged telemetry for Mock RTX 4070 on gpu-2
2025/09/20 22:26:32 Logged telemetry for Mock RTX 4070 on gpu-2
2025/09/20 22:26:32 Logged telemetry for Mock RTX 4090 on gpu-0
2025/09/20 22:26:32 Logged telemetry for Mock RTX 4080 on gpu-1
2025/09/20 22:26:34 Logged telemetry for Mock RTX 4070 on gpu-2
2025/09/20 22:26:34 Logged telemetry for Mock RTX 4080 on gpu-1
2025/09/20 22:26:34 Logged telemetry for Mock RTX 4090 on gpu-0
2025/09/20 22:26:35 No jobs in queue. Predicting idle period. Sending sleep command.
2025/09/20 22:26:35 Would send sleep command to GPU agent
2025/09/20 22:26:36 Logged telemetry for Mock RTX 4090 on gpu-0
2025/09/20 22:26:36 Logged telemetry for Mock RTX 4080 on gpu-1
2025/09/20 22:26:36 Logged telemetry for Mock RTX 4070 on gpu-2
2025/09/20 22:26:38 Logged telemetry for Mock RTX 4070 on gpu-2
2025/09/20 22:26:38 Logged telemetry for Mock RTX 4080 on gpu-1
2025/09/20 22:26:38 Logged telemetry for Mock RTX 4090 on gpu-0
2025/09/20 22:26:40 No jobs in queue. Predicting idle period. Sending sleep command.
2025/09/20 22:26:40 Would send sleep command to GPU agent
2025/09/20 22:26:40 Logged telemetry for Mock RTX 4090 on gpu-0
2025/09/20 22:26:40 Logged telemetry for Mock RTX 4070 on gpu-2
2025/09/20 22:26:40 Logged telemetry for Mock RTX 4080 on gpu-1
2025/09/20 22:26:42 Logged telemetry for Mock RTX 4070 on gpu-2
2025/09/20 22:26:42 Logged telemetry for Mock RTX 4080 on gpu-1
2025/09/20 22:26:42 Logged telemetry for Mock RTX 4090 on gpu-0
2025/09/20 22:26:44 Logged telemetry for Mock RTX 4090 on gpu-0
2025/09/20 22:26:44 Logged telemetry for Mock RTX 4070 on gpu-2
2025/09/20 22:26:44 Logged telemetry for Mock RTX 4080 on gpu-1
2025/09/20 22:26:45 No jobs in queue. Predicting idle period. Sending sleep command.
2025/09/20 22:26:45 Would send sleep command to GPU agent
2025/09/20 22:26:46 Logged telemetry for Mock RTX 4080 on gpu-1
2025/09/20 22:26:46 Logged telemetry for Mock RTX 4090 on gpu-0
2025/09/20 22:26:46 Logged telemetry for Mock RTX 4070 on gpu-2
2025/09/20 22:26:48 Logged telemetry for Mock RTX 4070 on gpu-2
2025/09/20 22:26:48 Logged telemetry for Mock RTX 4080 on gpu-1
2025/09/20 22:26:48 Logged telemetry for Mock RTX 4090 on gpu-0
2025/09/20 22:26:50 No jobs in queue. Predicting idle period. Sending sleep command.
2025/09/20 22:26:50 Would send sleep command to GPU agent
2025/09/20 22:26:50 Logged telemetry for Mock RTX 4090 on gpu-0
2025/09/20 22:26:50 Logged telemetry for Mock RTX 4070 on gpu-2
2025/09/20 22:26:50 Logged telemetry for Mock RTX 4080 on gpu-1
2025/09/20 22:26:52 Logged telemetry for Mock RTX 4080 on gpu-1
2025/09/20 22:26:52 Logged telemetry for Mock RTX 4090 on gpu-0
2025/09/20 22:26:52 Logged telemetry for Mock RTX 4070 on gpu-2
2025/09/20 22:26:54 Logged telemetry for Mock RTX 4070 on gpu-2
2025/09/20 22:26:54 Logged telemetry for Mock RTX 4080 on gpu-1
2025/09/20 22:26:54 Logged telemetry for Mock RTX 4090 on gpu-0
2025/09/20 22:26:55 No jobs in queue. Predicting idle period. Sending sleep command.
2025/09/20 22:26:55 Would send sleep command to GPU agent
2025/09/20 22:26:56 Logged telemetry for Mock RTX 4090 on gpu-0
2025/09/20 22:26:56 Logged telemetry for Mock RTX 4070 on gpu-2
2025/09/20 22:26:56 Logged telemetry for Mock RTX 4080 on gpu-1
2025/09/20 22:26:58 Logged telemetry for Mock RTX 4080 on gpu-1
2025/09/20 22:26:58 Logged telemetry for Mock RTX 4090 on gpu-0
2025/09/20 22:26:58 Logged telemetry for Mock RTX 4070 on gpu-2
2025/09/20 22:27:00 No jobs in queue. Predicting idle period. Sending sleep command.
2025/09/20 22:27:00 Would send sleep command to GPU agent
2025/09/20 22:27:00 Logged telemetry for Mock RTX 4080 on gpu-1
2025/09/20 22:27:00 Logged telemetry for Mock RTX 4070 on gpu-2
2025/09/20 22:27:00 Logged telemetry for Mock RTX 4090 on gpu-0
2025/09/20 22:27:02 Logged telemetry for Mock RTX 4070 on gpu-2
2025/09/20 22:27:02 Logged telemetry for Mock RTX 4080 on gpu-1
2025/09/20 22:27:02 Logged telemetry for Mock RTX 4090 on gpu-0
2025/09/20 22:27:04 Logged telemetry for Mock RTX 4070 on gpu-2
2025/09/20 22:27:04 Logged telemetry for Mock RTX 4090 on gpu-0
2025/09/20 22:27:04 Logged telemetry for Mock RTX 4080 on gpu-1
2025/09/20 22:27:05 No jobs in queue. Predicting idle period. Sending sleep command.
2025/09/20 22:27:05 Would send sleep command to GPU agent
2025/09/20 22:27:06 Logged telemetry for Mock RTX 4080 on gpu-1
2025/09/20 22:27:06 Logged telemetry for Mock RTX 4090 on gpu-0
2025/09/20 22:27:06 Logged telemetry for Mock RTX 4070 on gpu-2
2025/09/20 22:27:08 Logged telemetry for Mock RTX 4070 on gpu-2
2025/09/20 22:27:08 Logged telemetry for Mock RTX 4080 on gpu-1
2025/09/20 22:27:08 Logged telemetry for Mock RTX 4090 on gpu-0
2025/09/20 22:27:10 No jobs in queue. Predicting idle period. Sending sleep command.
2025/09/20 22:27:10 Would send sleep command to GPU agent
2025/09/20 22:27:10 Logged telemetry for Mock RTX 4090 on gpu-0
2025/09/20 22:27:10 Logged telemetry for Mock RTX 4070 on gpu-2
2025/09/20 22:27:10 Logged telemetry for Mock RTX 4080 on gpu-1
2025/09/20 22:27:12 Logged telemetry for Mock RTX 4080 on gpu-1
2025/09/20 22:27:12 Logged telemetry for Mock RTX 4090 on gpu-0
2025/09/20 22:27:12 Logged telemetry for Mock RTX 4070 on gpu-2
2025/09/20 22:27:14 Logged telemetry for Mock RTX 4070 on gpu-2
2025/09/20 22:27:14 Logged telemetry for Mock RTX 4080 on gpu-1
2025/09/20 22:27:14 Logged telemetry for Mock RTX 4090 on gpu-0
2025/09/20 22:27:15 No jobs in queue. Predicting idle period. Sending sleep command.
2025/09/20 22:27:15 Would send sleep command to GPU agent
2025/09/20 22:27:16 Logged telemetry for Mock RTX 4090 on gpu-0
2025/09/20 22:27:16 Logged telemetry for Mock RTX 4070 on gpu-2
2025/09/20 22:27:16 Logged telemetry for Mock RTX 4080 on gpu-1
2025/09/20 22:27:18 Logged telemetry for Mock RTX 4080 on gpu-1
2025/09/20 22:27:18 Logged telemetry for Mock RTX 4070 on gpu-2
2025/09/20 22:27:18 Logged telemetry for Mock RTX 4090 on gpu-0
2025/09/20 22:27:20 No jobs in queue. Predicting idle period. Sending sleep command.
2025/09/20 22:27:20 Would send sleep command to GPU agent
2025/09/20 22:27:20 Logged telemetry for Mock RTX 4090 on gpu-0
2025/09/20 22:27:20 Logged telemetry for Mock RTX 4080 on gpu-1
2025/09/20 22:27:20 Logged telemetry for Mock RTX 4070 on gpu-2
2025/09/20 22:27:22 Logged telemetry for Mock RTX 4070 on gpu-2
2025/09/20 22:27:22 Logged telemetry for Mock RTX 4090 on gpu-0
2025/09/20 22:27:22 Logged telemetry for Mock RTX 4080 on gpu-1
2025/09/20 22:27:24 Logged telemetry for Mock RTX 4080 on gpu-1
2025/09/20 22:27:24 Logged telemetry for Mock RTX 4070 on gpu-2
2025/09/20 22:27:24 Logged telemetry for Mock RTX 4090 on gpu-0
2025/09/20 22:27:25 No jobs in queue. Predicting idle period. Sending sleep command.
2025/09/20 22:27:25 Would send sleep command to GPU agent
2025/09/20 22:27:26 Logged telemetry for Mock RTX 4090 on gpu-0
2025/09/20 22:27:26 Logged telemetry for Mock RTX 4080 on gpu-1
2025/09/20 22:27:26 Logged telemetry for Mock RTX 4070 on gpu-2
2025/09/20 22:27:28 Logged telemetry for Mock RTX 4070 on gpu-2
2025/09/20 22:27:28 Logged telemetry for Mock RTX 4090 on gpu-0
2025/09/20 22:27:28 Logged telemetry for Mock RTX 4080 on gpu-1
2025/09/20 22:27:30 No jobs in queue. Predicting idle period. Sending sleep command.
2025/09/20 22:27:30 Would send sleep command to GPU agent
2025/09/20 22:27:30 Logged telemetry for Mock RTX 4080 on gpu-1
2025/09/20 22:27:30 Logged telemetry for Mock RTX 4070 on gpu-2
2025/09/20 22:27:30 Logged telemetry for Mock RTX 4090 on gpu-0
2025/09/20 22:27:32 Logged telemetry for Mock RTX 4090 on gpu-0
2025/09/20 22:27:32 Logged telemetry for Mock RTX 4080 on gpu-1
2025/09/20 22:27:32 Logged telemetry for Mock RTX 4070 on gpu-2
2025/09/20 22:27:34 Logged telemetry for Mock RTX 4070 on gpu-2
2025/09/20 22:27:34 Logged telemetry for Mock RTX 4080 on gpu-1
2025/09/20 22:27:34 Logged telemetry for Mock RTX 4090 on gpu-0
2025/09/20 22:27:35 No jobs in queue. Predicting idle period. Sending sleep command.
2025/09/20 22:27:35 Would send sleep command to GPU agent
2025/09/20 22:27:36 Logged telemetry for Mock RTX 4080 on gpu-1
2025/09/20 22:27:36 Logged telemetry for Mock RTX 4070 on gpu-2
2025/09/20 22:27:36 Logged telemetry for Mock RTX 4090 on gpu-0
2025/09/20 22:27:38 Logged telemetry for Mock RTX 4090 on gpu-0
2025/09/20 22:27:38 Logged telemetry for Mock RTX 4080 on gpu-1
2025/09/20 22:27:38 Logged telemetry for Mock RTX 4070 on gpu-2
2025/09/20 22:27:40 No jobs in queue. Predicting idle period. Sending sleep command.
2025/09/20 22:27:40 Would send sleep command to GPU agent
2025/09/20 22:27:40 Logged telemetry for Mock RTX 4070 on gpu-2
2025/09/20 22:27:40 Logged telemetry for Mock RTX 4090 on gpu-0
2025/09/20 22:27:40 Logged telemetry for Mock RTX 4080 on gpu-1
2025/09/20 22:27:42 Logged telemetry for Mock RTX 4070 on gpu-2
2025/09/20 22:27:42 Logged telemetry for Mock RTX 4080 on gpu-1
2025/09/20 22:27:42 Logged telemetry for Mock RTX 4090 on gpu-0
2025/09/20 22:27:44 Logged telemetry for Mock RTX 4090 on gpu-0
2025/09/20 22:27:44 Logged telemetry for Mock RTX 4080 on gpu-1
2025/09/20 22:27:44 Logged telemetry for Mock RTX 4070 on gpu-2
2025/09/20 22:27:45 No jobs in queue. Predicting idle period. Sending sleep command.
2025/09/20 22:27:45 Would send sleep command to GPU agent
2025/09/20 22:27:46 Logged telemetry for Mock RTX 4090 on gpu-0
2025/09/20 22:27:46 Logged telemetry for Mock RTX 4070 on gpu-2
2025/09/20 22:27:46 Logged telemetry for Mock RTX 4080 on gpu-1
2025/09/20 22:27:48 Logged telemetry for Mock RTX 4080 on gpu-1
2025/09/20 22:27:48 Logged telemetry for Mock RTX 4070 on gpu-2
2025/09/20 22:27:48 Logged telemetry for Mock RTX 4090 on gpu-0
2025/09/20 22:27:50 No jobs in queue. Predicting idle period. Sending sleep command.
2025/09/20 22:27:50 Would send sleep command to GPU agent
2025/09/20 22:27:50 Logged telemetry for Mock RTX 4090 on gpu-0
2025/09/20 22:27:50 Logged telemetry for Mock RTX 4080 on gpu-1
2025/09/20 22:27:50 Logged telemetry for Mock RTX 4070 on gpu-2
2025/09/20 22:27:52 Logged telemetry for Mock RTX 4070 on gpu-2
2025/09/20 22:27:52 Logged telemetry for Mock RTX 4090 on gpu-0
2025/09/20 22:27:52 Logged telemetry for Mock RTX 4080 on gpu-1
2025/09/20 22:27:54 Logged telemetry for Mock RTX 4080 on gpu-1
2025/09/20 22:27:54 Logged telemetry for Mock RTX 4070 on gpu-2
2025/09/20 22:27:54 Logged telemetry for Mock RTX 4090 on gpu-0
2025/09/20 22:27:55 No jobs in queue. Predicting idle period. Sending sleep command.
2025/09/20 22:27:55 Would send sleep command to GPU agent
2025/09/20 22:27:56 Logged telemetry for Mock RTX 4090 on gpu-0
2025/09/20 22:27:56 Logged telemetry for Mock RTX 4080 on gpu-1
2025/09/20 22:27:56 Logged telemetry for Mock RTX 4070 on gpu-2
2025/09/20 22:27:58 Logged telemetry for Mock RTX 4070 on gpu-2
2025/09/20 22:27:58 Logged telemetry for Mock RTX 4090 on gpu-0
2025/09/20 22:27:58 Logged telemetry for Mock RTX 4080 on gpu-1
2025/09/20 22:28:00 No jobs in queue. Predicting idle period. Sending sleep command.
2025/09/20 22:28:00 Would send sleep command to GPU agent
2025/09/20 22:28:00 Logged telemetry for Mock RTX 4080 on gpu-1
2025/09/20 22:28:00 Logged telemetry for Mock RTX 4070 on gpu-2
2025/09/20 22:28:00 Logged telemetry for Mock RTX 4090 on gpu-0
2025/09/20 22:28:02 Logged telemetry for Mock RTX 4090 on gpu-0
2025/09/20 22:28:02 Logged telemetry for Mock RTX 4080 on gpu-1
2025/09/20 22:28:02 Logged telemetry for Mock RTX 4070 on gpu-2
2025/09/20 22:28:04 Logged telemetry for Mock RTX 4090 on gpu-0
2025/09/20 22:28:04 Logged telemetry for Mock RTX 4070 on gpu-2
2025/09/20 22:28:04 Logged telemetry for Mock RTX 4080 on gpu-1
2025/09/20 22:28:05 No jobs in queue. Predicting idle period. Sending sleep command.
2025/09/20 22:28:05 Would send sleep command to GPU agent
2025/09/20 22:28:06 Logged telemetry for Mock RTX 4090 on gpu-0
2025/09/20 22:28:06 Logged telemetry for Mock RTX 4080 on gpu-1
2025/09/20 22:28:06 Logged telemetry for Mock RTX 4070 on gpu-2
2025/09/20 22:28:08 Logged telemetry for Mock RTX 4070 on gpu-2
2025/09/20 22:28:08 Logged telemetry for Mock RTX 4090 on gpu-0
2025/09/20 22:28:08 Logged telemetry for Mock RTX 4080 on gpu-1
2025/09/20 22:28:10 No jobs in queue. Predicting idle period. Sending sleep command.
2025/09/20 22:28:10 Would send sleep command to GPU agent
2025/09/20 22:28:10 Logged telemetry for Mock RTX 4080 on gpu-1
2025/09/20 22:28:10 Logged telemetry for Mock RTX 4070 on gpu-2
2025/09/20 22:28:10 Logged telemetry for Mock RTX 4090 on gpu-0
2025/09/20 22:28:12 Logged telemetry for Mock RTX 4090 on gpu-0
2025/09/20 22:28:12 Logged telemetry for Mock RTX 4080 on gpu-1
2025/09/20 22:28:12 Logged telemetry for Mock RTX 4070 on gpu-2
2025/09/20 22:28:14 Logged telemetry for Mock RTX 4070 on gpu-2
2025/09/20 22:28:14 Logged telemetry for Mock RTX 4080 on gpu-1
2025/09/20 22:28:14 Logged telemetry for Mock RTX 4090 on gpu-0
2025/09/20 22:28:15 No jobs in queue. Predicting idle period. Sending sleep command.
2025/09/20 22:28:15 Would send sleep command to GPU agent
2025/09/20 22:28:16 Logged telemetry for Mock RTX 4070 on gpu-2
2025/09/20 22:28:16 Logged telemetry for Mock RTX 4080 on gpu-1
2025/09/20 22:28:16 Logged telemetry for Mock RTX 4090 on gpu-0
2025/09/20 22:28:18 Logged telemetry for Mock RTX 4090 on gpu-0
2025/09/20 22:28:18 Logged telemetry for Mock RTX 4080 on gpu-1
2025/09/20 22:28:18 Logged telemetry for Mock RTX 4070 on gpu-2
2025/09/20 22:28:20 No jobs in queue. Predicting idle period. Sending sleep command.
2025/09/20 22:28:20 Would send sleep command to GPU agent
2025/09/20 22:28:20 Logged telemetry for Mock RTX 4070 on gpu-2
2025/09/20 22:28:20 Logged telemetry for Mock RTX 4090 on gpu-0
2025/09/20 22:28:20 Logged telemetry for Mock RTX 4080 on gpu-1
2025/09/20 22:45:25 Logged telemetry for Mock RTX 4080 on gpu-1
2025/09/20 22:45:25 Logged telemetry for Mock RTX 4070 on gpu-2
2025/09/20 22:45:25 Logged telemetry for Mock RTX 4090 on gpu-0
2025/09/20 22:45:27 Logged telemetry for Mock RTX 4080 on gpu-1
2025/09/20 22:45:27 Logged telemetry for Mock RTX 4090 on gpu-0
2025/09/20 22:45:27 Logged telemetry for Mock RTX 4070 on gpu-2
2025/09/20 22:45:28 No jobs in queue. Predicting idle period. Sending sleep command.
2025/09/20 22:45:28 Would send sleep command to GPU agent
2025/09/20 22:45:29 Logged telemetry for Mock RTX 4090 on gpu-0
2025/09/20 22:45:29 Logged telemetry for Mock RTX 4070 on gpu-2
2025/09/20 22:45:29 Logged telemetry for Mock RTX 4080 on gpu-1
2025/09/20 23:06:34 Logged telemetry for Mock RTX 4070 on gpu-2
2025/09/20 23:06:34 Logged telemetry for Mock RTX 4090 on gpu-0
2025/09/20 23:06:34 Logged telemetry for Mock RTX 4080 on gpu-1
2025/09/20 23:06:36 No jobs in queue. Predicting idle period. Sending sleep command.
2025/09/20 23:06:36 Would send sleep command to GPU agent
2025/09/20 23:06:36 Logged telemetry for Mock RTX 4080 on gpu-1
2025/09/20 23:06:36 Logged telemetry for Mock RTX 4070 on gpu-2
2025/09/20 23:06:36 Logged telemetry for Mock RTX 4090 on gpu-0
2025/09/20 23:06:38 Logged telemetry for Mock RTX 4070 on gpu-2
2025/09/20 23:06:38 Logged telemetry for Mock RTX 4090 on gpu-0
2025/09/20 23:06:38 Logged telemetry for Mock RTX 4080 on gpu-1
2025/09/20 23:06:40 Logged telemetry for Mock RTX 4090 on gpu-0
2025/09/20 23:06:40 Logged telemetry for Mock RTX 4080 on gpu-1
2025/09/20 23:06:40 Logged telemetry for Mock RTX 4070 on gpu-2
2025/09/20 23:06:41 No jobs in queue. Predicting idle period. Sending sleep command.
2025/09/20 23:06:41 Would send sleep command to GPU agent
2025/09/20 23:06:42 Logged telemetry for Mock RTX 4090 on gpu-0
2025/09/20 23:06:42 Logged telemetry for Mock RTX 4070 on gpu-2
2025/09/20 23:06:42 Logged telemetry for Mock RTX 4080 on gpu-1
2025/09/20 23:06:44 Logged telemetry for Mock RTX 4080 on gpu-1
2025/09/20 23:06:44 Logged telemetry for Mock RTX 4090 on gpu-0
2025/09/20 23:06:44 Logged telemetry for Mock RTX 4070 on gpu-2
2025/09/20 23:06:46 No jobs in queue. Predicting idle period. Sending sleep command.
2025/09/20 23:06:46 Would send sleep command to GPU agent
2025/09/20 23:06:46 Logged telemetry for Mock RTX 4070 on gpu-2
2025/09/20 23:06:46 Logged telemetry for Mock RTX 4090 on gpu-0
2025/09/20 23:06:46 Logged telemetry for Mock RTX 4080 on gpu-1
2025/09/20 23:06:48 Logged telemetry for Mock RTX 4090 on gpu-0
2025/09/20 23:06:48 Logged telemetry for Mock RTX 4080 on gpu-1
2025/09/20 23:06:48 Logged telemetry for Mock RTX 4070 on gpu-2
2025/09/20 23:06:50 Logged telemetry for Mock RTX 4080 on gpu-1
2025/09/20 23:06:50 Logged telemetry for Mock RTX 4070 on gpu-2
2025/09/20 23:06:50 Logged telemetry for Mock RTX 4090 on gpu-0
2025/09/20 23:06:51 No jobs in queue. Predicting idle period. Sending sleep command.
2025/09/20 23:06:51 Would send sleep command to GPU agent
2025/09/20 23:06:52 Logged telemetry for Mock RTX 4090 on gpu-0
2025/09/20 23:06:52 Logged telemetry for Mock RTX 4080 on gpu-1
2025/09/20 23:06:52 Logged telemetry for Mock RTX 4070 on gpu-2
2025/09/20 23:06:54 Logged telemetry for Mock RTX 4090 on gpu-0
2025/09/20 23:06:54 Logged telemetry for Mock RTX 4070 on gpu-2
2025/09/20 23:06:54 Logged telemetry for Mock RTX 4080 on gpu-1
2025/09/20 23:43:37 No jobs in queue. Predicting idle period. Sending sleep command.
2025/09/20 23:43:37 Would send sleep command to GPU agent
2025/09/20 23:43:37 Logged telemetry for Mock RTX 4080 on gpu-1
2025/09/20 23:43:37 Logged telemetry for Mock RTX 4090 on gpu-0
2025/09/20 23:43:37 Logged telemetry for Mock RTX 4070 on gpu-2
2025/09/20 23:43:39 Logged telemetry for Mock RTX 4090 on gpu-0
2025/09/20 23:43:39 Logged telemetry for Mock RTX 4080 on gpu-1
2025/09/20 23:43:39 Logged telemetry for Mock RTX 4070 on gpu-2
2025/09/20 23:43:41 Logged telemetry for Mock RTX 4090 on gpu-0
2025/09/20 23:43:41 Logged telemetry for Mock RTX 4080 on gpu-1
2025/09/20 23:43:41 Logged telemetry for Mock RTX 4070 on gpu-2
2025/09/20 23:43:42 No jobs in queue. Predicting idle period. Sending sleep command.
2025/09/20 23:43:42 Would send sleep command to GPU agent
2025/09/20 23:43:43 Logged telemetry for Mock RTX 4090 on gpu-0
2025/09/20 23:43:43 Logged telemetry for Mock RTX 4080 on gpu-1
2025/09/20 23:43:43 Logged telemetry for Mock RTX 4070 on gpu-2
2025/09/20 23:43:45 Logged telemetry for Mock RTX 4090 on gpu-0
2025/09/20 23:43:45 Logged telemetry for Mock RTX 4070 on gpu-2
2025/09/20 23:43:45 Logged telemetry for Mock RTX 4080 on gpu-1
2025/09/20 23:43:47 No jobs in queue. Predicting idle period. Sending sleep command.
2025/09/20 23:43:47 Would send sleep command to GPU agent
2025/09/20 23:43:47 Logged telemetry for Mock RTX 4080 on gpu-1
2025/09/20 23:43:47 Logged telemetry for Mock RTX 4090 on gpu-0
2025/09/20 23:43:47 Logged telemetry for Mock RTX 4070 on gpu-2
2025/09/20 23:43:49 Logged telemetry for Mock RTX 4080 on gpu-1
2025/09/20 23:43:49 Logged telemetry for Mock RTX 4090 on gpu-0
2025/09/20 23:43:49 Logged telemetry for Mock RTX 4070 on gpu-2
2025/09/20 23:43:51 Logged telemetry for Mock RTX 4070 on gpu-2
2025/09/20 23:43:51 Logged telemetry for Mock RTX 4080 on gpu-1
2025/09/20 23:43:51 Logged telemetry for Mock RTX 4090 on gpu-0
2025/09/20 23:43:52 No jobs in queue. Predicting idle period. Sending sleep command.
2025/09/20 23:43:52 Would send sleep command to GPU agent
2025/09/20 23:43:53 Logged telemetry for Mock RTX 4090 on gpu-0
2025/09/20 23:43:53 Logged telemetry for Mock RTX 4080 on gpu-1
2025/09/20 23:43:53 Logged telemetry for Mock RTX 4070 on gpu-2
2025/09/20 23:43:55 Logged telemetry for Mock RTX 4070 on gpu-2
2025/09/20 23:43:55 Logged telemetry for Mock RTX 4090 on gpu-0
2025/09/20 23:43:55 Logged telemetry for Mock RTX 4080 on gpu-1
2025/09/20 23:43:57 No jobs in queue. Predicting idle period. Sending sleep command.
2025/09/20 23:43:57 Would send sleep command to GPU agent
2025/09/20 23:43:57 Logged telemetry for Mock RTX 4070 on gpu-2
2025/09/20 23:43:57 Logged telemetry for Mock RTX 4080 on gpu-1
2025/09/20 23:43:57 Logged telemetry for Mock RTX 4090 on gpu-0
2025/09/20 23:43:59 Logged telemetry for Mock RTX 4080 on gpu-1
2025/09/20 23:43:59 Logged telemetry for Mock RTX 4090 on gpu-0
2025/09/20 23:43:59 Logged telemetry for Mock RTX 4070 on gpu-2
2025/09/20 23:44:01 Logged telemetry for Mock RTX 4070 on gpu-2
2025/09/20 23:44:01 Logged telemetry for Mock RTX 4090 on gpu-0
2025/09/20 23:44:01 Logged telemetry for Mock RTX 4080 on gpu-1
2025/09/20 23:44:02 No jobs in queue. Predicting idle period. Sending sleep command.
2025/09/20 23:44:02 Would send sleep command to GPU agent
2025/09/20 23:44:03 Logged telemetry for Mock RTX 4080 on gpu-1
2025/09/20 23:44:03 Logged telemetry for Mock RTX 4090 on gpu-0
2025/09/20 23:44:03 Logged telemetry for Mock RTX 4070 on gpu-2
2025/09/20 23:44:05 Logged telemetry for Mock RTX 4070 on gpu-2
2025/09/20 23:44:05 Logged telemetry for Mock RTX 4080 on gpu-1
2025/09/20 23:44:05 Logged telemetry for Mock RTX 4090 on gpu-0
2025/09/20 23:44:07 No jobs in queue. Predicting idle period. Sending sleep command.
2025/09/20 23:44:07 Would send sleep command to GPU agent
2025/09/20 23:44:07 Logged telemetry for Mock RTX 4090 on gpu-0
2025/09/20 23:44:07 Logged telemetry for Mock RTX 4070 on gpu-2
2025/09/20 23:44:07 Logged telemetry for Mock RTX 4080 on gpu-1
2025/09/20 23:44:09 Logged telemetry for Mock RTX 4080 on gpu-1
2025/09/20 23:44:09 Logged telemetry for Mock RTX 4090 on gpu-0
2025/09/20 23:44:09 Logged telemetry for Mock RTX 4070 on gpu-2
2025/09/20 23:44:11 Logged telemetry for Mock RTX 4080 on gpu-1
2025/09/20 23:44:11 Logged telemetry for Mock RTX 4070 on gpu-2
2025/09/20 23:44:11 Logged telemetry for Mock RTX 4090 on gpu-0
2025/09/20 23:44:12 No jobs in queue. Predicting idle period. Sending sleep command.
2025/09/20 23:44:12 Would send sleep command to GPU agent
2025/09/20 23:44:13 Logged telemetry for Mock RTX 4090 on gpu-0
2025/09/20 23:44:13 Logged telemetry for Mock RTX 4070 on gpu-2
2025/09/20 23:44:13 Logged telemetry for Mock RTX 4080 on gpu-1
2025/09/20 23:44:15 Logged telemetry for Mock RTX 4080 on gpu-1
2025/09/20 23:44:15 Logged telemetry for Mock RTX 4090 on gpu-0
2025/09/20 23:44:15 Logged telemetry for Mock RTX 4070 on gpu-2
2025/09/20 23:44:17 No jobs in queue. Predicting idle period. Sending sleep command.
2025/09/20 23:44:17 Would send sleep command to GPU agent
2025/09/20 23:44:17 Logged telemetry for Mock RTX 4070 on gpu-2
2025/09/20 23:44:17 Logged telemetry for Mock RTX 4080 on gpu-1
2025/09/20 23:44:17 Logged telemetry for Mock RTX 4090 on gpu-0
2025/09/20 23:44:19 Logged telemetry for Mock RTX 4090 on gpu-0
2025/09/20 23:44:19 Logged telemetry for Mock RTX 4080 on gpu-1
2025/09/20 23:44:19 Logged telemetry for Mock RTX 4070 on gpu-2
2025/09/20 23:44:21 Logged telemetry for Mock RTX 4070 on gpu-2
2025/09/20 23:44:21 Logged telemetry for Mock RTX 4090 on gpu-0
2025/09/20 23:44:21 Logged telemetry for Mock RTX 4080 on gpu-1
2025/09/20 23:44:22 No jobs in queue. Predicting idle period. Sending sleep command.
2025/09/20 23:44:22 Would send sleep command to GPU agent
2025/09/20 23:44:23 Logged telemetry for Mock RTX 4080 on gpu-1
2025/09/20 23:44:23 Logged telemetry for Mock RTX 4070 on gpu-2
2025/09/20 23:44:23 Logged telemetry for Mock RTX 4090 on gpu-0
2025/09/20 23:44:25 Logged telemetry for Mock RTX 4080 on gpu-1
2025/09/20 23:44:25 Logged telemetry for Mock RTX 4090 on gpu-0
2025/09/20 23:44:25 Logged telemetry for Mock RTX 4070 on gpu-2
2025/09/20 23:44:27 No jobs in queue. Predicting idle period. Sending sleep command.
2025/09/20 23:44:27 Would send sleep command to GPU agent
2025/09/20 23:44:27 Logged telemetry for Mock RTX 4070 on gpu-2
2025/09/20 23:44:27 Logged telemetry for Mock RTX 4080 on gpu-1
2025/09/20 23:44:27 Logged telemetry for Mock RTX 4090 on gpu-0
2025/09/20 23:44:29 Logged telemetry for Mock RTX 4070 on gpu-2
2025/09/20 23:44:29 Logged telemetry for Mock RTX 4090 on gpu-0
2025/09/20 23:44:29 Logged telemetry for Mock RTX 4080 on gpu-1
2025/09/20 23:44:31 Logged telemetry for Mock RTX 4080 on gpu-1
2025/09/20 23:44:31 Logged telemetry for Mock RTX 4070 on gpu-2
2025/09/20 23:44:31 Logged telemetry for Mock RTX 4090 on gpu-0
2025/09/20 23:44:32 No jobs in queue. Predicting idle period. Sending sleep command.
2025/09/20 23:44:32 Would send sleep command to GPU agent
2025/09/20 23:44:33 Logged telemetry for Mock RTX 4090 on gpu-0
2025/09/20 23:44:33 Logged telemetry for Mock RTX 4080 on gpu-1
2025/09/20 23:44:33 Logged telemetry for Mock RTX 4070 on gpu-2
2025/09/20 23:44:35 Logged telemetry for Mock RTX 4070 on gpu-2
2025/09/20 23:44:35 Logged telemetry for Mock RTX 4090 on gpu-0
2025/09/20 23:44:35 Logged telemetry for Mock RTX 4080 on gpu-1
2025/09/20 23:44:37 No jobs in queue. Predicting idle period. Sending sleep command.
2025/09/20 23:44:37 Would send sleep command to GPU agent
2025/09/20 23:44:37 Logged telemetry for Mock RTX 4080 on gpu-1
2025/09/20 23:44:37 Logged telemetry for Mock RTX 4070 on gpu-2
2025/09/20 23:44:37 Logged telemetry for Mock RTX 4090 on gpu-0
2025/09/20 23:44:39 Logged telemetry for Mock RTX 4090 on gpu-0
2025/09/20 23:44:39 Logged telemetry for Mock RTX 4080 on gpu-1
2025/09/20 23:44:39 Logged telemetry for Mock RTX 4070 on gpu-2
2025/09/20 23:44:41 Logged telemetry for Mock RTX 4070 on gpu-2
2025/09/20 23:44:41 Logged telemetry for Mock RTX 4090 on gpu-0
2025/09/20 23:44:41 Logged telemetry for Mock RTX 4080 on gpu-1
2025/09/20 23:44:42 No jobs in queue. Predicting idle period. Sending sleep command.
2025/09/20 23:44:42 Would send sleep command to GPU agent
2025/09/20 23:44:43 Logged telemetry for Mock RTX 4080 on gpu-1
2025/09/20 23:44:43 Logged telemetry for Mock RTX 4070 on gpu-2
2025/09/20 23:44:43 Logged telemetry for Mock RTX 4090 on gpu-0
2025/09/20 23:44:45 Logged telemetry for Mock RTX 4090 on gpu-0
2025/09/20 23:44:45 Logged telemetry for Mock RTX 4080 on gpu-1
2025/09/20 23:44:45 Logged telemetry for Mock RTX 4070 on gpu-2
2025/09/20 23:44:47 No jobs in queue. Predicting idle period. Sending sleep command.
2025/09/20 23:44:47 Would send sleep command to GPU agent
2025/09/20 23:44:47 Logged telemetry for Mock RTX 4070 on gpu-2
2025/09/20 23:44:47 Logged telemetry for Mock RTX 4090 on gpu-0
2025/09/20 23:44:47 Logged telemetry for Mock RTX 4080 on gpu-1
2025/09/20 23:44:49 Logged telemetry for Mock RTX 4090 on gpu-0
2025/09/20 23:44:49 Logged telemetry for Mock RTX 4070 on gpu-2
2025/09/20 23:44:49 Logged telemetry for Mock RTX 4080 on gpu-1
2025/09/20 23:44:51 Logged telemetry for Mock RTX 4080 on gpu-1
2025/09/20 23:44:51 Logged telemetry for Mock RTX 4070 on gpu-2
2025/09/20 23:44:51 Logged telemetry for Mock RTX 4090 on gpu-0
2025/09/20 23:44:52 No jobs in queue. Predicting idle period. Sending sleep command.
2025/09/20 23:44:52 Would send sleep command to GPU agent
2025/09/20 23:44:53 Logged telemetry for Mock RTX 4090 on gpu-0
2025/09/20 23:44:53 Logged telemetry for Mock RTX 4080 on gpu-1
2025/09/20 23:44:53 Logged telemetry for Mock RTX 4070 on gpu-2
2025/09/20 23:44:55 Logged telemetry for Mock RTX 4070 on gpu-2
2025/09/20 23:44:55 Logged telemetry for Mock RTX 4090 on gpu-0
2025/09/20 23:44:55 Logged telemetry for Mock RTX 4080 on gpu-1
2025/09/20 23:44:57 No jobs in queue. Predicting idle period. Sending sleep command.
2025/09/20 23:44:57 Would send sleep command to GPU agent
2025/09/20 23:44:57 Logged telemetry for Mock RTX 4080 on gpu-1
2025/09/20 23:44:57 Logged telemetry for Mock RTX 4070 on gpu-2
2025/09/20 23:44:57 Logged telemetry for Mock RTX 4090 on gpu-0
2025/09/20 23:44:59 Logged telemetry for Mock RTX 4080 on gpu-1
2025/09/20 23:44:59 Logged telemetry for Mock RTX 4070 on gpu-2
2025/09/20 23:44:59 Logged telemetry for Mock RTX 4090 on gpu-0
2025/09/20 23:45:01 Logged telemetry for Mock RTX 4090 on gpu-0
2025/09/20 23:45:01 Logged telemetry for Mock RTX 4070 on gpu-2
2025/09/20 23:45:01 Logged telemetry for Mock RTX 4080 on gpu-1
2025/09/20 23:45:02 No jobs in queue. Predicting idle period. Sending sleep command.
2025/09/20 23:45:02 Would send sleep command to GPU agent
2025/09/20 23:45:03 Logged telemetry for Mock RTX 4080 on gpu-1
2025/09/20 23:45:03 Logged telemetry for Mock RTX 4090 on gpu-0
2025/09/20 23:45:03 Logged telemetry for Mock RTX 4070 on gpu-2
2025/09/20 23:45:05 Logged telemetry for Mock RTX 4070 on gpu-2
2025/09/20 23:45:05 Logged telemetry for Mock RTX 4080 on gpu-1
2025/09/20 23:45:05 Logged telemetry for Mock RTX 4090 on gpu-0
2025/09/20 23:45:07 No jobs in queue. Predicting idle period. Sending sleep command.
2025/09/20 23:45:07 Would send sleep command to GPU agent
2025/09/20 23:45:07 Logged telemetry for Mock RTX 4090 on gpu-0
2025/09/20 23:45:07 Logged telemetry for Mock RTX 4070 on gpu-2
2025/09/20 23:45:07 Logged telemetry for Mock RTX 4080 on gpu-1
2025/09/20 23:45:09 Logged telemetry for Mock RTX 4080 on gpu-1
2025/09/20 23:45:09 Logged telemetry for Mock RTX 4090 on gpu-0
2025/09/20 23:45:09 Logged telemetry for Mock RTX 4070 on gpu-2
2025/09/20 23:45:11 Logged telemetry for Mock RTX 4070 on gpu-2
2025/09/20 23:45:11 Logged telemetry for Mock RTX 4080 on gpu-1
2025/09/20 23:45:11 Logged telemetry for Mock RTX 4090 on gpu-0
2025/09/20 23:45:12 No jobs in queue. Predicting idle period. Sending sleep command.
2025/09/20 23:45:12 Would send sleep command to GPU agent
2025/09/20 23:45:13 Logged telemetry for Mock RTX 4090 on gpu-0
2025/09/20 23:45:13 Logged telemetry for Mock RTX 4070 on gpu-2
2025/09/20 23:45:13 Logged telemetry for Mock RTX 4080 on gpu-1
2025/09/20 23:45:15 Logged telemetry for Mock RTX 4080 on gpu-1
2025/09/20 23:45:15 Logged telemetry for Mock RTX 4090 on gpu-0
2025/09/20 23:45:15 Logged telemetry for Mock RTX 4070 on gpu-2
2025/09/20 23:45:17 No jobs in queue. Predicting idle period. Sending sleep command.
2025/09/20 23:45:17 Would send sleep command to GPU agent
2025/09/20 23:45:17 Logged telemetry for Mock RTX 4070 on gpu-2
2025/09/20 23:45:17 Logged telemetry for Mock RTX 4080 on gpu-1
2025/09/20 23:45:17 Logged telemetry for Mock RTX 4090 on gpu-0
2025/09/20 23:45:19 Logged telemetry for Mock RTX 4090 on gpu-0
2025/09/20 23:45:19 Logged telemetry for Mock RTX 4070 on gpu-2
2025/09/20 23:45:19 Logged telemetry for Mock RTX 4080 on gpu-1
2025/09/20 23:45:21 Logged telemetry for Mock RTX 4080 on gpu-1
2025/09/20 23:45:21 Logged telemetry for Mock RTX 4090 on gpu-0
2025/09/20 23:45:21 Logged telemetry for Mock RTX 4070 on gpu-2
2025/09/20 23:45:22 No jobs in queue. Predicting idle period. Sending sleep command.
2025/09/20 23:45:22 Would send sleep command to GPU agent
2025/09/20 23:45:23 Logged telemetry for Mock RTX 4070 on gpu-2
2025/09/20 23:45:23 Logged telemetry for Mock RTX 4080 on gpu-1
2025/09/20 23:45:23 Logged telemetry for Mock RTX 4090 on gpu-0
2025/09/20 23:45:25 Logged telemetry for Mock RTX 4090 on gpu-0
2025/09/20 23:45:25 Logged telemetry for Mock RTX 4070 on gpu-2
2025/09/20 23:45:25 Logged telemetry for Mock RTX 4080 on gpu-1
2025/09/20 23:45:27 No jobs in queue. Predicting idle period. Sending sleep command.
2025/09/20 23:45:27 Would send sleep command to GPU agent
2025/09/20 23:45:27 Logged telemetry for Mock RTX 4080 on gpu-1
2025/09/20 23:45:27 Logged telemetry for Mock RTX 4070 on gpu-2
2025/09/20 23:45:27 Logged telemetry for Mock RTX 4090 on gpu-0
2025/09/20 23:45:29 Logged telemetry for Mock RTX 4090 on gpu-0
2025/09/20 23:45:29 Logged telemetry for Mock RTX 4080 on gpu-1
2025/09/20 23:45:29 Logged telemetry for Mock RTX 4070 on gpu-2
2025/09/20 23:45:31 Logged telemetry for Mock RTX 4070 on gpu-2
2025/09/20 23:45:31 Logged telemetry for Mock RTX 4090 on gpu-0
2025/09/20 23:45:31 Logged telemetry for Mock RTX 4080 on gpu-1
2025/09/20 23:45:32 No jobs in queue. Predicting idle period. Sending sleep command.
2025/09/20 23:45:32 Would send sleep command to GPU agent
2025/09/20 23:45:33 Logged telemetry for Mock RTX 4080 on gpu-1
2025/09/20 23:45:33 Logged telemetry for Mock RTX 4070 on gpu-2
2025/09/20 23:45:33 Logged telemetry for Mock RTX 4090 on gpu-0
2025/09/20 23:45:35 Logged telemetry for Mock RTX 4090 on gpu-0
2025/09/20 23:45:35 Logged telemetry for Mock RTX 4080 on gpu-1
2025/09/20 23:45:35 Logged telemetry for Mock RTX 4070 on gpu-2
2025/09/20 23:45:37 No jobs in queue. Predicting idle period. Sending sleep command.
2025/09/20 23:45:37 Would send sleep command to GPU agent
2025/09/20 23:45:37 Logged telemetry for Mock RTX 4070 on gpu-2
2025/09/20 23:45:37 Logged telemetry for Mock RTX 4090 on gpu-0
2025/09/20 23:45:37 Logged telemetry for Mock RTX 4080 on gpu-1
2025/09/20 23:45:39 Logged telemetry for Mock RTX 4080 on gpu-1
2025/09/20 23:45:39 Logged telemetry for Mock RTX 4070 on gpu-2
2025/09/20 23:45:39 Logged telemetry for Mock RTX 4090 on gpu-0
2025/09/20 23:45:41 Logged telemetry for Mock RTX 4090 on gpu-0
2025/09/20 23:45:41 Logged telemetry for Mock RTX 4080 on gpu-1
2025/09/20 23:45:41 Logged telemetry for Mock RTX 4070 on gpu-2
2025/09/20 23:45:42 No jobs in queue. Predicting idle period. Sending sleep command.
2025/09/20 23:45:42 Would send sleep command to GPU agent
2025/09/20 23:45:43 Logged telemetry for Mock RTX 4070 on gpu-2
2025/09/20 23:45:43 Logged telemetry for Mock RTX 4090 on gpu-0
2025/09/20 23:45:43 Logged telemetry for Mock RTX 4080 on gpu-1
2025/09/20 23:45:45 Logged telemetry for Mock RTX 4080 on gpu-1
2025/09/20 23:45:45 Logged telemetry for Mock RTX 4070 on gpu-2
2025/09/20 23:45:45 Logged telemetry for Mock RTX 4090 on gpu-0
2025/09/20 23:45:47 No jobs in queue. Predicting idle period. Sending sleep command.
2025/09/20 23:45:47 Would send sleep command to GPU agent
2025/09/20 23:45:47 Logged telemetry for Mock RTX 4090 on gpu-0
2025/09/20 23:45:47 Logged telemetry for Mock RTX 4080 on gpu-1
2025/09/20 23:45:47 Logged telemetry for Mock RTX 4070 on gpu-2
2025/09/20 23:45:49 Logged telemetry for Mock RTX 4070 on gpu-2
2025/09/20 23:45:49 Logged telemetry for Mock RTX 4090 on gpu-0
2025/09/20 23:45:49 Logged telemetry for Mock RTX 4080 on gpu-1
2025/09/20 23:45:51 Logged telemetry for Mock RTX 4080 on gpu-1
2025/09/20 23:45:51 Logged telemetry for Mock RTX 4090 on gpu-0
2025/09/20 23:45:51 Logged telemetry for Mock RTX 4070 on gpu-2
2025/09/20 23:45:52 No jobs in queue. Predicting idle period. Sending sleep command.
2025/09/20 23:45:52 Would send sleep command to GPU agent
2025/09/20 23:45:53 Logged telemetry for Mock RTX 4070 on gpu-2
2025/09/20 23:45:53 Logged telemetry for Mock RTX 4080 on gpu-1
2025/09/20 23:45:53 Logged telemetry for Mock RTX 4090 on gpu-0
2025/09/20 23:45:55 Logged telemetry for Mock RTX 4090 on gpu-0
2025/09/20 23:45:55 Logged telemetry for Mock RTX 4070 on gpu-2
2025/09/20 23:45:55 Logged telemetry for Mock RTX 4080 on gpu-1
2025/09/20 23:45:57 No jobs in queue. Predicting idle period. Sending sleep command.
2025/09/20 23:45:57 Would send sleep command to GPU agent
2025/09/20 23:45:57 Logged telemetry for Mock RTX 4080 on gpu-1
2025/09/20 23:45:57 Logged telemetry for Mock RTX 4090 on gpu-0
2025/09/20 23:45:57 Logged telemetry for Mock RTX 4070 on gpu-2
2025/09/20 23:45:59 Logged telemetry for Mock RTX 4070 on gpu-2
2025/09/20 23:45:59 Logged telemetry for Mock RTX 4080 on gpu-1
2025/09/20 23:45:59 Logged telemetry for Mock RTX 4090 on gpu-0
2025/09/20 23:46:01 Logged telemetry for Mock RTX 4090 on gpu-0
2025/09/20 23:46:01 Logged telemetry for Mock RTX 4070 on gpu-2
2025/09/20 23:46:01 Logged telemetry for Mock RTX 4080 on gpu-1
2025/09/20 23:46:02 No jobs in queue. Predicting idle period. Sending sleep command.
2025/09/20 23:46:02 Would send sleep command to GPU agent
2025/09/20 23:46:03 Logged telemetry for Mock RTX 4080 on gpu-1
2025/09/20 23:46:03 Logged telemetry for Mock RTX 4090 on gpu-0
2025/09/20 23:46:03 Logged telemetry for Mock RTX 4070 on gpu-2
2025/09/20 23:46:05 Logged telemetry for Mock RTX 4070 on gpu-2
2025/09/20 23:46:05 Logged telemetry for Mock RTX 4080 on gpu-1
2025/09/20 23:46:05 Logged telemetry for Mock RTX 4090 on gpu-0
2025/09/20 23:46:07 No jobs in queue. Predicting idle period. Sending sleep command.
2025/09/20 23:46:07 Would send sleep command to GPU agent
2025/09/20 23:46:07 Logged telemetry for Mock RTX 4090 on gpu-0
2025/09/20 23:46:07 Logged telemetry for Mock RTX 4070 on gpu-2
2025/09/20 23:46:07 Logged telemetry for Mock RTX 4080 on gpu-1
2025/09/20 23:46:09 Logged telemetry for Mock RTX 4090 on gpu-0
2025/09/20 23:46:09 Logged telemetry for Mock RTX 4080 on gpu-1
2025/09/20 23:46:09 Logged telemetry for Mock RTX 4070 on gpu-2
2025/09/20 23:46:11 Logged telemetry for Mock RTX 4070 on gpu-2
2025/09/20 23:46:11 Logged telemetry for Mock RTX 4080 on gpu-1
2025/09/20 23:46:11 Logged telemetry for Mock RTX 4090 on gpu-0
2025/09/20 23:46:12 No jobs in queue. Predicting idle period. Sending sleep command.
2025/09/20 23:46:12 Would send sleep command to GPU agent
2025/09/20 23:46:13 Logged telemetry for Mock RTX 4090 on gpu-0
2025/09/20 23:46:13 Logged telemetry for Mock RTX 4070 on gpu-2
2025/09/20 23:46:13 Logged telemetry for Mock RTX 4080 on gpu-1
2025/09/20 23:46:15 Logged telemetry for Mock RTX 4080 on gpu-1
2025/09/20 23:46:15 Logged telemetry for Mock RTX 4090 on gpu-0
2025/09/20 23:46:15 Logged telemetry for Mock RTX 4070 on gpu-2
2025/09/20 23:46:17 No jobs in queue. Predicting idle period. Sending sleep command.
2025/09/20 23:46:17 Would send sleep command to GPU agent
2025/09/20 23:46:17 Logged telemetry for Mock RTX 4070 on gpu-2
2025/09/20 23:46:17 Logged telemetry for Mock RTX 4080 on gpu-1
2025/09/20 23:46:17 Logged telemetry for Mock RTX 4090 on gpu-0
2025/09/20 23:46:19 Logged telemetry for Mock RTX 4090 on gpu-0
2025/09/20 23:46:19 Logged telemetry for Mock RTX 4070 on gpu-2
2025/09/20 23:46:19 Logged telemetry for Mock RTX 4080 on gpu-1
2025/09/20 23:46:21 Logged telemetry for Mock RTX 4080 on gpu-1
2025/09/20 23:46:21 Logged telemetry for Mock RTX 4090 on gpu-0
2025/09/20 23:46:21 Logged telemetry for Mock RTX 4070 on gpu-2
2025/09/20 23:46:22 No jobs in queue. Predicting idle period. Sending sleep command.
2025/09/20 23:46:22 Would send sleep command to GPU agent
2025/09/20 23:46:23 Logged telemetry for Mock RTX 4070 on gpu-2
2025/09/20 23:46:23 Logged telemetry for Mock RTX 4080 on gpu-1
2025/09/20 23:46:23 Logged telemetry for Mock RTX 4090 on gpu-0
2025/09/20 23:46:25 Logged telemetry for Mock RTX 4090 on gpu-0
2025/09/20 23:46:25 Logged telemetry for Mock RTX 4070 on gpu-2
2025/09/20 23:46:25 Logged telemetry for Mock RTX 4080 on gpu-1
2025/09/20 23:46:27 No jobs in queue. Predicting idle period. Sending sleep command.
2025/09/20 23:46:27 Would send sleep command to GPU agent
2025/09/20 23:46:27 Logged telemetry for Mock RTX 4080 on gpu-1
2025/09/20 23:46:27 Logged telemetry for Mock RTX 4070 on gpu-2
2025/09/20 23:46:27 Logged telemetry for Mock RTX 4090 on gpu-0
2025/09/20 23:46:29 Logged telemetry for Mock RTX 4090 on gpu-0
2025/09/20 23:46:29 Logged telemetry for Mock RTX 4080 on gpu-1
2025/09/20 23:46:29 Logged telemetry for Mock RTX 4070 on gpu-2
2025/09/20 23:46:31 Logged telemetry for Mock RTX 4070 on gpu-2
2025/09/20 23:46:31 Logged telemetry for Mock RTX 4080 on gpu-1
2025/09/20 23:46:31 Logged telemetry for Mock RTX 4090 on gpu-0
2025/09/20 23:46:32 No jobs in queue. Predicting idle period. Sending sleep command.
2025/09/20 23:46:32 Would send sleep command to GPU agent
2025/09/20 23:46:33 Logged telemetry for Mock RTX 4090 on gpu-0
2025/09/20 23:46:33 Logged telemetry for Mock RTX 4080 on gpu-1
2025/09/20 23:46:33 Logged telemetry for Mock RTX 4070 on gpu-2
2025/09/20 23:46:35 Logged telemetry for Mock RTX 4070 on gpu-2
2025/09/20 23:46:35 Logged telemetry for Mock RTX 4090 on gpu-0
2025/09/20 23:46:35 Logged telemetry for Mock RTX 4080 on gpu-1
2025/09/20 23:46:37 No jobs in queue. Predicting idle period. Sending sleep command.
2025/09/20 23:46:37 Would send sleep command to GPU agent
2025/09/20 23:46:37 Logged telemetry for Mock RTX 4080 on gpu-1
2025/09/20 23:46:37 Logged telemetry for Mock RTX 4070 on gpu-2
2025/09/20 23:46:37 Logged telemetry for Mock RTX 4090 on gpu-0
2025/09/20 23:46:39 Logged telemetry for Mock RTX 4090 on gpu-0
2025/09/20 23:46:39 Logged telemetry for Mock RTX 4080 on gpu-1
2025/09/20 23:46:39 Logged telemetry for Mock RTX 4070 on gpu-2
2025/09/20 23:46:41 Logged telemetry for Mock RTX 4070 on gpu-2
2025/09/20 23:46:41 Logged telemetry for Mock RTX 4090 on gpu-0
2025/09/20 23:46:41 Logged telemetry for Mock RTX 4080 on gpu-1
2025/09/20 23:46:42 No jobs in queue. Predicting idle period. Sending sleep command.
2025/09/20 23:46:42 Would send sleep command to GPU agent
2025/09/20 23:46:43 Logged telemetry for Mock RTX 4080 on gpu-1
2025/09/20 23:46:43 Logged telemetry for Mock RTX 4070 on gpu-2
2025/09/20 23:46:43 Logged telemetry for Mock RTX 4090 on gpu-0
2025/09/20 23:46:45 Logged telemetry for Mock RTX 4090 on gpu-0
2025/09/20 23:46:45 Logged telemetry for Mock RTX 4080 on gpu-1
2025/09/20 23:46:45 Logged telemetry for Mock RTX 4070 on gpu-2
2025/09/20 23:46:47 No jobs in queue. Predicting idle period. Sending sleep command.
2025/09/20 23:46:47 Would send sleep command to GPU agent
2025/09/20 23:46:47 Logged telemetry for Mock RTX 4070 on gpu-2
2025/09/20 23:46:47 Logged telemetry for Mock RTX 4090 on gpu-0
2025/09/20 23:46:47 Logged telemetry for Mock RTX 4080 on gpu-1
2025/09/20 23:46:49 Logged telemetry for Mock RTX 4080 on gpu-1
2025/09/20 23:46:49 Logged telemetry for Mock RTX 4070 on gpu-2
2025/09/20 23:46:49 Logged telemetry for Mock RTX 4090 on gpu-0
2025/09/20 23:46:51 Logged telemetry for Mock RTX 4080 on gpu-1
2025/09/20 23:46:51 Logged telemetry for Mock RTX 4090 on gpu-0
2025/09/20 23:46:51 Logged telemetry for Mock RTX 4070 on gpu-2
2025/09/20 23:46:52 No jobs in queue. Predicting idle period. Sending sleep command.
2025/09/20 23:46:52 Would send sleep command to GPU agent
2025/09/20 23:46:53 Logged telemetry for Mock RTX 4070 on gpu-2
2025/09/20 23:46:53 Logged telemetry for Mock RTX 4090 on gpu-0
2025/09/20 23:46:53 Logged telemetry for Mock RTX 4080 on gpu-1
2025/09/20 23:46:55 Logged telemetry for Mock RTX 4080 on gpu-1
2025/09/20 23:46:55 Logged telemetry for Mock RTX 4070 on gpu-2
2025/09/20 23:46:55 Logged telemetry for Mock RTX 4090 on gpu-0
2025/09/20 23:46:57 No jobs in queue. Predicting idle period. Sending sleep command.
2025/09/20 23:46:57 Would send sleep command to GPU agent
2025/09/20 23:46:57 Logged telemetry for Mock RTX 4090 on gpu-0
2025/09/20 23:46:57 Logged telemetry for Mock RTX 4080 on gpu-1
2025/09/20 23:46:57 Logged telemetry for Mock RTX 4070 on gpu-2
2025/09/20 23:46:59 Logged telemetry for Mock RTX 4070 on gpu-2
2025/09/20 23:46:59 Logged telemetry for Mock RTX 4090 on gpu-0
2025/09/20 23:46:59 Logged telemetry for Mock RTX 4080 on gpu-1
2025/09/20 23:47:01 Logged telemetry for Mock RTX 4080 on gpu-1
2025/09/20 23:47:01 Logged telemetry for Mock RTX 4070 on gpu-2
2025/09/20 23:47:01 Logged telemetry for Mock RTX 4090 on gpu-0
2025/09/20 23:47:02 No jobs in queue. Predicting idle period. Sending sleep command.
2025/09/20 23:47:02 Would send sleep command to GPU agent
2025/09/20 23:47:03 Logged telemetry for Mock RTX 4090 on gpu-0
2025/09/20 23:47:03 Logged telemetry for Mock RTX 4080 on gpu-1
2025/09/20 23:47:03 Logged telemetry for Mock RTX 4070 on gpu-2
2025/09/20 23:47:05 Logged telemetry for Mock RTX 4070 on gpu-2
2025/09/20 23:47:05 Logged telemetry for Mock RTX 4090 on gpu-0
2025/09/20 23:47:05 Logged telemetry for Mock RTX 4080 on gpu-1
2025/09/20 23:47:07 No jobs in queue. Predicting idle period. Sending sleep command.
2025/09/20 23:47:07 Would send sleep command to GPU agent
2025/09/20 23:47:07 Logged telemetry for Mock RTX 4080 on gpu-1
2025/09/20 23:47:07 Logged telemetry for Mock RTX 4070 on gpu-2
2025/09/20 23:47:07 Logged telemetry for Mock RTX 4090 on gpu-0
2025/09/20 23:47:09 Logged telemetry for Mock RTX 4090 on gpu-0
2025/09/20 23:47:09 Logged telemetry for Mock RTX 4070 on gpu-2
2025/09/20 23:47:09 Logged telemetry for Mock RTX 4080 on gpu-1
2025/09/20 23:47:11 Logged telemetry for Mock RTX 4080 on gpu-1
2025/09/20 23:47:11 Logged telemetry for Mock RTX 4090 on gpu-0
2025/09/20 23:47:11 Logged telemetry for Mock RTX 4070 on gpu-2
2025/09/20 23:47:12 No jobs in queue. Predicting idle period. Sending sleep command.
2025/09/20 23:47:12 Would send sleep command to GPU agent
2025/09/20 23:47:13 Logged telemetry for Mock RTX 4070 on gpu-2
2025/09/20 23:47:13 Logged telemetry for Mock RTX 4080 on gpu-1
2025/09/20 23:47:13 Logged telemetry for Mock RTX 4090 on gpu-0
2025/09/20 23:47:15 Logged telemetry for Mock RTX 4090 on gpu-0
2025/09/20 23:47:15 Logged telemetry for Mock RTX 4070 on gpu-2
2025/09/20 23:47:15 Logged telemetry for Mock RTX 4080 on gpu-1
2025/09/20 23:47:17 No jobs in queue. Predicting idle period. Sending sleep command.
2025/09/20 23:47:17 Would send sleep command to GPU agent
2025/09/20 23:47:17 Logged telemetry for Mock RTX 4080 on gpu-1
2025/09/20 23:47:17 Logged telemetry for Mock RTX 4090 on gpu-0
2025/09/20 23:47:17 Logged telemetry for Mock RTX 4070 on gpu-2
2025/09/20 23:47:19 Logged telemetry for Mock RTX 4070 on gpu-2
2025/09/20 23:47:19 Logged telemetry for Mock RTX 4080 on gpu-1
2025/09/20 23:47:19 Logged telemetry for Mock RTX 4090 on gpu-0
2025/09/20 23:47:21 Logged telemetry for Mock RTX 4070 on gpu-2
2025/09/20 23:47:21 Logged telemetry for Mock RTX 4090 on gpu-0
2025/09/20 23:47:21 Logged telemetry for Mock RTX 4080 on gpu-1
2025/09/20 23:47:22 No jobs in queue. Predicting idle period. Sending sleep command.
2025/09/20 23:47:22 Would send sleep command to GPU agent
2025/09/20 23:47:23 Logged telemetry for Mock RTX 4080 on gpu-1
2025/09/20 23:47:23 Logged telemetry for Mock RTX 4070 on gpu-2
2025/09/20 23:47:23 Logged telemetry for Mock RTX 4090 on gpu-0
2025/09/20 23:47:25 Logged telemetry for Mock RTX 4090 on gpu-0
2025/09/20 23:47:25 Logged telemetry for Mock RTX 4080 on gpu-1
2025/09/20 23:47:25 Logged telemetry for Mock RTX 4070 on gpu-2
2025/09/20 23:47:27 No jobs in queue. Predicting idle period. Sending sleep command.
2025/09/20 23:47:27 Would send sleep command to GPU agent
2025/09/20 23:47:27 Logged telemetry for Mock RTX 4070 on gpu-2
2025/09/20 23:47:27 Logged telemetry for Mock RTX 4090 on gpu-0
2025/09/20 23:47:27 Logged telemetry for Mock RTX 4080 on gpu-1
2025/09/20 23:47:29 Logged telemetry for Mock RTX 4080 on gpu-1
2025/09/20 23:47:29 Logged telemetry for Mock RTX 4070 on gpu-2
2025/09/20 23:47:29 Logged telemetry for Mock RTX 4090 on gpu-0
2025/09/20 23:47:31 Logged telemetry for Mock RTX 4090 on gpu-0
2025/09/20 23:47:31 Logged telemetry for Mock RTX 4080 on gpu-1
2025/09/20 23:47:31 Logged telemetry for Mock RTX 4070 on gpu-2
2025/09/20 23:47:32 No jobs in queue. Predicting idle period. Sending sleep command.
2025/09/20 23:47:32 Would send sleep command to GPU agent
2025/09/20 23:47:33 Logged telemetry for Mock RTX 4090 on gpu-0
2025/09/20 23:47:33 Logged telemetry for Mock RTX 4070 on gpu-2
2025/09/20 23:47:33 Logged telemetry for Mock RTX 4080 on gpu-1
2025/09/20 23:47:35 Logged telemetry for Mock RTX 4080 on gpu-1
2025/09/20 23:47:35 Logged telemetry for Mock RTX 4070 on gpu-2
2025/09/20 23:47:35 Logged telemetry for Mock RTX 4090 on gpu-0
2025/09/20 23:47:37 No jobs in queue. Predicting idle period. Sending sleep command.
2025/09/20 23:47:37 Would send sleep command to GPU agent
2025/09/20 23:47:37 Logged telemetry for Mock RTX 4090 on gpu-0
2025/09/20 23:47:37 Logged telemetry for Mock RTX 4080 on gpu-1
2025/09/20 23:47:37 Logged telemetry for Mock RTX 4070 on gpu-2
2025/09/20 23:47:39 Logged telemetry for Mock RTX 4070 on gpu-2
2025/09/20 23:47:39 Logged telemetry for Mock RTX 4090 on gpu-0
2025/09/20 23:47:39 Logged telemetry for Mock RTX 4080 on gpu-1
2025/09/20 23:47:41 Logged telemetry for Mock RTX 4080 on gpu-1
2025/09/20 23:47:41 Logged telemetry for Mock RTX 4070 on gpu-2
2025/09/20 23:47:41 Logged telemetry for Mock RTX 4090 on gpu-0
2025/09/20 23:47:42 No jobs in queue. Predicting idle period. Sending sleep command.
2025/09/20 23:47:42 Would send sleep command to GPU agent
2025/09/20 23:47:43 Logged telemetry for Mock RTX 4090 on gpu-0
2025/09/20 23:47:43 Logged telemetry for Mock RTX 4080 on gpu-1
2025/09/20 23:47:43 Logged telemetry for Mock RTX 4070 on gpu-2
2025/09/20 23:47:45 Logged telemetry for Mock RTX 4070 on gpu-2
2025/09/20 23:47:45 Logged telemetry for Mock RTX 4090 on gpu-0
2025/09/20 23:47:45 Logged telemetry for Mock RTX 4080 on gpu-1
2025/09/20 23:47:47 No jobs in queue. Predicting idle period. Sending sleep command.
2025/09/20 23:47:47 Would send sleep command to GPU agent
2025/09/20 23:47:47 Logged telemetry for Mock RTX 4080 on gpu-1
2025/09/20 23:47:47 Logged telemetry for Mock RTX 4070 on gpu-2
2025/09/20 23:47:47 Logged telemetry for Mock RTX 4090 on gpu-0
2025/09/20 23:47:49 Logged telemetry for Mock RTX 4090 on gpu-0
2025/09/20 23:47:49 Logged telemetry for Mock RTX 4080 on gpu-1
2025/09/20 23:47:49 Logged telemetry for Mock RTX 4070 on gpu-2
2025/09/20 23:47:51 Logged telemetry for Mock RTX 4070 on gpu-2
2025/09/20 23:47:51 Logged telemetry for Mock RTX 4090 on gpu-0
2025/09/20 23:47:51 Logged telemetry for Mock RTX 4080 on gpu-1
2025/09/20 23:47:52 No jobs in queue. Predicting idle period. Sending sleep command.
2025/09/20 23:47:52 Would send sleep command to GPU agent
2025/09/20 23:47:53 Logged telemetry for Mock RTX 4080 on gpu-1
2025/09/20 23:47:53 Logged telemetry for Mock RTX 4070 on gpu-2
2025/09/20 23:47:53 Logged telemetry for Mock RTX 4090 on gpu-0
2025/09/20 23:47:55 Logged telemetry for Mock RTX 4090 on gpu-0
2025/09/20 23:47:55 Logged telemetry for Mock RTX 4080 on gpu-1
2025/09/20 23:47:55 Logged telemetry for Mock RTX 4070 on gpu-2
2025/09/20 23:47:57 No jobs in queue. Predicting idle period. Sending sleep command.
2025/09/20 23:47:57 Would send sleep command to GPU agent
2025/09/20 23:47:57 Logged telemetry for Mock RTX 4070 on gpu-2
2025/09/20 23:47:57 Logged telemetry for Mock RTX 4090 on gpu-0
2025/09/20 23:47:57 Logged telemetry for Mock RTX 4080 on gpu-1
2025/09/20 23:47:59 Logged telemetry for Mock RTX 4080 on gpu-1
2025/09/20 23:47:59 Logged telemetry for Mock RTX 4070 on gpu-2
2025/09/20 23:47:59 Logged telemetry for Mock RTX 4090 on gpu-0
2025/09/20 23:48:01 Logged telemetry for Mock RTX 4090 on gpu-0
2025/09/20 23:48:01 Logged telemetry for Mock RTX 4080 on gpu-1
2025/09/20 23:48:01 Logged telemetry for Mock RTX 4070 on gpu-2
2025/09/20 23:48:02 No jobs in queue. Predicting idle period. Sending sleep command.
2025/09/20 23:48:02 Would send sleep command to GPU agent
2025/09/20 23:48:03 Logged telemetry for Mock RTX 4070 on gpu-2
2025/09/20 23:48:03 Logged telemetry for Mock RTX 4090 on gpu-0
2025/09/20 23:48:03 Logged telemetry for Mock RTX 4080 on gpu-1
2025/09/20 23:48:05 Logged telemetry for Mock RTX 4080 on gpu-1
2025/09/20 23:48:05 Logged telemetry for Mock RTX 4070 on gpu-2
2025/09/20 23:48:05 Logged telemetry for Mock RTX 4090 on gpu-0
2025/09/20 23:48:07 No jobs in queue. Predicting idle period. Sending sleep command.
2025/09/20 23:48:07 Would send sleep command to GPU agent
2025/09/20 23:48:07 Logged telemetry for Mock RTX 4080 on gpu-1
2025/09/20 23:48:07 Logged telemetry for Mock RTX 4090 on gpu-0
2025/09/20 23:48:07 Logged telemetry for Mock RTX 4070 on gpu-2
2025/09/20 23:48:09 Logged telemetry for Mock RTX 4070 on gpu-2
2025/09/20 23:48:09 Logged telemetry for Mock RTX 4080 on gpu-1
2025/09/20 23:48:09 Logged telemetry for Mock RTX 4090 on gpu-0
2025/09/20 23:48:11 Logged telemetry for Mock RTX 4090 on gpu-0
2025/09/20 23:48:11 Logged telemetry for Mock RTX 4070 on gpu-2
2025/09/20 23:48:11 Logged telemetry for Mock RTX 4080 on gpu-1
2025/09/20 23:48:12 No jobs in queue. Predicting idle period. Sending sleep command.
2025/09/20 23:48:12 Would send sleep command to GPU agent
2025/09/20 23:48:13 Logged telemetry for Mock RTX 4080 on gpu-1
2025/09/20 23:48:13 Logged telemetry for Mock RTX 4090 on gpu-0
2025/09/20 23:48:13 Logged telemetry for Mock RTX 4070 on gpu-2
2025/09/20 23:48:15 Logged telemetry for Mock RTX 4080 on gpu-1
2025/09/20 23:48:15 Logged telemetry for Mock RTX 4070 on gpu-2
2025/09/20 23:48:15 Logged telemetry for Mock RTX 4090 on gpu-0
2025/09/20 23:48:17 No jobs in queue. Predicting idle period. Sending sleep command.
2025/09/20 23:48:17 Would send sleep command to GPU agent
2025/09/20 23:48:17 Logged telemetry for Mock RTX 4090 on gpu-0
2025/09/20 23:48:17 Logged telemetry for Mock RTX 4070 on gpu-2
2025/09/20 23:48:17 Logged telemetry for Mock RTX 4080 on gpu-1
2025/09/20 23:48:19 Logged telemetry for Mock RTX 4080 on gpu-1
2025/09/20 23:48:19 Logged telemetry for Mock RTX 4090 on gpu-0
2025/09/20 23:48:19 Logged telemetry for Mock RTX 4070 on gpu-2
2025/09/20 23:48:21 Logged telemetry for Mock RTX 4070 on gpu-2
2025/09/20 23:48:21 Logged telemetry for Mock RTX 4080 on gpu-1
2025/09/20 23:48:21 Logged telemetry for Mock RTX 4090 on gpu-0
2025/09/20 23:48:22 No jobs in queue. Predicting idle period. Sending sleep command.
2025/09/20 23:48:22 Would send sleep command to GPU agent
2025/09/20 23:48:23 Logged telemetry for Mock RTX 4090 on gpu-0
2025/09/20 23:48:23 Logged telemetry for Mock RTX 4070 on gpu-2
2025/09/20 23:48:23 Logged telemetry for Mock RTX 4080 on gpu-1
2025/09/20 23:48:25 Logged telemetry for Mock RTX 4080 on gpu-1
2025/09/20 23:48:25 Logged telemetry for Mock RTX 4090 on gpu-0
2025/09/20 23:48:25 Logged telemetry for Mock RTX 4070 on gpu-2
2025/09/20 23:48:27 No jobs in queue. Predicting idle period. Sending sleep command.
2025/09/20 23:48:27 Would send sleep command to GPU agent
2025/09/20 23:48:27 Logged telemetry for Mock RTX 4070 on gpu-2
2025/09/20 23:48:27 Logged telemetry for Mock RTX 4080 on gpu-1
2025/09/20 23:48:27 Logged telemetry for Mock RTX 4090 on gpu-0
2025/09/20 23:48:29 Logged telemetry for Mock RTX 4090 on gpu-0
2025/09/20 23:48:29 Logged telemetry for Mock RTX 4070 on gpu-2
2025/09/20 23:48:29 Logged telemetry for Mock RTX 4080 on gpu-1
2025/09/20 23:48:31 Logged telemetry for Mock RTX 4080 on gpu-1
2025/09/20 23:48:31 Logged telemetry for Mock RTX 4090 on gpu-0
2025/09/20 23:48:31 Logged telemetry for Mock RTX 4070 on gpu-2
2025/09/20 23:48:32 No jobs in queue. Predicting idle period. Sending sleep command.
2025/09/20 23:48:32 Would send sleep command to GPU agent
2025/09/20 23:48:33 Logged telemetry for Mock RTX 4070 on gpu-2
2025/09/20 23:48:33 Logged telemetry for Mock RTX 4080 on gpu-1
2025/09/20 23:48:33 Logged telemetry for Mock RTX 4090 on gpu-0
2025/09/20 23:48:35 Logged telemetry for Mock RTX 4090 on gpu-0
2025/09/20 23:48:35 Logged telemetry for Mock RTX 4070 on gpu-2
2025/09/20 23:48:35 Logged telemetry for Mock RTX 4080 on gpu-1
2025/09/20 23:48:37 No jobs in queue. Predicting idle period. Sending sleep command.
2025/09/20 23:48:37 Would send sleep command to GPU agent
2025/09/20 23:48:37 Logged telemetry for Mock RTX 4080 on gpu-1
2025/09/20 23:48:37 Logged telemetry for Mock RTX 4070 on gpu-2
2025/09/20 23:48:37 Logged telemetry for Mock RTX 4090 on gpu-0
2025/09/20 23:48:39 Logged telemetry for Mock RTX 4090 on gpu-0
2025/09/20 23:48:39 Logged telemetry for Mock RTX 4080 on gpu-1
2025/09/20 23:48:39 Logged telemetry for Mock RTX 4070 on gpu-2
2025/09/20 23:48:41 Logged telemetry for Mock RTX 4070 on gpu-2
2025/09/20 23:48:41 Logged telemetry for Mock RTX 4090 on gpu-0
2025/09/20 23:48:41 Logged telemetry for Mock RTX 4080 on gpu-1
2025/09/20 23:48:42 No jobs in queue. Predicting idle period. Sending sleep command.
2025/09/20 23:48:42 Would send sleep command to GPU agent
2025/09/20 23:48:43 Logged telemetry for Mock RTX 4070 on gpu-2
2025/09/20 23:48:43 Logged telemetry for Mock RTX 4090 on gpu-0
2025/09/20 23:48:43 Logged telemetry for Mock RTX 4080 on gpu-1
2025/09/20 23:48:45 Logged telemetry for Mock RTX 4080 on gpu-1
2025/09/20 23:48:45 Logged telemetry for Mock RTX 4070 on gpu-2
2025/09/20 23:48:45 Logged telemetry for Mock RTX 4090 on gpu-0
2025/09/20 23:48:47 No jobs in queue. Predicting idle period. Sending sleep command.
2025/09/20 23:48:47 Would send sleep command to GPU agent
2025/09/20 23:48:47 Logged telemetry for Mock RTX 4090 on gpu-0
2025/09/20 23:48:47 Logged telemetry for Mock RTX 4080 on gpu-1
2025/09/20 23:48:47 Logged telemetry for Mock RTX 4070 on gpu-2
2025/09/20 23:48:49 Logged telemetry for Mock RTX 4070 on gpu-2
2025/09/20 23:48:49 Logged telemetry for Mock RTX 4090 on gpu-0
2025/09/20 23:48:49 Logged telemetry for Mock RTX 4080 on gpu-1
2025/09/20 23:48:51 Logged telemetry for Mock RTX 4080 on gpu-1
2025/09/20 23:48:51 Logged telemetry for Mock RTX 4070 on gpu-2
2025/09/20 23:48:51 Logged telemetry for Mock RTX 4090 on gpu-0
2025/09/20 23:48:52 No jobs in queue. Predicting idle period. Sending sleep command.
2025/09/20 23:48:52 Would send sleep command to GPU agent
2025/09/20 23:48:53 Logged telemetry for Mock RTX 4090 on gpu-0
2025/09/20 23:48:53 Logged telemetry for Mock RTX 4080 on gpu-1
2025/09/20 23:48:53 Logged telemetry for Mock RTX 4070 on gpu-2
2025/09/20 23:48:55 Logged telemetry for Mock RTX 4070 on gpu-2
2025/09/20 23:48:55 Logged telemetry for Mock RTX 4090 on gpu-0
2025/09/20 23:48:55 Logged telemetry for Mock RTX 4080 on gpu-1
2025/09/20 23:48:57 No jobs in queue. Predicting idle period. Sending sleep command.
2025/09/20 23:48:57 Would send sleep command to GPU agent
2025/09/20 23:48:57 Logged telemetry for Mock RTX 4080 on gpu-1
2025/09/20 23:48:57 Logged telemetry for Mock RTX 4070 on gpu-2
2025/09/20 23:48:57 Logged telemetry for Mock RTX 4090 on gpu-0
2025/09/20 23:48:59 Logged telemetry for Mock RTX 4080 on gpu-1
2025/09/20 23:48:59 Logged telemetry for Mock RTX 4090 on gpu-0
2025/09/20 23:48:59 Logged telemetry for Mock RTX 4070 on gpu-2
2025/09/20 23:49:01 Logged telemetry for Mock RTX 4080 on gpu-1
2025/09/20 23:49:01 Logged telemetry for Mock RTX 4090 on gpu-0
2025/09/20 23:49:01 Logged telemetry for Mock RTX 4070 on gpu-2
2025/09/20 23:49:02 No jobs in queue. Predicting idle period. Sending sleep command.
2025/09/20 23:49:02 Would send sleep command to GPU agent
2025/09/20 23:49:03 Logged telemetry for Mock RTX 4070 on gpu-2
2025/09/20 23:49:03 Logged telemetry for Mock RTX 4090 on gpu-0
2025/09/20 23:49:03 Logged telemetry for Mock RTX 4080 on gpu-1
2025/09/20 23:49:05 Logged telemetry for Mock RTX 4080 on gpu-1
2025/09/20 23:49:05 Logged telemetry for Mock RTX 4070 on gpu-2
2025/09/20 23:49:05 Logged telemetry for Mock RTX 4090 on gpu-0
2025/09/20 23:49:07 No jobs in queue. Predicting idle period. Sending sleep command.
2025/09/20 23:49:07 Would send sleep command to GPU agent
2025/09/20 23:49:07 Logged telemetry for Mock RTX 4090 on gpu-0
2025/09/20 23:49:07 Logged telemetry for Mock RTX 4080 on gpu-1
2025/09/20 23:49:07 Logged telemetry for Mock RTX 4070 on gpu-2
2025/09/20 23:49:09 Logged telemetry for Mock RTX 4070 on gpu-2
2025/09/20 23:49:09 Logged telemetry for Mock RTX 4090 on gpu-0
2025/09/20 23:49:09 Logged telemetry for Mock RTX 4080 on gpu-1
2025/09/20 23:49:11 Logged telemetry for Mock RTX 4080 on gpu-1
2025/09/20 23:49:11 Logged telemetry for Mock RTX 4070 on gpu-2
2025/09/20 23:49:11 Logged telemetry for Mock RTX 4090 on gpu-0
2025/09/20 23:49:12 No jobs in queue. Predicting idle period. Sending sleep command.
2025/09/20 23:49:12 Would send sleep command to GPU agent
2025/09/20 23:49:13 Logged telemetry for Mock RTX 4090 on gpu-0
2025/09/20 23:49:13 Logged telemetry for Mock RTX 4080 on gpu-1
2025/09/20 23:49:13 Logged telemetry for Mock RTX 4070 on gpu-2
2025/09/20 23:49:15 Logged telemetry for Mock RTX 4070 on gpu-2
2025/09/20 23:49:15 Logged telemetry for Mock RTX 4090 on gpu-0
2025/09/20 23:49:15 Logged telemetry for Mock RTX 4080 on gpu-1
2025/09/20 23:49:17 No jobs in queue. Predicting idle period. Sending sleep command.
2025/09/20 23:49:17 Would send sleep command to GPU agent
2025/09/20 23:49:17 Logged telemetry for Mock RTX 4080 on gpu-1
2025/09/20 23:49:17 Logged telemetry for Mock RTX 4070 on gpu-2
2025/09/20 23:49:17 Logged telemetry for Mock RTX 4090 on gpu-0
2025/09/20 23:49:19 Logged telemetry for Mock RTX 4090 on gpu-0
2025/09/20 23:49:19 Logged telemetry for Mock RTX 4080 on gpu-1
2025/09/20 23:49:19 Logged telemetry for Mock RTX 4070 on gpu-2
2025/09/20 23:49:21 Logged telemetry for Mock RTX 4070 on gpu-2
2025/09/20 23:49:21 Logged telemetry for Mock RTX 4090 on gpu-0
2025/09/20 23:49:21 Logged telemetry for Mock RTX 4080 on gpu-1
2025/09/20 23:49:22 No jobs in queue. Predicting idle period. Sending sleep command.
2025/09/20 23:49:22 Would send sleep command to GPU agent
2025/09/20 23:49:23 Logged telemetry for Mock RTX 4070 on gpu-2
2025/09/20 23:49:23 Logged telemetry for Mock RTX 4080 on gpu-1
2025/09/20 23:49:23 Logged telemetry for Mock RTX 4090 on gpu-0
2025/09/20 23:49:25 Logged telemetry for Mock RTX 4090 on gpu-0
2025/09/20 23:49:25 Logged telemetry for Mock RTX 4070 on gpu-2
2025/09/20 23:49:25 Logged telemetry for Mock RTX 4080 on gpu-1
2025/09/20 23:49:27 No jobs in queue. Predicting idle period. Sending sleep command.
2025/09/20 23:49:27 Would send sleep command to GPU agent
2025/09/20 23:49:27 Logged telemetry for Mock RTX 4080 on gpu-1
2025/09/20 23:49:27 Logged telemetry for Mock RTX 4090 on gpu-0
2025/09/20 23:49:27 Logged telemetry for Mock RTX 4070 on gpu-2
2025/09/20 23:49:29 Logged telemetry for Mock RTX 4070 on gpu-2
2025/09/20 23:49:29 Logged telemetry for Mock RTX 4090 on gpu-0
2025/09/20 23:49:29 Logged telemetry for Mock RTX 4080 on gpu-1
2025/09/20 23:49:31 Logged telemetry for Mock RTX 4080 on gpu-1
2025/09/20 23:49:31 Logged telemetry for Mock RTX 4070 on gpu-2
2025/09/20 23:49:31 Logged telemetry for Mock RTX 4090 on gpu-0
2025/09/20 23:49:32 No jobs in queue. Predicting idle period. Sending sleep command.
2025/09/20 23:49:32 Would send sleep command to GPU agent
2025/09/20 23:49:33 Logged telemetry for Mock RTX 4070 on gpu-2
2025/09/20 23:49:33 Logged telemetry for Mock RTX 4090 on gpu-0
2025/09/20 23:49:33 Logged telemetry for Mock RTX 4080 on gpu-1
2025/09/20 23:49:35 Logged telemetry for Mock RTX 4070 on gpu-2
2025/09/20 23:49:35 Logged telemetry for Mock RTX 4080 on gpu-1
2025/09/20 23:49:35 Logged telemetry for Mock RTX 4090 on gpu-0
2025/09/20 23:49:37 No jobs in queue. Predicting idle period. Sending sleep command.
2025/09/20 23:49:37 Would send sleep command to GPU agent
2025/09/20 23:49:37 Logged telemetry for Mock RTX 4090 on gpu-0
2025/09/20 23:49:37 Logged telemetry for Mock RTX 4070 on gpu-2
2025/09/20 23:49:37 Logged telemetry for Mock RTX 4080 on gpu-1
2025/09/20 23:49:39 Logged telemetry for Mock RTX 4080 on gpu-1
2025/09/20 23:49:39 Logged telemetry for Mock RTX 4090 on gpu-0
2025/09/20 23:49:39 Logged telemetry for Mock RTX 4070 on gpu-2
2025/09/20 23:49:41 Logged telemetry for Mock RTX 4070 on gpu-2
2025/09/20 23:49:41 Logged telemetry for Mock RTX 4080 on gpu-1
2025/09/20 23:49:41 Logged telemetry for Mock RTX 4090 on gpu-0
2025/09/20 23:49:42 No jobs in queue. Predicting idle period. Sending sleep command.
2025/09/20 23:49:42 Would send sleep command to GPU agent
2025/09/20 23:49:43 Logged telemetry for Mock RTX 4090 on gpu-0
2025/09/20 23:49:43 Logged telemetry for Mock RTX 4080 on gpu-1
2025/09/20 23:49:43 Logged telemetry for Mock RTX 4070 on gpu-2
2025/09/20 23:49:45 Logged telemetry for Mock RTX 4070 on gpu-2
2025/09/20 23:49:45 Logged telemetry for Mock RTX 4090 on gpu-0
2025/09/20 23:49:45 Logged telemetry for Mock RTX 4080 on gpu-1
2025/09/20 23:49:47 No jobs in queue. Predicting idle period. Sending sleep command.
2025/09/20 23:49:47 Would send sleep command to GPU agent
2025/09/20 23:49:47 Logged telemetry for Mock RTX 4080 on gpu-1
2025/09/20 23:49:47 Logged telemetry for Mock RTX 4070 on gpu-2
2025/09/20 23:49:47 Logged telemetry for Mock RTX 4090 on gpu-0
2025/09/20 23:49:49 Logged telemetry for Mock RTX 4090 on gpu-0
2025/09/20 23:49:49 Logged telemetry for Mock RTX 4080 on gpu-1
2025/09/20 23:49:49 Logged telemetry for Mock RTX 4070 on gpu-2
2025/09/20 23:49:51 Logged telemetry for Mock RTX 4090 on gpu-0
2025/09/20 23:49:51 Logged telemetry for Mock RTX 4070 on gpu-2
2025/09/20 23:49:51 Logged telemetry for Mock RTX 4080 on gpu-1
2025/09/20 23:49:52 No jobs in queue. Predicting idle period. Sending sleep command.
2025/09/20 23:49:52 Would send sleep command to GPU agent
2025/09/20 23:49:53 Logged telemetry for Mock RTX 4080 on gpu-1
2025/09/20 23:49:53 Logged telemetry for Mock RTX 4090 on gpu-0
2025/09/20 23:49:53 Logged telemetry for Mock RTX 4070 on gpu-2
2025/09/20 23:49:55 Logged telemetry for Mock RTX 4070 on gpu-2
2025/09/20 23:49:55 Logged telemetry for Mock RTX 4080 on gpu-1
2025/09/20 23:49:55 Logged telemetry for Mock RTX 4090 on gpu-0
2025/09/20 23:49:57 No jobs in queue. Predicting idle period. Sending sleep command.
2025/09/20 23:49:57 Would send sleep command to GPU agent
2025/09/20 23:49:57 Logged telemetry for Mock RTX 4090 on gpu-0
2025/09/20 23:49:57 Logged telemetry for Mock RTX 4070 on gpu-2
2025/09/20 23:49:57 Logged telemetry for Mock RTX 4080 on gpu-1
2025/09/20 23:49:59 Logged telemetry for Mock RTX 4080 on gpu-1
2025/09/20 23:49:59 Logged telemetry for Mock RTX 4090 on gpu-0
2025/09/20 23:49:59 Logged telemetry for Mock RTX 4070 on gpu-2
2025/09/20 23:50:01 Logged telemetry for Mock RTX 4070 on gpu-2
2025/09/20 23:50:01 Logged telemetry for Mock RTX 4080 on gpu-1
2025/09/20 23:50:01 Logged telemetry for Mock RTX 4090 on gpu-0
2025/09/20 23:50:02 No jobs in queue. Predicting idle period. Sending sleep command.
2025/09/20 23:50:02 Would send sleep command to GPU agent
2025/09/20 23:50:03 Logged telemetry for Mock RTX 4090 on gpu-0
2025/09/20 23:50:03 Logged telemetry for Mock RTX 4080 on gpu-1
2025/09/20 23:50:03 Logged telemetry for Mock RTX 4070 on gpu-2
2025/09/20 23:50:05 Logged telemetry for Mock RTX 4070 on gpu-2
2025/09/20 23:50:05 Logged telemetry for Mock RTX 4090 on gpu-0
2025/09/20 23:50:05 Logged telemetry for Mock RTX 4080 on gpu-1
2025/09/20 23:50:07 No jobs in queue. Predicting idle period. Sending sleep command.
2025/09/20 23:50:07 Would send sleep command to GPU agent
2025/09/20 23:50:07 Logged telemetry for Mock RTX 4080 on gpu-1
2025/09/20 23:50:07 Logged telemetry for Mock RTX 4070 on gpu-2
2025/09/20 23:50:07 Logged telemetry for Mock RTX 4090 on gpu-0
2025/09/20 23:50:09 Logged telemetry for Mock RTX 4090 on gpu-0
2025/09/20 23:50:09 Logged telemetry for Mock RTX 4080 on gpu-1
2025/09/20 23:50:09 Logged telemetry for Mock RTX 4070 on gpu-2
2025/09/20 23:50:11 Logged telemetry for Mock RTX 4090 on gpu-0
2025/09/20 23:50:11 Logged telemetry for Mock RTX 4080 on gpu-1
2025/09/20 23:50:11 Logged telemetry for Mock RTX 4070 on gpu-2
2025/09/20 23:50:12 No jobs in queue. Predicting idle period. Sending sleep command.
2025/09/20 23:50:12 Would send sleep command to GPU agent
2025/09/20 23:50:13 Logged telemetry for Mock RTX 4070 on gpu-2
2025/09/20 23:50:13 Logged telemetry for Mock RTX 4090 on gpu-0
2025/09/20 23:50:13 Logged telemetry for Mock RTX 4080 on gpu-1
2025/09/20 23:50:15 Logged telemetry for Mock RTX 4080 on gpu-1
2025/09/20 23:50:15 Logged telemetry for Mock RTX 4070 on gpu-2
2025/09/20 23:50:15 Logged telemetry for Mock RTX 4090 on gpu-0
2025/09/20 23:50:17 No jobs in queue. Predicting idle period. Sending sleep command.
2025/09/20 23:50:17 Would send sleep command to GPU agent
2025/09/20 23:50:17 Logged telemetry for Mock RTX 4090 on gpu-0
2025/09/20 23:50:17 Logged telemetry for Mock RTX 4070 on gpu-2
2025/09/20 23:50:17 Logged telemetry for Mock RTX 4080 on gpu-1
2025/09/20 23:50:19 Logged telemetry for Mock RTX 4080 on gpu-1
2025/09/20 23:50:19 Logged telemetry for Mock RTX 4090 on gpu-0
2025/09/20 23:50:19 Logged telemetry for Mock RTX 4070 on gpu-2
2025/09/20 23:50:21 Logged telemetry for Mock RTX 4070 on gpu-2
2025/09/20 23:50:21 Logged telemetry for Mock RTX 4080 on gpu-1
2025/09/20 23:50:21 Logged telemetry for Mock RTX 4090 on gpu-0
2025/09/20 23:50:22 No jobs in queue. Predicting idle period. Sending sleep command.
2025/09/20 23:50:22 Would send sleep command to GPU agent
2025/09/20 23:50:23 Logged telemetry for Mock RTX 4090 on gpu-0
2025/09/20 23:50:23 Logged telemetry for Mock RTX 4070 on gpu-2
2025/09/20 23:50:23 Logged telemetry for Mock RTX 4080 on gpu-1
2025/09/20 23:50:25 Logged telemetry for Mock RTX 4090 on gpu-0
2025/09/20 23:50:25 Logged telemetry for Mock RTX 4080 on gpu-1
2025/09/20 23:50:25 Logged telemetry for Mock RTX 4070 on gpu-2
2025/09/20 23:50:27 No jobs in queue. Predicting idle period. Sending sleep command.
2025/09/20 23:50:27 Would send sleep command to GPU agent
2025/09/20 23:50:27 Logged telemetry for Mock RTX 4070 on gpu-2
2025/09/20 23:50:27 Logged telemetry for Mock RTX 4090 on gpu-0
2025/09/20 23:50:27 Logged telemetry for Mock RTX 4080 on gpu-1
2025/09/20 23:50:29 Logged telemetry for Mock RTX 4080 on gpu-1
2025/09/20 23:50:29 Logged telemetry for Mock RTX 4070 on gpu-2
2025/09/20 23:50:29 Logged telemetry for Mock RTX 4090 on gpu-0
2025/09/20 23:50:31 Logged telemetry for Mock RTX 4090 on gpu-0
2025/09/20 23:50:31 Logged telemetry for Mock RTX 4080 on gpu-1
2025/09/20 23:50:31 Logged telemetry for Mock RTX 4070 on gpu-2
2025/09/20 23:50:32 No jobs in queue. Predicting idle period. Sending sleep command.
2025/09/20 23:50:32 Would send sleep command to GPU agent
2025/09/20 23:50:33 Logged telemetry for Mock RTX 4070 on gpu-2
2025/09/20 23:50:33 Logged telemetry for Mock RTX 4080 on gpu-1
2025/09/20 23:50:33 Logged telemetry for Mock RTX 4090 on gpu-0
2025/09/20 23:50:35 Logged telemetry for Mock RTX 4070 on gpu-2
2025/09/20 23:50:35 Logged telemetry for Mock RTX 4090 on gpu-0
2025/09/20 23:50:35 Logged telemetry for Mock RTX 4080 on gpu-1
2025/09/20 23:50:37 No jobs in queue. Predicting idle period. Sending sleep command.
2025/09/20 23:50:37 Would send sleep command to GPU agent
2025/09/20 23:50:37 Logged telemetry for Mock RTX 4080 on gpu-1
2025/09/20 23:50:37 Logged telemetry for Mock RTX 4090 on gpu-0
2025/09/20 23:50:37 Logged telemetry for Mock RTX 4070 on gpu-2
2025/09/20 23:50:39 Logged telemetry for Mock RTX 4070 on gpu-2
2025/09/20 23:50:39 Logged telemetry for Mock RTX 4080 on gpu-1
2025/09/20 23:50:39 Logged telemetry for Mock RTX 4090 on gpu-0
2025/09/20 23:50:41 Logged telemetry for Mock RTX 4090 on gpu-0
2025/09/20 23:50:41 Logged telemetry for Mock RTX 4070 on gpu-2
2025/09/20 23:50:41 Logged telemetry for Mock RTX 4080 on gpu-1
2025/09/20 23:50:42 No jobs in queue. Predicting idle period. Sending sleep command.
2025/09/20 23:50:42 Would send sleep command to GPU agent
2025/09/20 23:50:43 Logged telemetry for Mock RTX 4080 on gpu-1
2025/09/20 23:50:43 Logged telemetry for Mock RTX 4090 on gpu-0
2025/09/20 23:50:43 Logged telemetry for Mock RTX 4070 on gpu-2
2025/09/20 23:50:45 Logged telemetry for Mock RTX 4070 on gpu-2
2025/09/20 23:50:45 Logged telemetry for Mock RTX 4080 on gpu-1
2025/09/20 23:50:45 Logged telemetry for Mock RTX 4090 on gpu-0
2025/09/20 23:50:47 No jobs in queue. Predicting idle period. Sending sleep command.
2025/09/20 23:50:47 Would send sleep command to GPU agent
2025/09/20 23:50:47 Logged telemetry for Mock RTX 4090 on gpu-0
2025/09/20 23:50:47 Logged telemetry for Mock RTX 4070 on gpu-2
2025/09/20 23:50:47 Logged telemetry for Mock RTX 4080 on gpu-1
2025/09/20 23:50:49 Logged telemetry for Mock RTX 4080 on gpu-1
2025/09/20 23:50:49 Logged telemetry for Mock RTX 4090 on gpu-0
2025/09/20 23:50:49 Logged telemetry for Mock RTX 4070 on gpu-2
2025/09/20 23:50:51 Logged telemetry for Mock RTX 4070 on gpu-2
2025/09/20 23:50:51 Logged telemetry for Mock RTX 4080 on gpu-1
2025/09/20 23:50:51 Logged telemetry for Mock RTX 4090 on gpu-0
2025/09/20 23:50:52 No jobs in queue. Predicting idle period. Sending sleep command.
2025/09/20 23:50:52 Would send sleep command to GPU agent
2025/09/20 23:50:53 Logged telemetry for Mock RTX 4090 on gpu-0
2025/09/20 23:50:53 Logged telemetry for Mock RTX 4070 on gpu-2
2025/09/20 23:50:53 Logged telemetry for Mock RTX 4080 on gpu-1
2025/09/20 23:50:55 Logged telemetry for Mock RTX 4080 on gpu-1
2025/09/20 23:50:55 Logged telemetry for Mock RTX 4090 on gpu-0
2025/09/20 23:50:55 Logged telemetry for Mock RTX 4070 on gpu-2
2025/09/20 23:50:57 No jobs in queue. Predicting idle period. Sending sleep command.
2025/09/20 23:50:57 Would send sleep command to GPU agent
2025/09/20 23:50:57 Logged telemetry for Mock RTX 4070 on gpu-2
2025/09/20 23:50:57 Logged telemetry for Mock RTX 4090 on gpu-0
2025/09/20 23:50:57 Logged telemetry for Mock RTX 4080 on gpu-1
2025/09/20 23:50:59 Logged telemetry for Mock RTX 4080 on gpu-1
2025/09/20 23:50:59 Logged telemetry for Mock RTX 4070 on gpu-2
2025/09/20 23:50:59 Logged telemetry for Mock RTX 4090 on gpu-0
2025/09/20 23:51:01 Logged telemetry for Mock RTX 4090 on gpu-0
2025/09/20 23:51:01 Logged telemetry for Mock RTX 4080 on gpu-1
2025/09/20 23:51:01 Logged telemetry for Mock RTX 4070 on gpu-2
2025/09/20 23:51:02 No jobs in queue. Predicting idle period. Sending sleep command.
2025/09/20 23:51:02 Would send sleep command to GPU agent
2025/09/20 23:51:03 Logged telemetry for Mock RTX 4070 on gpu-2
2025/09/20 23:51:03 Logged telemetry for Mock RTX 4090 on gpu-0
2025/09/20 23:51:03 Logged telemetry for Mock RTX 4080 on gpu-1
2025/09/20 23:51:05 Logged telemetry for Mock RTX 4080 on gpu-1
2025/09/20 23:51:05 Logged telemetry for Mock RTX 4070 on gpu-2
2025/09/20 23:51:05 Logged telemetry for Mock RTX 4090 on gpu-0
2025/09/20 23:51:07 No jobs in queue. Predicting idle period. Sending sleep command.
2025/09/20 23:51:07 Would send sleep command to GPU agent
2025/09/20 23:51:07 Logged telemetry for Mock RTX 4090 on gpu-0
2025/09/20 23:51:07 Logged telemetry for Mock RTX 4080 on gpu-1
2025/09/20 23:51:07 Logged telemetry for Mock RTX 4070 on gpu-2
2025/09/20 23:51:09 Logged telemetry for Mock RTX 4070 on gpu-2
2025/09/20 23:51:09 Logged telemetry for Mock RTX 4090 on gpu-0
2025/09/20 23:51:09 Logged telemetry for Mock RTX 4080 on gpu-1
2025/09/20 23:51:11 Logged telemetry for Mock RTX 4080 on gpu-1
2025/09/20 23:51:11 Logged telemetry for Mock RTX 4070 on gpu-2
2025/09/20 23:51:11 Logged telemetry for Mock RTX 4090 on gpu-0
2025/09/20 23:51:12 No jobs in queue. Predicting idle period. Sending sleep command.
2025/09/20 23:51:12 Would send sleep command to GPU agent
2025/09/20 23:51:13 Logged telemetry for Mock RTX 4090 on gpu-0
2025/09/20 23:51:13 Logged telemetry for Mock RTX 4080 on gpu-1
2025/09/20 23:51:13 Logged telemetry for Mock RTX 4070 on gpu-2
2025/09/20 23:51:15 Logged telemetry for Mock RTX 4070 on gpu-2
2025/09/20 23:51:15 Logged telemetry for Mock RTX 4090 on gpu-0
2025/09/20 23:51:15 Logged telemetry for Mock RTX 4080 on gpu-1
2025/09/20 23:51:17 No jobs in queue. Predicting idle period. Sending sleep command.
2025/09/20 23:51:17 Would send sleep command to GPU agent
2025/09/20 23:51:17 Logged telemetry for Mock RTX 4080 on gpu-1
2025/09/20 23:51:17 Logged telemetry for Mock RTX 4070 on gpu-2
2025/09/20 23:51:17 Logged telemetry for Mock RTX 4090 on gpu-0
2025/09/20 23:51:19 Logged telemetry for Mock RTX 4090 on gpu-0
2025/09/20 23:51:19 Logged telemetry for Mock RTX 4080 on gpu-1
2025/09/20 23:51:19 Logged telemetry for Mock RTX 4070 on gpu-2
2025/09/20 23:51:21 Logged telemetry for Mock RTX 4070 on gpu-2
2025/09/20 23:51:21 Logged telemetry for Mock RTX 4090 on gpu-0
2025/09/20 23:51:21 Logged telemetry for Mock RTX 4080 on gpu-1
2025/09/20 23:51:22 No jobs in queue. Predicting idle period. Sending sleep command.
2025/09/20 23:51:22 Would send sleep command to GPU agent
2025/09/20 23:51:23 Logged telemetry for Mock RTX 4080 on gpu-1
2025/09/20 23:51:23 Logged telemetry for Mock RTX 4070 on gpu-2
2025/09/20 23:51:23 Logged telemetry for Mock RTX 4090 on gpu-0
2025/09/20 23:51:25 Logged telemetry for Mock RTX 4070 on gpu-2
2025/09/20 23:51:25 Logged telemetry for Mock RTX 4080 on gpu-1
2025/09/20 23:51:25 Logged telemetry for Mock RTX 4090 on gpu-0
2025/09/20 23:51:27 No jobs in queue. Predicting idle period. Sending sleep command.
2025/09/20 23:51:27 Would send sleep command to GPU agent
2025/09/20 23:51:27 Logged telemetry for Mock RTX 4090 on gpu-0
2025/09/20 23:51:27 Logged telemetry for Mock RTX 4070 on gpu-2
2025/09/20 23:51:27 Logged telemetry for Mock RTX 4080 on gpu-1
2025/09/20 23:51:29 Logged telemetry for Mock RTX 4080 on gpu-1
2025/09/20 23:51:29 Logged telemetry for Mock RTX 4090 on gpu-0
2025/09/20 23:51:29 Logged telemetry for Mock RTX 4070 on gpu-2
2025/09/20 23:51:31 Logged telemetry for Mock RTX 4080 on gpu-1
2025/09/20 23:51:31 Logged telemetry for Mock RTX 4070 on gpu-2
2025/09/20 23:51:31 Logged telemetry for Mock RTX 4090 on gpu-0
2025/09/20 23:51:32 No jobs in queue. Predicting idle period. Sending sleep command.
2025/09/20 23:51:32 Would send sleep command to GPU agent
2025/09/20 23:51:33 Logged telemetry for Mock RTX 4090 on gpu-0
2025/09/20 23:51:33 Logged telemetry for Mock RTX 4070 on gpu-2
2025/09/20 23:51:33 Logged telemetry for Mock RTX 4080 on gpu-1
2025/09/20 23:51:35 Logged telemetry for Mock RTX 4080 on gpu-1
2025/09/20 23:51:35 Logged telemetry for Mock RTX 4090 on gpu-0
2025/09/20 23:51:35 Logged telemetry for Mock RTX 4070 on gpu-2
2025/09/20 23:51:37 No jobs in queue. Predicting idle period. Sending sleep command.
2025/09/20 23:51:37 Would send sleep command to GPU agent
2025/09/20 23:51:37 Logged telemetry for Mock RTX 4070 on gpu-2
2025/09/20 23:51:37 Logged telemetry for Mock RTX 4080 on gpu-1
2025/09/20 23:51:37 Logged telemetry for Mock RTX 4090 on gpu-0
2025/09/20 23:51:39 Logged telemetry for Mock RTX 4080 on gpu-1
2025/09/20 23:51:39 Logged telemetry for Mock RTX 4070 on gpu-2
2025/09/20 23:51:39 Logged telemetry for Mock RTX 4090 on gpu-0
2025/09/20 23:51:41 Logged telemetry for Mock RTX 4090 on gpu-0
2025/09/20 23:51:41 Logged telemetry for Mock RTX 4080 on gpu-1
2025/09/20 23:51:41 Logged telemetry for Mock RTX 4070 on gpu-2
2025/09/20 23:51:42 No jobs in queue. Predicting idle period. Sending sleep command.
2025/09/20 23:51:42 Would send sleep command to GPU agent
2025/09/20 23:51:43 Logged telemetry for Mock RTX 4070 on gpu-2
2025/09/20 23:51:43 Logged telemetry for Mock RTX 4090 on gpu-0
2025/09/20 23:51:43 Logged telemetry for Mock RTX 4080 on gpu-1
2025/09/20 23:51:45 Logged telemetry for Mock RTX 4080 on gpu-1
2025/09/20 23:51:45 Logged telemetry for Mock RTX 4070 on gpu-2
2025/09/20 23:51:45 Logged telemetry for Mock RTX 4090 on gpu-0
2025/09/20 23:51:47 No jobs in queue. Predicting idle period. Sending sleep command.
2025/09/20 23:51:47 Would send sleep command to GPU agent
2025/09/20 23:51:47 Logged telemetry for Mock RTX 4090 on gpu-0
2025/09/20 23:51:47 Logged telemetry for Mock RTX 4080 on gpu-1
2025/09/20 23:51:47 Logged telemetry for Mock RTX 4070 on gpu-2
2025/09/20 23:51:49 Logged telemetry for Mock RTX 4070 on gpu-2
2025/09/20 23:51:49 Logged telemetry for Mock RTX 4090 on gpu-0
2025/09/20 23:51:49 Logged telemetry for Mock RTX 4080 on gpu-1
2025/09/20 23:51:51 Logged telemetry for Mock RTX 4080 on gpu-1
2025/09/20 23:51:51 Logged telemetry for Mock RTX 4070 on gpu-2
2025/09/20 23:51:51 Logged telemetry for Mock RTX 4090 on gpu-0
2025/09/20 23:51:52 No jobs in queue. Predicting idle period. Sending sleep command.
2025/09/20 23:51:52 Would send sleep command to GPU agent
2025/09/20 23:51:53 Logged telemetry for Mock RTX 4090 on gpu-0
2025/09/20 23:51:53 Logged telemetry for Mock RTX 4080 on gpu-1
2025/09/20 23:51:53 Logged telemetry for Mock RTX 4070 on gpu-2
2025/09/20 23:51:55 Logged telemetry for Mock RTX 4070 on gpu-2
2025/09/20 23:51:55 Logged telemetry for Mock RTX 4090 on gpu-0
2025/09/20 23:51:55 Logged telemetry for Mock RTX 4080 on gpu-1
2025/09/20 23:51:57 No jobs in queue. Predicting idle period. Sending sleep command.
2025/09/20 23:51:57 Would send sleep command to GPU agent
2025/09/20 23:51:57 Logged telemetry for Mock RTX 4080 on gpu-1
2025/09/20 23:51:57 Logged telemetry for Mock RTX 4070 on gpu-2
2025/09/20 23:51:57 Logged telemetry for Mock RTX 4090 on gpu-0
2025/09/20 23:51:59 Logged telemetry for Mock RTX 4090 on gpu-0
2025/09/20 23:51:59 Logged telemetry for Mock RTX 4080 on gpu-1
2025/09/20 23:51:59 Logged telemetry for Mock RTX 4070 on gpu-2
2025/09/20 23:52:01 Logged telemetry for Mock RTX 4070 on gpu-2
2025/09/20 23:52:01 Logged telemetry for Mock RTX 4080 on gpu-1
2025/09/20 23:52:01 Logged telemetry for Mock RTX 4090 on gpu-0
2025/09/20 23:52:02 No jobs in queue. Predicting idle period. Sending sleep command.
2025/09/20 23:52:02 Would send sleep command to GPU agent
2025/09/20 23:52:03 Logged telemetry for Mock RTX 4070 on gpu-2
2025/09/20 23:52:03 Logged telemetry for Mock RTX 4080 on gpu-1
2025/09/20 23:52:03 Logged telemetry for Mock RTX 4090 on gpu-0
2025/09/20 23:52:05 Logged telemetry for Mock RTX 4090 on gpu-0
2025/09/20 23:52:05 Logged telemetry for Mock RTX 4070 on gpu-2
2025/09/20 23:52:05 Logged telemetry for Mock RTX 4080 on gpu-1
2025/09/20 23:52:07 No jobs in queue. Predicting idle period. Sending sleep command.
2025/09/20 23:52:07 Would send sleep command to GPU agent
2025/09/20 23:52:07 Logged telemetry for Mock RTX 4080 on gpu-1
2025/09/20 23:52:07 Logged telemetry for Mock RTX 4090 on gpu-0
2025/09/20 23:52:07 Logged telemetry for Mock RTX 4070 on gpu-2
2025/09/20 23:52:09 Logged telemetry for Mock RTX 4070 on gpu-2
2025/09/20 23:52:09 Logged telemetry for Mock RTX 4080 on gpu-1
2025/09/20 23:52:09 Logged telemetry for Mock RTX 4090 on gpu-0
2025/09/20 23:52:11 Logged telemetry for Mock RTX 4090 on gpu-0
2025/09/20 23:52:11 Logged telemetry for Mock RTX 4070 on gpu-2
2025/09/20 23:52:11 Logged telemetry for Mock RTX 4080 on gpu-1
2025/09/20 23:52:12 No jobs in queue. Predicting idle period. Sending sleep command.
2025/09/20 23:52:12 Would send sleep command to GPU agent
2025/09/20 23:52:13 Logged telemetry for Mock RTX 4080 on gpu-1
2025/09/20 23:52:13 Logged telemetry for Mock RTX 4090 on gpu-0
2025/09/20 23:52:13 Logged telemetry for Mock RTX 4070 on gpu-2
2025/09/20 23:52:15 Logged telemetry for Mock RTX 4070 on gpu-2
2025/09/20 23:52:15 Logged telemetry for Mock RTX 4080 on gpu-1
2025/09/20 23:52:15 Logged telemetry for Mock RTX 4090 on gpu-0
2025/09/20 23:52:17 No jobs in queue. Predicting idle period. Sending sleep command.
2025/09/20 23:52:17 Would send sleep command to GPU agent
2025/09/20 23:52:17 Logged telemetry for Mock RTX 4090 on gpu-0
2025/09/20 23:52:17 Logged telemetry for Mock RTX 4080 on gpu-1
2025/09/20 23:52:17 Logged telemetry for Mock RTX 4070 on gpu-2
2025/09/20 23:52:19 Logged telemetry for Mock RTX 4070 on gpu-2
2025/09/20 23:52:19 Logged telemetry for Mock RTX 4090 on gpu-0
2025/09/20 23:52:19 Logged telemetry for Mock RTX 4080 on gpu-1
2025/09/20 23:52:21 Logged telemetry for Mock RTX 4080 on gpu-1
2025/09/20 23:52:21 Logged telemetry for Mock RTX 4070 on gpu-2
2025/09/20 23:52:21 Logged telemetry for Mock RTX 4090 on gpu-0
2025/09/20 23:52:22 No jobs in queue. Predicting idle period. Sending sleep command.
2025/09/20 23:52:22 Would send sleep command to GPU agent
2025/09/20 23:52:23 Logged telemetry for Mock RTX 4090 on gpu-0
2025/09/20 23:52:23 Logged telemetry for Mock RTX 4080 on gpu-1
2025/09/20 23:52:23 Logged telemetry for Mock RTX 4070 on gpu-2
2025/09/20 23:52:25 Logged telemetry for Mock RTX 4070 on gpu-2
2025/09/20 23:52:25 Logged telemetry for Mock RTX 4080 on gpu-1
2025/09/20 23:52:25 Logged telemetry for Mock RTX 4090 on gpu-0
2025/09/20 23:52:27 No jobs in queue. Predicting idle period. Sending sleep command.
2025/09/20 23:52:27 Would send sleep command to GPU agent
2025/09/20 23:52:27 Logged telemetry for Mock RTX 4090 on gpu-0
2025/09/20 23:52:27 Logged telemetry for Mock RTX 4070 on gpu-2
2025/09/20 23:52:27 Logged telemetry for Mock RTX 4080 on gpu-1
2025/09/20 23:52:29 Logged telemetry for Mock RTX 4080 on gpu-1
2025/09/20 23:52:29 Logged telemetry for Mock RTX 4090 on gpu-0
2025/09/20 23:52:29 Logged telemetry for Mock RTX 4070 on gpu-2
2025/09/20 23:52:31 Logged telemetry for Mock RTX 4070 on gpu-2
2025/09/20 23:52:31 Logged telemetry for Mock RTX 4080 on gpu-1
2025/09/20 23:52:31 Logged telemetry for Mock RTX 4090 on gpu-0
2025/09/20 23:52:32 No jobs in queue. Predicting idle period. Sending sleep command.
2025/09/20 23:52:32 Would send sleep command to GPU agent
2025/09/20 23:52:33 Logged telemetry for Mock RTX 4090 on gpu-0
2025/09/20 23:52:33 Logged telemetry for Mock RTX 4070 on gpu-2
2025/09/20 23:52:33 Logged telemetry for Mock RTX 4080 on gpu-1
2025/09/20 23:52:35 Logged telemetry for Mock RTX 4080 on gpu-1
2025/09/20 23:52:35 Logged telemetry for Mock RTX 4090 on gpu-0
2025/09/20 23:52:35 Logged telemetry for Mock RTX 4070 on gpu-2
2025/09/20 23:52:37 No jobs in queue. Predicting idle period. Sending sleep command.
2025/09/20 23:52:37 Would send sleep command to GPU agent
2025/09/20 23:52:37 Logged telemetry for Mock RTX 4070 on gpu-2
2025/09/20 23:52:37 Logged telemetry for Mock RTX 4080 on gpu-1
2025/09/20 23:52:37 Logged telemetry for Mock RTX 4090 on gpu-0
2025/09/20 23:52:39 Logged telemetry for Mock RTX 4090 on gpu-0
2025/09/20 23:52:39 Logged telemetry for Mock RTX 4070 on gpu-2
2025/09/20 23:52:39 Logged telemetry for Mock RTX 4080 on gpu-1
2025/09/20 23:52:41 Logged telemetry for Mock RTX 4080 on gpu-1
2025/09/20 23:52:41 Logged telemetry for Mock RTX 4090 on gpu-0
2025/09/20 23:52:41 Logged telemetry for Mock RTX 4070 on gpu-2
2025/09/20 23:52:42 No jobs in queue. Predicting idle period. Sending sleep command.
2025/09/20 23:52:42 Would send sleep command to GPU agent
2025/09/20 23:52:43 Logged telemetry for Mock RTX 4070 on gpu-2
2025/09/20 23:52:43 Logged telemetry for Mock RTX 4080 on gpu-1
2025/09/20 23:52:43 Logged telemetry for Mock RTX 4090 on gpu-0
2025/09/20 23:52:45 Logged telemetry for Mock RTX 4090 on gpu-0
2025/09/20 23:52:45 Logged telemetry for Mock RTX 4070 on gpu-2
2025/09/20 23:52:45 Logged telemetry for Mock RTX 4080 on gpu-1
2025/09/20 23:52:47 No jobs in queue. Predicting idle period. Sending sleep command.
2025/09/20 23:52:47 Would send sleep command to GPU agent
2025/09/20 23:52:47 Logged telemetry for Mock RTX 4080 on gpu-1
2025/09/20 23:52:47 Logged telemetry for Mock RTX 4090 on gpu-0
2025/09/20 23:52:47 Logged telemetry for Mock RTX 4070 on gpu-2
2025/09/20 23:52:49 Logged telemetry for Mock RTX 4070 on gpu-2
2025/09/20 23:52:49 Logged telemetry for Mock RTX 4080 on gpu-1
2025/09/20 23:52:49 Logged telemetry for Mock RTX 4090 on gpu-0
2025/09/20 23:52:51 Logged telemetry for Mock RTX 4090 on gpu-0
2025/09/20 23:52:51 Logged telemetry for Mock RTX 4070 on gpu-2
2025/09/20 23:52:51 Logged telemetry for Mock RTX 4080 on gpu-1
2025/09/20 23:52:52 No jobs in queue. Predicting idle period. Sending sleep command.
2025/09/20 23:52:52 Would send sleep command to GPU agent
2025/09/20 23:52:53 Logged telemetry for Mock RTX 4080 on gpu-1
2025/09/20 23:52:53 Logged telemetry for Mock RTX 4090 on gpu-0
2025/09/20 23:52:53 Logged telemetry for Mock RTX 4070 on gpu-2
2025/09/20 23:52:55 Logged telemetry for Mock RTX 4070 on gpu-2
2025/09/20 23:52:55 Logged telemetry for Mock RTX 4090 on gpu-0
2025/09/20 23:52:55 Logged telemetry for Mock RTX 4080 on gpu-1
2025/09/20 23:52:57 No jobs in queue. Predicting idle period. Sending sleep command.
2025/09/20 23:52:57 Would send sleep command to GPU agent
2025/09/20 23:52:57 Logged telemetry for Mock RTX 4080 on gpu-1
2025/09/20 23:52:57 Logged telemetry for Mock RTX 4070 on gpu-2
2025/09/20 23:52:57 Logged telemetry for Mock RTX 4090 on gpu-0
2025/09/20 23:52:59 Logged telemetry for Mock RTX 4080 on gpu-1
2025/09/20 23:52:59 Logged telemetry for Mock RTX 4090 on gpu-0
2025/09/20 23:52:59 Logged telemetry for Mock RTX 4070 on gpu-2
2025/09/20 23:53:01 Logged telemetry for Mock RTX 4070 on gpu-2
2025/09/20 23:53:01 Logged telemetry for Mock RTX 4090 on gpu-0
2025/09/20 23:53:01 Logged telemetry for Mock RTX 4080 on gpu-1
2025/09/20 23:53:02 No jobs in queue. Predicting idle period. Sending sleep command.
2025/09/20 23:53:02 Would send sleep command to GPU agent
2025/09/20 23:53:03 Logged telemetry for Mock RTX 4080 on gpu-1
2025/09/20 23:53:03 Logged telemetry for Mock RTX 4070 on gpu-2
2025/09/20 23:53:03 Logged telemetry for Mock RTX 4090 on gpu-0
2025/09/20 23:53:05 Logged telemetry for Mock RTX 4090 on gpu-0
2025/09/20 23:53:05 Logged telemetry for Mock RTX 4080 on gpu-1
2025/09/20 23:53:05 Logged telemetry for Mock RTX 4070 on gpu-2
2025/09/20 23:53:07 No jobs in queue. Predicting idle period. Sending sleep command.
2025/09/20 23:53:07 Would send sleep command to GPU agent
2025/09/20 23:53:07 Logged telemetry for Mock RTX 4070 on gpu-2
2025/09/20 23:53:07 Logged telemetry for Mock RTX 4090 on gpu-0
2025/09/20 23:53:07 Logged telemetry for Mock RTX 4080 on gpu-1
2025/09/20 23:53:09 Logged telemetry for Mock RTX 4080 on gpu-1
2025/09/20 23:53:09 Logged telemetry for Mock RTX 4070 on gpu-2
2025/09/20 23:53:09 Logged telemetry for Mock RTX 4090 on gpu-0
2025/09/20 23:53:11 Logged telemetry for Mock RTX 4090 on gpu-0
2025/09/20 23:53:11 Logged telemetry for Mock RTX 4080 on gpu-1
2025/09/20 23:53:11 Logged telemetry for Mock RTX 4070 on gpu-2
2025/09/20 23:53:12 No jobs in queue. Predicting idle period. Sending sleep command.
2025/09/20 23:53:12 Would send sleep command to GPU agent
2025/09/20 23:53:13 Logged telemetry for Mock RTX 4070 on gpu-2
2025/09/20 23:53:13 Logged telemetry for Mock RTX 4090 on gpu-0
2025/09/20 23:53:13 Logged telemetry for Mock RTX 4080 on gpu-1
2025/09/20 23:53:15 Logged telemetry for Mock RTX 4080 on gpu-1
2025/09/20 23:53:15 Logged telemetry for Mock RTX 4070 on gpu-2
2025/09/20 23:53:15 Logged telemetry for Mock RTX 4090 on gpu-0
2025/09/20 23:53:17 No jobs in queue. Predicting idle period. Sending sleep command.
2025/09/20 23:53:17 Would send sleep command to GPU agent
2025/09/20 23:53:17 Logged telemetry for Mock RTX 4090 on gpu-0
2025/09/20 23:53:17 Logged telemetry for Mock RTX 4080 on gpu-1
2025/09/20 23:53:17 Logged telemetry for Mock RTX 4070 on gpu-2
2025/09/20 23:53:19 Logged telemetry for Mock RTX 4070 on gpu-2
2025/09/20 23:53:19 Logged telemetry for Mock RTX 4090 on gpu-0
2025/09/20 23:53:19 Logged telemetry for Mock RTX 4080 on gpu-1
2025/09/20 23:53:21 Logged telemetry for Mock RTX 4080 on gpu-1
2025/09/20 23:53:21 Logged telemetry for Mock RTX 4070 on gpu-2
2025/09/20 23:53:21 Logged telemetry for Mock RTX 4090 on gpu-0
2025/09/20 23:53:22 No jobs in queue. Predicting idle period. Sending sleep command.
2025/09/20 23:53:22 Would send sleep command to GPU agent
2025/09/20 23:53:23 Logged telemetry for Mock RTX 4090 on gpu-0
2025/09/20 23:53:23 Logged telemetry for Mock RTX 4080 on gpu-1
2025/09/20 23:53:23 Logged telemetry for Mock RTX 4070 on gpu-2
2025/09/20 23:53:25 Logged telemetry for Mock RTX 4070 on gpu-2
2025/09/20 23:53:25 Logged telemetry for Mock RTX 4090 on gpu-0
2025/09/20 23:53:25 Logged telemetry for Mock RTX 4080 on gpu-1
2025/09/20 23:53:27 No jobs in queue. Predicting idle period. Sending sleep command.
2025/09/20 23:53:27 Would send sleep command to GPU agent
2025/09/20 23:53:27 Logged telemetry for Mock RTX 4080 on gpu-1
2025/09/20 23:53:27 Logged telemetry for Mock RTX 4070 on gpu-2
2025/09/20 23:53:27 Logged telemetry for Mock RTX 4090 on gpu-0
2025/09/20 23:53:29 Logged telemetry for Mock RTX 4090 on gpu-0
2025/09/20 23:53:29 Logged telemetry for Mock RTX 4080 on gpu-1
2025/09/20 23:53:29 Logged telemetry for Mock RTX 4070 on gpu-2
2025/09/20 23:53:31 Logged telemetry for Mock RTX 4090 on gpu-0
2025/09/20 23:53:31 Logged telemetry for Mock RTX 4070 on gpu-2
2025/09/20 23:53:31 Logged telemetry for Mock RTX 4080 on gpu-1
2025/09/20 23:53:32 No jobs in queue. Predicting idle period. Sending sleep command.
2025/09/20 23:53:32 Would send sleep command to GPU agent
2025/09/20 23:53:33 Logged telemetry for Mock RTX 4080 on gpu-1
2025/09/20 23:53:33 Logged telemetry for Mock RTX 4090 on gpu-0
2025/09/20 23:53:33 Logged telemetry for Mock RTX 4070 on gpu-2
2025/09/20 23:53:35 Logged telemetry for Mock RTX 4070 on gpu-2
2025/09/20 23:53:35 Logged telemetry for Mock RTX 4080 on gpu-1
2025/09/20 23:53:35 Logged telemetry for Mock RTX 4090 on gpu-0
2025/09/20 23:53:37 No jobs in queue. Predicting idle period. Sending sleep command.
2025/09/20 23:53:37 Would send sleep command to GPU agent
2025/09/20 23:53:37 Logged telemetry for Mock RTX 4090 on gpu-0
2025/09/20 23:53:37 Logged telemetry for Mock RTX 4070 on gpu-2
2025/09/20 23:53:37 Logged telemetry for Mock RTX 4080 on gpu-1
2025/09/20 23:53:39 Logged telemetry for Mock RTX 4080 on gpu-1
2025/09/20 23:53:39 Logged telemetry for Mock RTX 4090 on gpu-0
2025/09/20 23:53:39 Logged telemetry for Mock RTX 4070 on gpu-2
2025/09/20 23:53:41 Logged telemetry for Mock RTX 4070 on gpu-2
2025/09/20 23:53:41 Logged telemetry for Mock RTX 4080 on gpu-1
2025/09/20 23:53:41 Logged telemetry for Mock RTX 4090 on gpu-0
2025/09/20 23:53:42 No jobs in queue. Predicting idle period. Sending sleep command.
2025/09/20 23:53:42 Would send sleep command to GPU agent
2025/09/20 23:53:43 Logged telemetry for Mock RTX 4090 on gpu-0
2025/09/20 23:53:43 Logged telemetry for Mock RTX 4070 on gpu-2
2025/09/20 23:53:43 Logged telemetry for Mock RTX 4080 on gpu-1
2025/09/20 23:53:45 Logged telemetry for Mock RTX 4080 on gpu-1
2025/09/20 23:53:45 Logged telemetry for Mock RTX 4090 on gpu-0
2025/09/20 23:53:45 Logged telemetry for Mock RTX 4070 on gpu-2
2025/09/20 23:53:47 No jobs in queue. Predicting idle period. Sending sleep command.
2025/09/20 23:53:47 Would send sleep command to GPU agent
2025/09/20 23:53:47 Logged telemetry for Mock RTX 4070 on gpu-2
2025/09/20 23:53:47 Logged telemetry for Mock RTX 4080 on gpu-1
2025/09/20 23:53:47 Logged telemetry for Mock RTX 4090 on gpu-0
2025/09/20 23:53:49 Logged telemetry for Mock RTX 4070 on gpu-2
2025/09/20 23:53:49 Logged telemetry for Mock RTX 4090 on gpu-0
2025/09/20 23:53:49 Logged telemetry for Mock RTX 4080 on gpu-1
2025/09/20 23:53:51 Logged telemetry for Mock RTX 4080 on gpu-1
2025/09/20 23:53:51 Logged telemetry for Mock RTX 4090 on gpu-0
2025/09/20 23:53:51 Logged telemetry for Mock RTX 4070 on gpu-2
2025/09/20 23:53:52 No jobs in queue. Predicting idle period. Sending sleep command.
2025/09/20 23:53:52 Would send sleep command to GPU agent
2025/09/20 23:53:53 Logged telemetry for Mock RTX 4070 on gpu-2
2025/09/20 23:53:53 Logged telemetry for Mock RTX 4080 on gpu-1
2025/09/20 23:53:53 Logged telemetry for Mock RTX 4090 on gpu-0
2025/09/20 23:53:55 Logged telemetry for Mock RTX 4090 on gpu-0
2025/09/20 23:53:55 Logged telemetry for Mock RTX 4070 on gpu-2
2025/09/20 23:53:55 Logged telemetry for Mock RTX 4080 on gpu-1
2025/09/20 23:53:57 No jobs in queue. Predicting idle period. Sending sleep command.
2025/09/20 23:53:57 Would send sleep command to GPU agent
2025/09/20 23:53:57 Logged telemetry for Mock RTX 4080 on gpu-1
2025/09/20 23:53:57 Logged telemetry for Mock RTX 4090 on gpu-0
2025/09/20 23:53:57 Logged telemetry for Mock RTX 4070 on gpu-2
2025/09/20 23:53:59 Logged telemetry for Mock RTX 4070 on gpu-2
2025/09/20 23:53:59 Logged telemetry for Mock RTX 4090 on gpu-0
2025/09/20 23:53:59 Logged telemetry for Mock RTX 4080 on gpu-1
2025/09/20 23:54:01 Logged telemetry for Mock RTX 4080 on gpu-1
2025/09/20 23:54:01 Logged telemetry for Mock RTX 4070 on gpu-2
2025/09/20 23:54:01 Logged telemetry for Mock RTX 4090 on gpu-0
2025/09/20 23:54:02 No jobs in queue. Predicting idle period. Sending sleep command.
2025/09/20 23:54:02 Would send sleep command to GPU agent
2025/09/20 23:54:03 Logged telemetry for Mock RTX 4090 on gpu-0
2025/09/20 23:54:03 Logged telemetry for Mock RTX 4080 on gpu-1
2025/09/20 23:54:03 Logged telemetry for Mock RTX 4070 on gpu-2
2025/09/20 23:54:05 Logged telemetry for Mock RTX 4070 on gpu-2
2025/09/20 23:54:05 Logged telemetry for Mock RTX 4090 on gpu-0
2025/09/20 23:54:05 Logged telemetry for Mock RTX 4080 on gpu-1
2025/09/20 23:54:07 No jobs in queue. Predicting idle period. Sending sleep command.
2025/09/20 23:54:07 Would send sleep command to GPU agent
2025/09/20 23:54:07 Logged telemetry for Mock RTX 4080 on gpu-1
2025/09/20 23:54:07 Logged telemetry for Mock RTX 4070 on gpu-2
2025/09/20 23:54:07 Logged telemetry for Mock RTX 4090 on gpu-0
2025/09/20 23:54:09 Logged telemetry for Mock RTX 4090 on gpu-0
2025/09/20 23:54:09 Logged telemetry for Mock RTX 4080 on gpu-1
2025/09/20 23:54:09 Logged telemetry for Mock RTX 4070 on gpu-2
2025/09/20 23:54:11 Logged telemetry for Mock RTX 4070 on gpu-2
2025/09/20 23:54:11 Logged telemetry for Mock RTX 4090 on gpu-0
2025/09/20 23:54:11 Logged telemetry for Mock RTX 4080 on gpu-1
2025/09/20 23:54:12 No jobs in queue. Predicting idle period. Sending sleep command.
2025/09/20 23:54:12 Would send sleep command to GPU agent
2025/09/20 23:54:13 Logged telemetry for Mock RTX 4080 on gpu-1
2025/09/20 23:54:13 Logged telemetry for Mock RTX 4090 on gpu-0
2025/09/20 23:54:13 Logged telemetry for Mock RTX 4070 on gpu-2
2025/09/20 23:54:15 Logged telemetry for Mock RTX 4070 on gpu-2
2025/09/20 23:54:15 Logged telemetry for Mock RTX 4080 on gpu-1
2025/09/20 23:54:15 Logged telemetry for Mock RTX 4090 on gpu-0
2025/09/20 23:54:17 No jobs in queue. Predicting idle period. Sending sleep command.
2025/09/20 23:54:17 Would send sleep command to GPU agent
2025/09/20 23:54:17 Logged telemetry for Mock RTX 4090 on gpu-0
2025/09/20 23:54:17 Logged telemetry for Mock RTX 4070 on gpu-2
2025/09/20 23:54:17 Logged telemetry for Mock RTX 4080 on gpu-1
2025/09/20 23:54:19 Logged telemetry for Mock RTX 4080 on gpu-1
2025/09/20 23:54:19 Logged telemetry for Mock RTX 4090 on gpu-0
2025/09/20 23:54:19 Logged telemetry for Mock RTX 4070 on gpu-2
2025/09/20 23:54:21 Logged telemetry for Mock RTX 4070 on gpu-2
2025/09/20 23:54:21 Logged telemetry for Mock RTX 4080 on gpu-1
2025/09/20 23:54:21 Logged telemetry for Mock RTX 4090 on gpu-0
2025/09/20 23:54:22 No jobs in queue. Predicting idle period. Sending sleep command.
2025/09/20 23:54:22 Would send sleep command to GPU agent
2025/09/20 23:54:23 Logged telemetry for Mock RTX 4090 on gpu-0
2025/09/20 23:54:23 Logged telemetry for Mock RTX 4070 on gpu-2
2025/09/20 23:54:23 Logged telemetry for Mock RTX 4080 on gpu-1
2025/09/20 23:54:25 Logged telemetry for Mock RTX 4080 on gpu-1
2025/09/20 23:54:25 Logged telemetry for Mock RTX 4070 on gpu-2
2025/09/20 23:54:25 Logged telemetry for Mock RTX 4090 on gpu-0
2025/09/20 23:54:27 No jobs in queue. Predicting idle period. Sending sleep command.
2025/09/20 23:54:27 Would send sleep command to GPU agent
2025/09/20 23:54:27 Logged telemetry for Mock RTX 4090 on gpu-0
2025/09/20 23:54:27 Logged telemetry for Mock RTX 4080 on gpu-1
2025/09/20 23:54:27 Logged telemetry for Mock RTX 4070 on gpu-2
2025/09/20 23:54:29 Logged telemetry for Mock RTX 4070 on gpu-2
2025/09/20 23:54:29 Logged telemetry for Mock RTX 4090 on gpu-0
2025/09/20 23:54:29 Logged telemetry for Mock RTX 4080 on gpu-1
2025/09/20 23:54:31 Logged telemetry for Mock RTX 4080 on gpu-1
2025/09/20 23:54:31 Logged telemetry for Mock RTX 4070 on gpu-2
2025/09/20 23:54:31 Logged telemetry for Mock RTX 4090 on gpu-0
2025/09/20 23:54:32 No jobs in queue. Predicting idle period. Sending sleep command.
2025/09/20 23:54:32 Would send sleep command to GPU agent
2025/09/20 23:54:33 Logged telemetry for Mock RTX 4090 on gpu-0
2025/09/20 23:54:33 Logged telemetry for Mock RTX 4080 on gpu-1
2025/09/20 23:54:33 Logged telemetry for Mock RTX 4070 on gpu-2
2025/09/20 23:54:35 Logged telemetry for Mock RTX 4070 on gpu-2
2025/09/20 23:54:35 Logged telemetry for Mock RTX 4090 on gpu-0
2025/09/20 23:54:35 Logged telemetry for Mock RTX 4080 on gpu-1
2025/09/20 23:54:37 No jobs in queue. Predicting idle period. Sending sleep command.
2025/09/20 23:54:37 Would send sleep command to GPU agent
2025/09/20 23:54:37 Logged telemetry for Mock RTX 4070 on gpu-2
2025/09/20 23:54:37 Logged telemetry for Mock RTX 4080 on gpu-1
2025/09/20 23:54:37 Logged telemetry for Mock RTX 4090 on gpu-0
2025/09/20 23:54:39 Logged telemetry for Mock RTX 4090 on gpu-0
2025/09/20 23:54:39 Logged telemetry for Mock RTX 4070 on gpu-2
2025/09/20 23:54:39 Logged telemetry for Mock RTX 4080 on gpu-1
2025/09/20 23:54:41 Logged telemetry for Mock RTX 4080 on gpu-1
2025/09/20 23:54:41 Logged telemetry for Mock RTX 4090 on gpu-0
2025/09/20 23:54:41 Logged telemetry for Mock RTX 4070 on gpu-2
2025/09/20 23:54:42 No jobs in queue. Predicting idle period. Sending sleep command.
2025/09/20 23:54:42 Would send sleep command to GPU agent
2025/09/20 23:54:43 Logged telemetry for Mock RTX 4070 on gpu-2
2025/09/20 23:54:43 Logged telemetry for Mock RTX 4080 on gpu-1
2025/09/20 23:54:43 Logged telemetry for Mock RTX 4090 on gpu-0
2025/09/20 23:54:45 Logged telemetry for Mock RTX 4090 on gpu-0
2025/09/20 23:54:45 Logged telemetry for Mock RTX 4070 on gpu-2
2025/09/20 23:54:45 Logged telemetry for Mock RTX 4080 on gpu-1
2025/09/20 23:54:47 No jobs in queue. Predicting idle period. Sending sleep command.
2025/09/20 23:54:47 Would send sleep command to GPU agent
2025/09/20 23:54:47 Logged telemetry for Mock RTX 4080 on gpu-1
2025/09/20 23:54:47 Logged telemetry for Mock RTX 4090 on gpu-0
2025/09/20 23:54:47 Logged telemetry for Mock RTX 4070 on gpu-2
2025/09/20 23:54:49 Logged telemetry for Mock RTX 4070 on gpu-2
2025/09/20 23:54:49 Logged telemetry for Mock RTX 4080 on gpu-1
2025/09/20 23:54:49 Logged telemetry for Mock RTX 4090 on gpu-0
2025/09/20 23:54:51 Logged telemetry for Mock RTX 4090 on gpu-0
2025/09/20 23:54:51 Logged telemetry for Mock RTX 4070 on gpu-2
2025/09/20 23:54:51 Logged telemetry for Mock RTX 4080 on gpu-1
2025/09/20 23:54:52 No jobs in queue. Predicting idle period. Sending sleep command.
2025/09/20 23:54:52 Would send sleep command to GPU agent
2025/09/20 23:54:53 Logged telemetry for Mock RTX 4080 on gpu-1
2025/09/20 23:54:53 Logged telemetry for Mock RTX 4090 on gpu-0
2025/09/20 23:54:53 Logged telemetry for Mock RTX 4070 on gpu-2
2025/09/20 23:54:55 Logged telemetry for Mock RTX 4070 on gpu-2
2025/09/20 23:54:55 Logged telemetry for Mock RTX 4080 on gpu-1
2025/09/20 23:54:55 Logged telemetry for Mock RTX 4090 on gpu-0
2025/09/20 23:54:57 No jobs in queue. Predicting idle period. Sending sleep command.
2025/09/20 23:54:57 Would send sleep command to GPU agent
2025/09/20 23:54:57 Logged telemetry for Mock RTX 4090 on gpu-0
2025/09/20 23:54:57 Logged telemetry for Mock RTX 4070 on gpu-2
2025/09/20 23:54:57 Logged telemetry for Mock RTX 4080 on gpu-1
2025/09/20 23:54:59 Logged telemetry for Mock RTX 4080 on gpu-1
2025/09/20 23:54:59 Logged telemetry for Mock RTX 4090 on gpu-0
2025/09/20 23:54:59 Logged telemetry for Mock RTX 4070 on gpu-2
2025/09/20 23:55:01 Logged telemetry for Mock RTX 4070 on gpu-2
2025/09/20 23:55:01 Logged telemetry for Mock RTX 4080 on gpu-1
2025/09/20 23:55:01 Logged telemetry for Mock RTX 4090 on gpu-0
2025/09/20 23:55:02 No jobs in queue. Predicting idle period. Sending sleep command.
2025/09/20 23:55:02 Would send sleep command to GPU agent
2025/09/20 23:55:03 Logged telemetry for Mock RTX 4090 on gpu-0
2025/09/20 23:55:03 Logged telemetry for Mock RTX 4070 on gpu-2
2025/09/20 23:55:03 Logged telemetry for Mock RTX 4080 on gpu-1
2025/09/20 23:55:05 Logged telemetry for Mock RTX 4080 on gpu-1
2025/09/20 23:55:05 Logged telemetry for Mock RTX 4090 on gpu-0
2025/09/20 23:55:05 Logged telemetry for Mock RTX 4070 on gpu-2
2025/09/20 23:55:07 No jobs in queue. Predicting idle period. Sending sleep command.
2025/09/20 23:55:07 Would send sleep command to GPU agent
2025/09/20 23:55:07 Logged telemetry for Mock RTX 4080 on gpu-1
2025/09/20 23:55:07 Logged telemetry for Mock RTX 4090 on gpu-0
2025/09/20 23:55:07 Logged telemetry for Mock RTX 4070 on gpu-2
2025/09/20 23:55:09 Logged telemetry for Mock RTX 4070 on gpu-2
2025/09/20 23:55:09 Logged telemetry for Mock RTX 4080 on gpu-1
2025/09/20 23:55:09 Logged telemetry for Mock RTX 4090 on gpu-0
2025/09/20 23:55:11 Logged telemetry for Mock RTX 4090 on gpu-0
2025/09/20 23:55:11 Logged telemetry for Mock RTX 4070 on gpu-2
2025/09/20 23:55:11 Logged telemetry for Mock RTX 4080 on gpu-1
2025/09/20 23:55:12 No jobs in queue. Predicting idle period. Sending sleep command.
2025/09/20 23:55:12 Would send sleep command to GPU agent
2025/09/20 23:55:13 Logged telemetry for Mock RTX 4080 on gpu-1
2025/09/20 23:55:13 Logged telemetry for Mock RTX 4090 on gpu-0
2025/09/20 23:55:13 Logged telemetry for Mock RTX 4070 on gpu-2
2025/09/20 23:55:15 Logged telemetry for Mock RTX 4070 on gpu-2
2025/09/20 23:55:15 Logged telemetry for Mock RTX 4080 on gpu-1
2025/09/20 23:55:15 Logged telemetry for Mock RTX 4090 on gpu-0
2025/09/20 23:55:17 No jobs in queue. Predicting idle period. Sending sleep command.
2025/09/20 23:55:17 Would send sleep command to GPU agent
2025/09/20 23:55:17 Logged telemetry for Mock RTX 4090 on gpu-0
2025/09/20 23:55:17 Logged telemetry for Mock RTX 4070 on gpu-2
2025/09/20 23:55:17 Logged telemetry for Mock RTX 4080 on gpu-1
2025/09/20 23:55:19 Logged telemetry for Mock RTX 4080 on gpu-1
2025/09/20 23:55:19 Logged telemetry for Mock RTX 4090 on gpu-0
2025/09/20 23:55:19 Logged telemetry for Mock RTX 4070 on gpu-2
2025/09/20 23:55:21 Logged telemetry for Mock RTX 4070 on gpu-2
2025/09/20 23:55:21 Logged telemetry for Mock RTX 4080 on gpu-1
2025/09/20 23:55:21 Logged telemetry for Mock RTX 4090 on gpu-0
2025/09/20 23:55:22 No jobs in queue. Predicting idle period. Sending sleep command.
2025/09/20 23:55:22 Would send sleep command to GPU agent
2025/09/20 23:55:23 Logged telemetry for Mock RTX 4090 on gpu-0
2025/09/20 23:55:23 Logged telemetry for Mock RTX 4070 on gpu-2
2025/09/20 23:55:23 Logged telemetry for Mock RTX 4080 on gpu-1
2025/09/20 23:55:25 Logged telemetry for Mock RTX 4080 on gpu-1
2025/09/20 23:55:25 Logged telemetry for Mock RTX 4090 on gpu-0
2025/09/20 23:55:25 Logged telemetry for Mock RTX 4070 on gpu-2
2025/09/20 23:55:27 No jobs in queue. Predicting idle period. Sending sleep command.
2025/09/20 23:55:27 Would send sleep command to GPU agent
2025/09/20 23:55:27 Logged telemetry for Mock RTX 4070 on gpu-2
2025/09/20 23:55:27 Logged telemetry for Mock RTX 4080 on gpu-1
2025/09/20 23:55:27 Logged telemetry for Mock RTX 4090 on gpu-0
2025/09/20 23:55:29 Logged telemetry for Mock RTX 4090 on gpu-0
2025/09/20 23:55:29 Logged telemetry for Mock RTX 4070 on gpu-2
2025/09/20 23:55:29 Logged telemetry for Mock RTX 4080 on gpu-1
2025/09/20 23:55:31 Logged telemetry for Mock RTX 4080 on gpu-1
2025/09/20 23:55:31 Logged telemetry for Mock RTX 4090 on gpu-0
2025/09/20 23:55:31 Logged telemetry for Mock RTX 4070 on gpu-2
2025/09/20 23:55:32 No jobs in queue. Predicting idle period. Sending sleep command.
2025/09/20 23:55:32 Would send sleep command to GPU agent
2025/09/20 23:55:33 Logged telemetry for Mock RTX 4080 on gpu-1
2025/09/20 23:55:33 Logged telemetry for Mock RTX 4070 on gpu-2
2025/09/20 23:55:33 Logged telemetry for Mock RTX 4090 on gpu-0
2025/09/20 23:55:35 Logged telemetry for Mock RTX 4090 on gpu-0
2025/09/20 23:55:35 Logged telemetry for Mock RTX 4070 on gpu-2
2025/09/20 23:55:35 Logged telemetry for Mock RTX 4080 on gpu-1
2025/09/20 23:55:37 No jobs in queue. Predicting idle period. Sending sleep command.
2025/09/20 23:55:37 Would send sleep command to GPU agent
2025/09/20 23:55:37 Logged telemetry for Mock RTX 4080 on gpu-1
2025/09/20 23:55:37 Logged telemetry for Mock RTX 4090 on gpu-0
2025/09/20 23:55:37 Logged telemetry for Mock RTX 4070 on gpu-2
2025/09/20 23:55:39 Logged telemetry for Mock RTX 4070 on gpu-2
2025/09/20 23:55:39 Logged telemetry for Mock RTX 4080 on gpu-1
2025/09/20 23:55:39 Logged telemetry for Mock RTX 4090 on gpu-0
2025/09/20 23:55:41 Logged telemetry for Mock RTX 4090 on gpu-0
2025/09/20 23:55:41 Logged telemetry for Mock RTX 4070 on gpu-2
2025/09/20 23:55:41 Logged telemetry for Mock RTX 4080 on gpu-1
2025/09/20 23:55:42 No jobs in queue. Predicting idle period. Sending sleep command.
2025/09/20 23:55:42 Would send sleep command to GPU agent
2025/09/20 23:55:43 Logged telemetry for Mock RTX 4080 on gpu-1
2025/09/20 23:55:43 Logged telemetry for Mock RTX 4090 on gpu-0
2025/09/20 23:55:43 Logged telemetry for Mock RTX 4070 on gpu-2
2025/09/20 23:55:45 Logged telemetry for Mock RTX 4070 on gpu-2
2025/09/20 23:55:45 Logged telemetry for Mock RTX 4080 on gpu-1
2025/09/20 23:55:45 Logged telemetry for Mock RTX 4090 on gpu-0
2025/09/20 23:55:47 No jobs in queue. Predicting idle period. Sending sleep command.
2025/09/20 23:55:47 Would send sleep command to GPU agent
2025/09/20 23:55:47 Logged telemetry for Mock RTX 4090 on gpu-0
2025/09/20 23:55:47 Logged telemetry for Mock RTX 4080 on gpu-1
2025/09/20 23:55:47 Logged telemetry for Mock RTX 4070 on gpu-2
2025/09/20 23:55:49 Logged telemetry for Mock RTX 4070 on gpu-2
2025/09/20 23:55:49 Logged telemetry for Mock RTX 4090 on gpu-0
2025/09/20 23:55:49 Logged telemetry for Mock RTX 4080 on gpu-1
2025/09/20 23:55:51 Logged telemetry for Mock RTX 4080 on gpu-1
2025/09/20 23:55:51 Logged telemetry for Mock RTX 4070 on gpu-2
2025/09/20 23:55:51 Logged telemetry for Mock RTX 4090 on gpu-0
2025/09/20 23:55:52 No jobs in queue. Predicting idle period. Sending sleep command.
2025/09/20 23:55:52 Would send sleep command to GPU agent
2025/09/20 23:55:53 Logged telemetry for Mock RTX 4090 on gpu-0
2025/09/20 23:55:53 Logged telemetry for Mock RTX 4080 on gpu-1
2025/09/20 23:55:53 Logged telemetry for Mock RTX 4070 on gpu-2
2025/09/20 23:55:55 Logged telemetry for Mock RTX 4090 on gpu-0
2025/09/20 23:55:55 Logged telemetry for Mock RTX 4070 on gpu-2
2025/09/20 23:55:55 Logged telemetry for Mock RTX 4080 on gpu-1
2025/09/20 23:55:57 No jobs in queue. Predicting idle period. Sending sleep command.
2025/09/20 23:55:57 Would send sleep command to GPU agent
2025/09/20 23:55:57 Logged telemetry for Mock RTX 4080 on gpu-1
2025/09/20 23:55:57 Logged telemetry for Mock RTX 4070 on gpu-2
2025/09/20 23:55:57 Logged telemetry for Mock RTX 4090 on gpu-0
2025/09/20 23:55:59 Logged telemetry for Mock RTX 4090 on gpu-0
2025/09/20 23:55:59 Logged telemetry for Mock RTX 4080 on gpu-1
2025/09/20 23:55:59 Logged telemetry for Mock RTX 4070 on gpu-2
2025/09/20 23:56:01 Logged telemetry for Mock RTX 4090 on gpu-0
2025/09/20 23:56:01 Logged telemetry for Mock RTX 4080 on gpu-1
2025/09/20 23:56:01 Logged telemetry for Mock RTX 4070 on gpu-2
2025/09/20 23:56:02 No jobs in queue. Predicting idle period. Sending sleep command.
2025/09/20 23:56:02 Would send sleep command to GPU agent
2025/09/20 23:56:03 Logged telemetry for Mock RTX 4070 on gpu-2
2025/09/20 23:56:03 Logged telemetry for Mock RTX 4090 on gpu-0
2025/09/20 23:56:03 Logged telemetry for Mock RTX 4080 on gpu-1
2025/09/20 23:56:05 Logged telemetry for Mock RTX 4070 on gpu-2
2025/09/20 23:56:05 Logged telemetry for Mock RTX 4080 on gpu-1
2025/09/20 23:56:05 Logged telemetry for Mock RTX 4090 on gpu-0
2025/09/20 23:56:07 No jobs in queue. Predicting idle period. Sending sleep command.
2025/09/20 23:56:07 Would send sleep command to GPU agent
2025/09/20 23:56:07 Logged telemetry for Mock RTX 4090 on gpu-0
2025/09/20 23:56:07 Logged telemetry for Mock RTX 4070 on gpu-2
2025/09/20 23:56:07 Logged telemetry for Mock RTX 4080 on gpu-1
2025/09/20 23:56:09 Logged telemetry for Mock RTX 4080 on gpu-1
2025/09/20 23:56:09 Logged telemetry for Mock RTX 4090 on gpu-0
2025/09/20 23:56:09 Logged telemetry for Mock RTX 4070 on gpu-2
2025/09/20 23:56:11 Logged telemetry for Mock RTX 4070 on gpu-2
2025/09/20 23:56:11 Logged telemetry for Mock RTX 4080 on gpu-1
2025/09/20 23:56:11 Logged telemetry for Mock RTX 4090 on gpu-0
2025/09/20 23:56:12 No jobs in queue. Predicting idle period. Sending sleep command.
2025/09/20 23:56:12 Would send sleep command to GPU agent
2025/09/20 23:56:13 Logged telemetry for Mock RTX 4090 on gpu-0
2025/09/20 23:56:13 Logged telemetry for Mock RTX 4070 on gpu-2
2025/09/20 23:56:13 Logged telemetry for Mock RTX 4080 on gpu-1
2025/09/20 23:56:15 Logged telemetry for Mock RTX 4080 on gpu-1
2025/09/20 23:56:15 Logged telemetry for Mock RTX 4090 on gpu-0
2025/09/20 23:56:15 Logged telemetry for Mock RTX 4070 on gpu-2
2025/09/20 23:56:17 No jobs in queue. Predicting idle period. Sending sleep command.
2025/09/20 23:56:17 Would send sleep command to GPU agent
2025/09/20 23:56:17 Logged telemetry for Mock RTX 4070 on gpu-2
2025/09/20 23:56:17 Logged telemetry for Mock RTX 4080 on gpu-1
2025/09/20 23:56:17 Logged telemetry for Mock RTX 4090 on gpu-0
2025/09/20 23:56:19 Logged telemetry for Mock RTX 4090 on gpu-0
2025/09/20 23:56:19 Logged telemetry for Mock RTX 4070 on gpu-2
2025/09/20 23:56:19 Logged telemetry for Mock RTX 4080 on gpu-1
2025/09/20 23:56:21 Logged telemetry for Mock RTX 4080 on gpu-1
2025/09/20 23:56:21 Logged telemetry for Mock RTX 4090 on gpu-0
2025/09/20 23:56:21 Logged telemetry for Mock RTX 4070 on gpu-2
2025/09/20 23:56:22 No jobs in queue. Predicting idle period. Sending sleep command.
2025/09/20 23:56:22 Would send sleep command to GPU agent
2025/09/20 23:56:23 Logged telemetry for Mock RTX 4070 on gpu-2
2025/09/20 23:56:23 Logged telemetry for Mock RTX 4080 on gpu-1
2025/09/20 23:56:23 Logged telemetry for Mock RTX 4090 on gpu-0
2025/09/20 23:56:25 Logged telemetry for Mock RTX 4090 on gpu-0
2025/09/20 23:56:25 Logged telemetry for Mock RTX 4070 on gpu-2
2025/09/20 23:56:25 Logged telemetry for Mock RTX 4080 on gpu-1
2025/09/20 23:56:27 No jobs in queue. Predicting idle period. Sending sleep command.
2025/09/20 23:56:27 Would send sleep command to GPU agent
2025/09/20 23:56:27 Logged telemetry for Mock RTX 4080 on gpu-1
2025/09/20 23:56:27 Logged telemetry for Mock RTX 4090 on gpu-0
2025/09/20 23:56:27 Logged telemetry for Mock RTX 4070 on gpu-2
2025/09/20 23:56:29 Logged telemetry for Mock RTX 4070 on gpu-2
2025/09/20 23:56:29 Logged telemetry for Mock RTX 4080 on gpu-1
2025/09/20 23:56:29 Logged telemetry for Mock RTX 4090 on gpu-0
2025/09/20 23:56:31 Logged telemetry for Mock RTX 4090 on gpu-0
2025/09/20 23:56:31 Logged telemetry for Mock RTX 4070 on gpu-2
2025/09/20 23:56:31 Logged telemetry for Mock RTX 4080 on gpu-1
2025/09/20 23:56:32 No jobs in queue. Predicting idle period. Sending sleep command.
2025/09/20 23:56:32 Would send sleep command to GPU agent
2025/09/20 23:56:33 Logged telemetry for Mock RTX 4080 on gpu-1
2025/09/20 23:56:33 Logged telemetry for Mock RTX 4090 on gpu-0
2025/09/20 23:56:33 Logged telemetry for Mock RTX 4070 on gpu-2
2025/09/20 23:56:35 Logged telemetry for Mock RTX 4070 on gpu-2
2025/09/20 23:56:35 Logged telemetry for Mock RTX 4090 on gpu-0
2025/09/20 23:56:35 Logged telemetry for Mock RTX 4080 on gpu-1
2025/09/20 23:56:37 No jobs in queue. Predicting idle period. Sending sleep command.
2025/09/20 23:56:37 Would send sleep command to GPU agent
2025/09/20 23:56:37 Logged telemetry for Mock RTX 4080 on gpu-1
2025/09/20 23:56:37 Logged telemetry for Mock RTX 4070 on gpu-2
2025/09/20 23:56:37 Logged telemetry for Mock RTX 4090 on gpu-0
2025/09/20 23:56:39 Logged telemetry for Mock RTX 4090 on gpu-0
2025/09/20 23:56:39 Logged telemetry for Mock RTX 4070 on gpu-2
2025/09/20 23:56:39 Logged telemetry for Mock RTX 4080 on gpu-1
2025/09/20 23:56:41 Logged telemetry for Mock RTX 4080 on gpu-1
2025/09/20 23:56:41 Logged telemetry for Mock RTX 4090 on gpu-0
2025/09/20 23:56:41 Logged telemetry for Mock RTX 4070 on gpu-2
2025/09/20 23:56:42 No jobs in queue. Predicting idle period. Sending sleep command.
2025/09/20 23:56:42 Would send sleep command to GPU agent
2025/09/20 23:56:43 Logged telemetry for Mock RTX 4080 on gpu-1
2025/09/20 23:56:43 Logged telemetry for Mock RTX 4070 on gpu-2
2025/09/20 23:56:43 Logged telemetry for Mock RTX 4090 on gpu-0
2025/09/20 23:56:45 Logged telemetry for Mock RTX 4080 on gpu-1
2025/09/20 23:56:45 Logged telemetry for Mock RTX 4090 on gpu-0
2025/09/20 23:56:45 Logged telemetry for Mock RTX 4070 on gpu-2
2025/09/20 23:56:47 No jobs in queue. Predicting idle period. Sending sleep command.
2025/09/20 23:56:47 Would send sleep command to GPU agent
2025/09/20 23:56:47 Logged telemetry for Mock RTX 4070 on gpu-2
2025/09/20 23:56:47 Logged telemetry for Mock RTX 4090 on gpu-0
2025/09/20 23:56:47 Logged telemetry for Mock RTX 4080 on gpu-1
2025/09/20 23:56:49 Logged telemetry for Mock RTX 4080 on gpu-1
2025/09/20 23:56:49 Logged telemetry for Mock RTX 4070 on gpu-2
2025/09/20 23:56:49 Logged telemetry for Mock RTX 4090 on gpu-0
2025/09/20 23:56:51 Logged telemetry for Mock RTX 4090 on gpu-0
2025/09/20 23:56:51 Logged telemetry for Mock RTX 4080 on gpu-1
2025/09/20 23:56:51 Logged telemetry for Mock RTX 4070 on gpu-2
2025/09/20 23:56:52 No jobs in queue. Predicting idle period. Sending sleep command.
2025/09/20 23:56:52 Would send sleep command to GPU agent
2025/09/20 23:56:53 Logged telemetry for Mock RTX 4070 on gpu-2
2025/09/20 23:56:53 Logged telemetry for Mock RTX 4090 on gpu-0
2025/09/20 23:56:53 Logged telemetry for Mock RTX 4080 on gpu-1
2025/09/20 23:56:55 Logged telemetry for Mock RTX 4080 on gpu-1
2025/09/20 23:56:55 Logged telemetry for Mock RTX 4070 on gpu-2
2025/09/20 23:56:55 Logged telemetry for Mock RTX 4090 on gpu-0
2025/09/20 23:56:57 No jobs in queue. Predicting idle period. Sending sleep command.
2025/09/20 23:56:57 Would send sleep command to GPU agent
2025/09/20 23:56:57 Logged telemetry for Mock RTX 4090 on gpu-0
2025/09/20 23:56:57 Logged telemetry for Mock RTX 4080 on gpu-1
2025/09/20 23:56:57 Logged telemetry for Mock RTX 4070 on gpu-2
2025/09/20 23:56:59 Logged telemetry for Mock RTX 4070 on gpu-2
2025/09/20 23:56:59 Logged telemetry for Mock RTX 4090 on gpu-0
2025/09/20 23:56:59 Logged telemetry for Mock RTX 4080 on gpu-1
2025/09/20 23:57:01 Logged telemetry for Mock RTX 4070 on gpu-2
2025/09/20 23:57:01 Logged telemetry for Mock RTX 4080 on gpu-1
2025/09/20 23:57:01 Logged telemetry for Mock RTX 4090 on gpu-0
2025/09/20 23:57:02 No jobs in queue. Predicting idle period. Sending sleep command.
2025/09/20 23:57:02 Would send sleep command to GPU agent
2025/09/20 23:57:03 Logged telemetry for Mock RTX 4090 on gpu-0
2025/09/20 23:57:03 Logged telemetry for Mock RTX 4070 on gpu-2
2025/09/20 23:57:03 Logged telemetry for Mock RTX 4080 on gpu-1
2025/09/20 23:57:05 Logged telemetry for Mock RTX 4080 on gpu-1
2025/09/20 23:57:05 Logged telemetry for Mock RTX 4090 on gpu-0
2025/09/20 23:57:05 Logged telemetry for Mock RTX 4070 on gpu-2
2025/09/20 23:57:07 No jobs in queue. Predicting idle period. Sending sleep command.
2025/09/20 23:57:07 Would send sleep command to GPU agent
2025/09/20 23:57:07 Logged telemetry for Mock RTX 4080 on gpu-1
2025/09/20 23:57:07 Logged telemetry for Mock RTX 4070 on gpu-2
2025/09/20 23:57:07 Logged telemetry for Mock RTX 4090 on gpu-0
2025/09/20 23:57:09 Logged telemetry for Mock RTX 4090 on gpu-0
2025/09/20 23:57:09 Logged telemetry for Mock RTX 4070 on gpu-2
2025/09/20 23:57:09 Logged telemetry for Mock RTX 4080 on gpu-1
2025/09/20 23:57:11 Logged telemetry for Mock RTX 4080 on gpu-1
2025/09/20 23:57:11 Logged telemetry for Mock RTX 4070 on gpu-2
2025/09/20 23:57:11 Logged telemetry for Mock RTX 4090 on gpu-0
2025/09/20 23:57:12 No jobs in queue. Predicting idle period. Sending sleep command.
2025/09/20 23:57:12 Would send sleep command to GPU agent
2025/09/20 23:57:13 Logged telemetry for Mock RTX 4090 on gpu-0
2025/09/20 23:57:13 Logged telemetry for Mock RTX 4080 on gpu-1
2025/09/20 23:57:13 Logged telemetry for Mock RTX 4070 on gpu-2
2025/09/20 23:57:15 Logged telemetry for Mock RTX 4070 on gpu-2
2025/09/20 23:57:15 Logged telemetry for Mock RTX 4090 on gpu-0
2025/09/20 23:57:15 Logged telemetry for Mock RTX 4080 on gpu-1
2025/09/20 23:57:17 No jobs in queue. Predicting idle period. Sending sleep command.
2025/09/20 23:57:17 Would send sleep command to GPU agent
2025/09/20 23:57:17 Logged telemetry for Mock RTX 4080 on gpu-1
2025/09/20 23:57:17 Logged telemetry for Mock RTX 4070 on gpu-2
2025/09/20 23:57:17 Logged telemetry for Mock RTX 4090 on gpu-0
2025/09/20 23:57:19 Logged telemetry for Mock RTX 4090 on gpu-0
2025/09/20 23:57:19 Logged telemetry for Mock RTX 4070 on gpu-2
2025/09/20 23:57:19 Logged telemetry for Mock RTX 4080 on gpu-1
2025/09/20 23:57:21 Logged telemetry for Mock RTX 4080 on gpu-1
2025/09/20 23:57:21 Logged telemetry for Mock RTX 4090 on gpu-0
2025/09/20 23:57:21 Logged telemetry for Mock RTX 4070 on gpu-2
2025/09/20 23:57:22 No jobs in queue. Predicting idle period. Sending sleep command.
2025/09/20 23:57:22 Would send sleep command to GPU agent
2025/09/20 23:57:23 Logged telemetry for Mock RTX 4070 on gpu-2
2025/09/20 23:57:23 Logged telemetry for Mock RTX 4080 on gpu-1
2025/09/20 23:57:23 Logged telemetry for Mock RTX 4090 on gpu-0
2025/09/20 23:57:25 Logged telemetry for Mock RTX 4090 on gpu-0
2025/09/20 23:57:25 Logged telemetry for Mock RTX 4070 on gpu-2
2025/09/20 23:57:25 Logged telemetry for Mock RTX 4080 on gpu-1
2025/09/20 23:57:27 No jobs in queue. Predicting idle period. Sending sleep command.
2025/09/20 23:57:27 Would send sleep command to GPU agent
2025/09/20 23:57:27 Logged telemetry for Mock RTX 4080 on gpu-1
2025/09/20 23:57:27 Logged telemetry for Mock RTX 4090 on gpu-0
2025/09/20 23:57:27 Logged telemetry for Mock RTX 4070 on gpu-2
2025/09/20 23:57:29 Logged telemetry for Mock RTX 4070 on gpu-2
2025/09/20 23:57:29 Logged telemetry for Mock RTX 4080 on gpu-1
2025/09/20 23:57:29 Logged telemetry for Mock RTX 4090 on gpu-0
2025/09/20 23:57:31 Logged telemetry for Mock RTX 4090 on gpu-0
2025/09/20 23:57:31 Logged telemetry for Mock RTX 4080 on gpu-1
2025/09/20 23:57:31 Logged telemetry for Mock RTX 4070 on gpu-2
2025/09/20 23:57:32 No jobs in queue. Predicting idle period. Sending sleep command.
2025/09/20 23:57:32 Would send sleep command to GPU agent
2025/09/20 23:57:33 Logged telemetry for Mock RTX 4090 on gpu-0
2025/09/20 23:57:33 Logged telemetry for Mock RTX 4070 on gpu-2
2025/09/20 23:57:33 Logged telemetry for Mock RTX 4080 on gpu-1
2025/09/20 23:57:35 Logged telemetry for Mock RTX 4080 on gpu-1
2025/09/20 23:57:35 Logged telemetry for Mock RTX 4070 on gpu-2
2025/09/20 23:57:35 Logged telemetry for Mock RTX 4090 on gpu-0
2025/09/20 23:57:37 No jobs in queue. Predicting idle period. Sending sleep command.
2025/09/20 23:57:37 Would send sleep command to GPU agent
2025/09/20 23:57:37 Logged telemetry for Mock RTX 4090 on gpu-0
2025/09/20 23:57:37 Logged telemetry for Mock RTX 4080 on gpu-1
2025/09/20 23:57:37 Logged telemetry for Mock RTX 4070 on gpu-2
2025/09/20 23:57:39 Logged telemetry for Mock RTX 4070 on gpu-2
2025/09/20 23:57:39 Logged telemetry for Mock RTX 4090 on gpu-0
2025/09/20 23:57:39 Logged telemetry for Mock RTX 4080 on gpu-1
2025/09/20 23:57:41 Logged telemetry for Mock RTX 4080 on gpu-1
2025/09/20 23:57:41 Logged telemetry for Mock RTX 4070 on gpu-2
2025/09/20 23:57:41 Logged telemetry for Mock RTX 4090 on gpu-0
2025/09/20 23:57:42 No jobs in queue. Predicting idle period. Sending sleep command.
2025/09/20 23:57:42 Would send sleep command to GPU agent
2025/09/20 23:57:43 Logged telemetry for Mock RTX 4090 on gpu-0
2025/09/20 23:57:43 Logged telemetry for Mock RTX 4080 on gpu-1
2025/09/20 23:57:43 Logged telemetry for Mock RTX 4070 on gpu-2
2025/09/20 23:57:45 Logged telemetry for Mock RTX 4090 on gpu-0
2025/09/20 23:57:45 Logged telemetry for Mock RTX 4070 on gpu-2
2025/09/20 23:57:45 Logged telemetry for Mock RTX 4080 on gpu-1
2025/09/20 23:57:47 No jobs in queue. Predicting idle period. Sending sleep command.
2025/09/20 23:57:47 Would send sleep command to GPU agent
2025/09/20 23:57:47 Logged telemetry for Mock RTX 4080 on gpu-1
2025/09/20 23:57:47 Logged telemetry for Mock RTX 4090 on gpu-0
2025/09/20 23:57:47 Logged telemetry for Mock RTX 4070 on gpu-2
2025/09/20 23:57:49 Logged telemetry for Mock RTX 4070 on gpu-2
2025/09/20 23:57:49 Logged telemetry for Mock RTX 4080 on gpu-1
2025/09/20 23:57:49 Logged telemetry for Mock RTX 4090 on gpu-0
2025/09/20 23:57:51 Logged telemetry for Mock RTX 4090 on gpu-0
2025/09/20 23:57:51 Logged telemetry for Mock RTX 4070 on gpu-2
2025/09/20 23:57:51 Logged telemetry for Mock RTX 4080 on gpu-1
2025/09/20 23:57:52 No jobs in queue. Predicting idle period. Sending sleep command.
2025/09/20 23:57:52 Would send sleep command to GPU agent
2025/09/20 23:57:53 Logged telemetry for Mock RTX 4080 on gpu-1
2025/09/20 23:57:53 Logged telemetry for Mock RTX 4090 on gpu-0
2025/09/20 23:57:53 Logged telemetry for Mock RTX 4070 on gpu-2
2025/09/20 23:57:55 Logged telemetry for Mock RTX 4070 on gpu-2
2025/09/20 23:57:55 Logged telemetry for Mock RTX 4090 on gpu-0
2025/09/20 23:57:55 Logged telemetry for Mock RTX 4080 on gpu-1
2025/09/20 23:57:57 No jobs in queue. Predicting idle period. Sending sleep command.
2025/09/20 23:57:57 Would send sleep command to GPU agent
2025/09/20 23:57:57 Logged telemetry for Mock RTX 4080 on gpu-1
2025/09/20 23:57:57 Logged telemetry for Mock RTX 4070 on gpu-2
2025/09/20 23:57:57 Logged telemetry for Mock RTX 4090 on gpu-0
2025/09/20 23:57:59 Logged telemetry for Mock RTX 4090 on gpu-0
2025/09/20 23:57:59 Logged telemetry for Mock RTX 4080 on gpu-1
2025/09/20 23:57:59 Logged telemetry for Mock RTX 4070 on gpu-2
2025/09/20 23:58:01 Logged telemetry for Mock RTX 4070 on gpu-2
2025/09/20 23:58:01 Logged telemetry for Mock RTX 4090 on gpu-0
2025/09/20 23:58:01 Logged telemetry for Mock RTX 4080 on gpu-1
2025/09/20 23:58:02 No jobs in queue. Predicting idle period. Sending sleep command.
2025/09/20 23:58:02 Would send sleep command to GPU agent
2025/09/20 23:58:03 Logged telemetry for Mock RTX 4080 on gpu-1
2025/09/20 23:58:03 Logged telemetry for Mock RTX 4070 on gpu-2
2025/09/20 23:58:03 Logged telemetry for Mock RTX 4090 on gpu-0
2025/09/20 23:58:05 Logged telemetry for Mock RTX 4090 on gpu-0
2025/09/20 23:58:05 Logged telemetry for Mock RTX 4080 on gpu-1
2025/09/20 23:58:05 Logged telemetry for Mock RTX 4070 on gpu-2
2025/09/20 23:58:07 No jobs in queue. Predicting idle period. Sending sleep command.
2025/09/20 23:58:07 Would send sleep command to GPU agent
2025/09/20 23:58:07 Logged telemetry for Mock RTX 4070 on gpu-2
2025/09/20 23:58:07 Logged telemetry for Mock RTX 4090 on gpu-0
2025/09/20 23:58:07 Logged telemetry for Mock RTX 4080 on gpu-1
2025/09/20 23:58:09 Logged telemetry for Mock RTX 4080 on gpu-1
2025/09/20 23:58:09 Logged telemetry for Mock RTX 4070 on gpu-2
2025/09/20 23:58:09 Logged telemetry for Mock RTX 4090 on gpu-0
2025/09/20 23:58:11 Logged telemetry for Mock RTX 4090 on gpu-0
2025/09/20 23:58:11 Logged telemetry for Mock RTX 4080 on gpu-1
2025/09/20 23:58:11 Logged telemetry for Mock RTX 4070 on gpu-2
2025/09/20 23:58:12 No jobs in queue. Predicting idle period. Sending sleep command.
2025/09/20 23:58:12 Would send sleep command to GPU agent
2025/09/20 23:58:13 Logged telemetry for Mock RTX 4070 on gpu-2
2025/09/20 23:58:13 Logged telemetry for Mock RTX 4090 on gpu-0
2025/09/20 23:58:13 Logged telemetry for Mock RTX 4080 on gpu-1
2025/09/20 23:58:15 Logged telemetry for Mock RTX 4080 on gpu-1
2025/09/20 23:58:15 Logged telemetry for Mock RTX 4070 on gpu-2
2025/09/20 23:58:15 Logged telemetry for Mock RTX 4090 on gpu-0
2025/09/20 23:58:17 No jobs in queue. Predicting idle period. Sending sleep command.
2025/09/20 23:58:17 Would send sleep command to GPU agent
2025/09/20 23:58:17 Logged telemetry for Mock RTX 4090 on gpu-0
2025/09/20 23:58:17 Logged telemetry for Mock RTX 4080 on gpu-1
2025/09/20 23:58:17 Logged telemetry for Mock RTX 4070 on gpu-2
2025/09/20 23:58:19 Logged telemetry for Mock RTX 4070 on gpu-2
2025/09/20 23:58:19 Logged telemetry for Mock RTX 4090 on gpu-0
2025/09/20 23:58:19 Logged telemetry for Mock RTX 4080 on gpu-1
2025/09/20 23:58:21 Logged telemetry for Mock RTX 4080 on gpu-1
2025/09/20 23:58:21 Logged telemetry for Mock RTX 4070 on gpu-2
2025/09/20 23:58:21 Logged telemetry for Mock RTX 4090 on gpu-0
2025/09/20 23:58:22 No jobs in queue. Predicting idle period. Sending sleep command.
2025/09/20 23:58:22 Would send sleep command to GPU agent
2025/09/20 23:58:23 Logged telemetry for Mock RTX 4090 on gpu-0
2025/09/20 23:58:23 Logged telemetry for Mock RTX 4080 on gpu-1
2025/09/20 23:58:23 Logged telemetry for Mock RTX 4070 on gpu-2
2025/09/20 23:58:25 Logged telemetry for Mock RTX 4070 on gpu-2
2025/09/20 23:58:25 Logged telemetry for Mock RTX 4090 on gpu-0
2025/09/20 23:58:25 Logged telemetry for Mock RTX 4080 on gpu-1
2025/09/20 23:58:27 No jobs in queue. Predicting idle period. Sending sleep command.
2025/09/20 23:58:27 Would send sleep command to GPU agent
2025/09/20 23:58:27 Logged telemetry for Mock RTX 4080 on gpu-1
2025/09/20 23:58:27 Logged telemetry for Mock RTX 4070 on gpu-2
2025/09/20 23:58:27 Logged telemetry for Mock RTX 4090 on gpu-0
2025/09/20 23:58:29 Logged telemetry for Mock RTX 4090 on gpu-0
2025/09/20 23:58:29 Logged telemetry for Mock RTX 4080 on gpu-1
2025/09/20 23:58:29 Logged telemetry for Mock RTX 4070 on gpu-2
2025/09/20 23:58:31 Logged telemetry for Mock RTX 4080 on gpu-1
2025/09/20 23:58:31 Logged telemetry for Mock RTX 4090 on gpu-0
2025/09/20 23:58:31 Logged telemetry for Mock RTX 4070 on gpu-2
2025/09/20 23:58:32 No jobs in queue. Predicting idle period. Sending sleep command.
2025/09/20 23:58:32 Would send sleep command to GPU agent
2025/09/20 23:58:33 Logged telemetry for Mock RTX 4070 on gpu-2
2025/09/20 23:58:33 Logged telemetry for Mock RTX 4080 on gpu-1
2025/09/20 23:58:33 Logged telemetry for Mock RTX 4090 on gpu-0
2025/09/20 23:58:35 Logged telemetry for Mock RTX 4090 on gpu-0
2025/09/20 23:58:35 Logged telemetry for Mock RTX 4070 on gpu-2
2025/09/20 23:58:35 Logged telemetry for Mock RTX 4080 on gpu-1
2025/09/20 23:58:37 No jobs in queue. Predicting idle period. Sending sleep command.
2025/09/20 23:58:37 Would send sleep command to GPU agent
2025/09/20 23:58:37 Logged telemetry for Mock RTX 4080 on gpu-1
2025/09/20 23:58:37 Logged telemetry for Mock RTX 4090 on gpu-0
2025/09/20 23:58:37 Logged telemetry for Mock RTX 4070 on gpu-2
2025/09/20 23:58:39 Logged telemetry for Mock RTX 4070 on gpu-2
2025/09/20 23:58:39 Logged telemetry for Mock RTX 4080 on gpu-1
2025/09/20 23:58:39 Logged telemetry for Mock RTX 4090 on gpu-0
2025/09/20 23:58:41 Logged telemetry for Mock RTX 4090 on gpu-0
2025/09/20 23:58:41 Logged telemetry for Mock RTX 4070 on gpu-2
2025/09/20 23:58:41 Logged telemetry for Mock RTX 4080 on gpu-1
2025/09/20 23:58:42 No jobs in queue. Predicting idle period. Sending sleep command.
2025/09/20 23:58:42 Would send sleep command to GPU agent
2025/09/20 23:58:43 Logged telemetry for Mock RTX 4080 on gpu-1
2025/09/20 23:58:43 Logged telemetry for Mock RTX 4090 on gpu-0
2025/09/20 23:58:43 Logged telemetry for Mock RTX 4070 on gpu-2
2025/09/20 23:58:45 Logged telemetry for Mock RTX 4070 on gpu-2
2025/09/20 23:58:45 Logged telemetry for Mock RTX 4080 on gpu-1
2025/09/20 23:58:45 Logged telemetry for Mock RTX 4090 on gpu-0
2025/09/20 23:58:47 No jobs in queue. Predicting idle period. Sending sleep command.
2025/09/20 23:58:47 Would send sleep command to GPU agent
2025/09/20 23:58:47 Logged telemetry for Mock RTX 4090 on gpu-0
2025/09/20 23:58:47 Logged telemetry for Mock RTX 4080 on gpu-1
2025/09/20 23:58:47 Logged telemetry for Mock RTX 4070 on gpu-2
2025/09/20 23:58:49 Logged telemetry for Mock RTX 4070 on gpu-2
2025/09/20 23:58:49 Logged telemetry for Mock RTX 4090 on gpu-0
2025/09/20 23:58:49 Logged telemetry for Mock RTX 4080 on gpu-1
2025/09/20 23:58:51 Logged telemetry for Mock RTX 4080 on gpu-1
2025/09/20 23:58:51 Logged telemetry for Mock RTX 4070 on gpu-2
2025/09/20 23:58:51 Logged telemetry for Mock RTX 4090 on gpu-0
2025/09/20 23:58:52 No jobs in queue. Predicting idle period. Sending sleep command.
2025/09/20 23:58:52 Would send sleep command to GPU agent
2025/09/20 23:58:53 Logged telemetry for Mock RTX 4090 on gpu-0
2025/09/20 23:58:53 Logged telemetry for Mock RTX 4070 on gpu-2
2025/09/20 23:58:53 Logged telemetry for Mock RTX 4080 on gpu-1
2025/09/20 23:58:55 Logged telemetry for Mock RTX 4090 on gpu-0
2025/09/20 23:58:55 Logged telemetry for Mock RTX 4080 on gpu-1
2025/09/20 23:58:55 Logged telemetry for Mock RTX 4070 on gpu-2
2025/09/20 23:58:57 No jobs in queue. Predicting idle period. Sending sleep command.
2025/09/20 23:58:57 Would send sleep command to GPU agent
2025/09/20 23:58:57 Logged telemetry for Mock RTX 4070 on gpu-2
2025/09/20 23:58:57 Logged telemetry for Mock RTX 4080 on gpu-1
2025/09/20 23:58:57 Logged telemetry for Mock RTX 4090 on gpu-0
2025/09/20 23:58:59 Logged telemetry for Mock RTX 4090 on gpu-0
2025/09/20 23:58:59 Logged telemetry for Mock RTX 4070 on gpu-2
2025/09/20 23:58:59 Logged telemetry for Mock RTX 4080 on gpu-1
2025/09/20 23:59:01 Logged telemetry for Mock RTX 4090 on gpu-0
2025/09/20 23:59:01 Logged telemetry for Mock RTX 4080 on gpu-1
2025/09/20 23:59:01 Logged telemetry for Mock RTX 4070 on gpu-2
2025/09/20 23:59:02 No jobs in queue. Predicting idle period. Sending sleep command.
2025/09/20 23:59:02 Would send sleep command to GPU agent
2025/09/20 23:59:03 Logged telemetry for Mock RTX 4070 on gpu-2
2025/09/20 23:59:03 Logged telemetry for Mock RTX 4080 on gpu-1
2025/09/20 23:59:03 Logged telemetry for Mock RTX 4090 on gpu-0
2025/09/20 23:59:05 Logged telemetry for Mock RTX 4090 on gpu-0
2025/09/20 23:59:05 Logged telemetry for Mock RTX 4070 on gpu-2
2025/09/20 23:59:05 Logged telemetry for Mock RTX 4080 on gpu-1
2025/09/20 23:59:07 No jobs in queue. Predicting idle period. Sending sleep command.
2025/09/20 23:59:07 Would send sleep command to GPU agent
2025/09/20 23:59:07 Logged telemetry for Mock RTX 4080 on gpu-1
2025/09/20 23:59:07 Logged telemetry for Mock RTX 4090 on gpu-0
2025/09/20 23:59:07 Logged telemetry for Mock RTX 4070 on gpu-2
2025/09/20 23:59:09 Logged telemetry for Mock RTX 4070 on gpu-2
2025/09/20 23:59:09 Logged telemetry for Mock RTX 4080 on gpu-1
2025/09/20 23:59:09 Logged telemetry for Mock RTX 4090 on gpu-0
2025/09/20 23:59:11 Logged telemetry for Mock RTX 4090 on gpu-0
2025/09/20 23:59:11 Logged telemetry for Mock RTX 4070 on gpu-2
2025/09/20 23:59:11 Logged telemetry for Mock RTX 4080 on gpu-1
2025/09/20 23:59:12 No jobs in queue. Predicting idle period. Sending sleep command.
2025/09/20 23:59:12 Would send sleep command to GPU agent
2025/09/20 23:59:13 Logged telemetry for Mock RTX 4080 on gpu-1
2025/09/20 23:59:13 Logged telemetry for Mock RTX 4090 on gpu-0
2025/09/20 23:59:13 Logged telemetry for Mock RTX 4070 on gpu-2
2025/09/20 23:59:15 Logged telemetry for Mock RTX 4070 on gpu-2
2025/09/20 23:59:15 Logged telemetry for Mock RTX 4080 on gpu-1
2025/09/20 23:59:15 Logged telemetry for Mock RTX 4090 on gpu-0
2025/09/20 23:59:17 No jobs in queue. Predicting idle period. Sending sleep command.
2025/09/20 23:59:17 Would send sleep command to GPU agent
2025/09/20 23:59:17 Logged telemetry for Mock RTX 4090 on gpu-0
2025/09/20 23:59:17 Logged telemetry for Mock RTX 4070 on gpu-2
2025/09/20 23:59:17 Logged telemetry for Mock RTX 4080 on gpu-1
2025/09/20 23:59:19 Logged telemetry for Mock RTX 4080 on gpu-1
2025/09/20 23:59:19 Logged telemetry for Mock RTX 4070 on gpu-2
2025/09/20 23:59:19 Logged telemetry for Mock RTX 4090 on gpu-0
2025/09/20 23:59:21 Logged telemetry for Mock RTX 4090 on gpu-0
2025/09/20 23:59:21 Logged telemetry for Mock RTX 4070 on gpu-2
2025/09/20 23:59:21 Logged telemetry for Mock RTX 4080 on gpu-1
2025/09/20 23:59:22 No jobs in queue. Predicting idle period. Sending sleep command.
2025/09/20 23:59:22 Would send sleep command to GPU agent
2025/09/20 23:59:23 Logged telemetry for Mock RTX 4080 on gpu-1
2025/09/20 23:59:23 Logged telemetry for Mock RTX 4090 on gpu-0
2025/09/20 23:59:23 Logged telemetry for Mock RTX 4070 on gpu-2
2025/09/20 23:59:25 Logged telemetry for Mock RTX 4070 on gpu-2
2025/09/20 23:59:25 Logged telemetry for Mock RTX 4080 on gpu-1
2025/09/20 23:59:25 Logged telemetry for Mock RTX 4090 on gpu-0
2025/09/20 23:59:27 No jobs in queue. Predicting idle period. Sending sleep command.
2025/09/20 23:59:27 Would send sleep command to GPU agent
2025/09/20 23:59:27 Logged telemetry for Mock RTX 4090 on gpu-0
2025/09/20 23:59:27 Logged telemetry for Mock RTX 4070 on gpu-2
2025/09/20 23:59:27 Logged telemetry for Mock RTX 4080 on gpu-1
2025/09/20 23:59:29 Logged telemetry for Mock RTX 4080 on gpu-1
2025/09/20 23:59:29 Logged telemetry for Mock RTX 4090 on gpu-0
2025/09/20 23:59:29 Logged telemetry for Mock RTX 4070 on gpu-2
2025/09/20 23:59:31 Logged telemetry for Mock RTX 4070 on gpu-2
2025/09/20 23:59:31 Logged telemetry for Mock RTX 4080 on gpu-1
2025/09/20 23:59:31 Logged telemetry for Mock RTX 4090 on gpu-0
2025/09/20 23:59:32 No jobs in queue. Predicting idle period. Sending sleep command.
2025/09/20 23:59:32 Would send sleep command to GPU agent
2025/09/20 23:59:33 Logged telemetry for Mock RTX 4080 on gpu-1
2025/09/20 23:59:33 Logged telemetry for Mock RTX 4070 on gpu-2
2025/09/20 23:59:33 Logged telemetry for Mock RTX 4090 on gpu-0
2025/09/20 23:59:35 Logged telemetry for Mock RTX 4090 on gpu-0
2025/09/20 23:59:35 Logged telemetry for Mock RTX 4070 on gpu-2
2025/09/20 23:59:35 Logged telemetry for Mock RTX 4080 on gpu-1
2025/09/20 23:59:37 No jobs in queue. Predicting idle period. Sending sleep command.
2025/09/20 23:59:37 Would send sleep command to GPU agent
2025/09/20 23:59:37 Logged telemetry for Mock RTX 4080 on gpu-1
2025/09/20 23:59:37 Logged telemetry for Mock RTX 4090 on gpu-0
2025/09/20 23:59:37 Logged telemetry for Mock RTX 4070 on gpu-2
2025/09/20 23:59:39 Logged telemetry for Mock RTX 4070 on gpu-2
2025/09/20 23:59:39 Logged telemetry for Mock RTX 4080 on gpu-1
2025/09/20 23:59:39 Logged telemetry for Mock RTX 4090 on gpu-0
2025/09/20 23:59:41 Logged telemetry for Mock RTX 4090 on gpu-0
2025/09/20 23:59:41 Logged telemetry for Mock RTX 4070 on gpu-2
2025/09/20 23:59:41 Logged telemetry for Mock RTX 4080 on gpu-1
2025/09/20 23:59:42 No jobs in queue. Predicting idle period. Sending sleep command.
2025/09/20 23:59:42 Would send sleep command to GPU agent
2025/09/20 23:59:43 Logged telemetry for Mock RTX 4080 on gpu-1
2025/09/20 23:59:43 Logged telemetry for Mock RTX 4090 on gpu-0
2025/09/20 23:59:43 Logged telemetry for Mock RTX 4070 on gpu-2
2025/09/20 23:59:45 Logged telemetry for Mock RTX 4090 on gpu-0
2025/09/20 23:59:45 Logged telemetry for Mock RTX 4070 on gpu-2
2025/09/20 23:59:45 Logged telemetry for Mock RTX 4080 on gpu-1
2025/09/20 23:59:47 No jobs in queue. Predicting idle period. Sending sleep command.
2025/09/20 23:59:47 Would send sleep command to GPU agent
2025/09/20 23:59:47 Logged telemetry for Mock RTX 4080 on gpu-1
2025/09/20 23:59:47 Logged telemetry for Mock RTX 4090 on gpu-0
2025/09/20 23:59:47 Logged telemetry for Mock RTX 4070 on gpu-2
2025/09/20 23:59:49 Logged telemetry for Mock RTX 4070 on gpu-2
2025/09/20 23:59:49 Logged telemetry for Mock RTX 4080 on gpu-1
2025/09/20 23:59:49 Logged telemetry for Mock RTX 4090 on gpu-0
2025/09/20 23:59:51 Logged telemetry for Mock RTX 4090 on gpu-0
2025/09/20 23:59:51 Logged telemetry for Mock RTX 4070 on gpu-2
2025/09/20 23:59:51 Logged telemetry for Mock RTX 4080 on gpu-1
2025/09/20 23:59:52 No jobs in queue. Predicting idle period. Sending sleep command.
2025/09/20 23:59:52 Would send sleep command to GPU agent
2025/09/20 23:59:53 Logged telemetry for Mock RTX 4080 on gpu-1
2025/09/20 23:59:53 Logged telemetry for Mock RTX 4090 on gpu-0
2025/09/20 23:59:53 Logged telemetry for Mock RTX 4070 on gpu-2
2025/09/20 23:59:55 Logged telemetry for Mock RTX 4070 on gpu-2
2025/09/20 23:59:55 Logged telemetry for Mock RTX 4080 on gpu-1
2025/09/20 23:59:55 Logged telemetry for Mock RTX 4090 on gpu-0
2025/09/20 23:59:57 No jobs in queue. Predicting idle period. Sending sleep command.
2025/09/20 23:59:57 Would send sleep command to GPU agent
2025/09/20 23:59:57 Logged telemetry for Mock RTX 4090 on gpu-0
2025/09/20 23:59:57 Logged telemetry for Mock RTX 4070 on gpu-2
2025/09/20 23:59:57 Logged telemetry for Mock RTX 4080 on gpu-1
2025/09/20 23:59:59 Logged telemetry for Mock RTX 4090 on gpu-0
2025/09/20 23:59:59 Logged telemetry for Mock RTX 4080 on gpu-1
2025/09/20 23:59:59 Logged telemetry for Mock RTX 4070 on gpu-2
2025/09/21 00:00:01 Logged telemetry for Mock RTX 4070 on gpu-2
2025/09/21 00:00:01 Logged telemetry for Mock RTX 4090 on gpu-0
2025/09/21 00:00:01 Logged telemetry for Mock RTX 4080 on gpu-1
2025/09/21 00:00:02 No jobs in queue. Predicting idle period. Sending sleep command.
2025/09/21 00:00:02 Would send sleep command to GPU agent
2025/09/21 00:00:03 Logged telemetry for Mock RTX 4080 on gpu-1
2025/09/21 00:00:03 Logged telemetry for Mock RTX 4090 on gpu-0
2025/09/21 00:00:03 Logged telemetry for Mock RTX 4070 on gpu-2
2025/09/21 00:00:05 Logged telemetry for Mock RTX 4080 on gpu-1
2025/09/21 00:00:05 Logged telemetry for Mock RTX 4090 on gpu-0
2025/09/21 00:00:05 Logged telemetry for Mock RTX 4070 on gpu-2
2025/09/21 00:00:07 No jobs in queue. Predicting idle period. Sending sleep command.
2025/09/21 00:00:07 Would send sleep command to GPU agent
2025/09/21 00:00:07 Logged telemetry for Mock RTX 4070 on gpu-2
2025/09/21 00:00:07 Logged telemetry for Mock RTX 4080 on gpu-1
2025/09/21 00:00:07 Logged telemetry for Mock RTX 4090 on gpu-0
2025/09/21 00:00:09 Logged telemetry for Mock RTX 4090 on gpu-0
2025/09/21 00:00:09 Logged telemetry for Mock RTX 4070 on gpu-2
2025/09/21 00:00:09 Logged telemetry for Mock RTX 4080 on gpu-1
2025/09/21 00:00:11 Logged telemetry for Mock RTX 4080 on gpu-1
2025/09/21 00:00:11 Logged telemetry for Mock RTX 4090 on gpu-0
2025/09/21 00:00:11 Logged telemetry for Mock RTX 4070 on gpu-2
2025/09/21 00:00:12 No jobs in queue. Predicting idle period. Sending sleep command.
2025/09/21 00:00:12 Would send sleep command to GPU agent
2025/09/21 00:00:13 Logged telemetry for Mock RTX 4070 on gpu-2
2025/09/21 00:00:13 Logged telemetry for Mock RTX 4080 on gpu-1
2025/09/21 00:00:13 Logged telemetry for Mock RTX 4090 on gpu-0
2025/09/21 00:00:15 Logged telemetry for Mock RTX 4090 on gpu-0
2025/09/21 00:00:15 Logged telemetry for Mock RTX 4070 on gpu-2
2025/09/21 00:00:15 Logged telemetry for Mock RTX 4080 on gpu-1
2025/09/21 00:00:17 No jobs in queue. Predicting idle period. Sending sleep command.
2025/09/21 00:00:17 Would send sleep command to GPU agent
2025/09/21 00:00:17 Logged telemetry for Mock RTX 4090 on gpu-0
2025/09/21 00:00:17 Logged telemetry for Mock RTX 4080 on gpu-1
2025/09/21 00:00:17 Logged telemetry for Mock RTX 4070 on gpu-2
2025/09/21 00:00:19 Logged telemetry for Mock RTX 4070 on gpu-2
2025/09/21 00:00:19 Logged telemetry for Mock RTX 4080 on gpu-1
2025/09/21 00:00:19 Logged telemetry for Mock RTX 4090 on gpu-0
2025/09/21 00:00:21 Logged telemetry for Mock RTX 4090 on gpu-0
2025/09/21 00:00:21 Logged telemetry for Mock RTX 4070 on gpu-2
2025/09/21 00:00:21 Logged telemetry for Mock RTX 4080 on gpu-1
2025/09/21 00:00:22 No jobs in queue. Predicting idle period. Sending sleep command.
2025/09/21 00:00:22 Would send sleep command to GPU agent
2025/09/21 00:00:23 Logged telemetry for Mock RTX 4080 on gpu-1
2025/09/21 00:00:23 Logged telemetry for Mock RTX 4090 on gpu-0
2025/09/21 00:00:23 Logged telemetry for Mock RTX 4070 on gpu-2
2025/09/21 00:00:25 Logged telemetry for Mock RTX 4070 on gpu-2
2025/09/21 00:00:25 Logged telemetry for Mock RTX 4080 on gpu-1
2025/09/21 00:00:25 Logged telemetry for Mock RTX 4090 on gpu-0
2025/09/21 00:00:27 No jobs in queue. Predicting idle period. Sending sleep command.
2025/09/21 00:00:27 Would send sleep command to GPU agent
2025/09/21 00:00:27 Logged telemetry for Mock RTX 4090 on gpu-0
2025/09/21 00:00:27 Logged telemetry for Mock RTX 4070 on gpu-2
2025/09/21 00:00:27 Logged telemetry for Mock RTX 4080 on gpu-1
2025/09/21 00:00:29 Logged telemetry for Mock RTX 4090 on gpu-0
2025/09/21 00:00:29 Logged telemetry for Mock RTX 4070 on gpu-2
2025/09/21 00:00:29 Logged telemetry for Mock RTX 4080 on gpu-1
2025/09/21 00:00:31 Logged telemetry for Mock RTX 4080 on gpu-1
2025/09/21 00:00:31 Logged telemetry for Mock RTX 4090 on gpu-0
2025/09/21 00:00:31 Logged telemetry for Mock RTX 4070 on gpu-2
2025/09/21 00:00:32 No jobs in queue. Predicting idle period. Sending sleep command.
2025/09/21 00:00:32 Would send sleep command to GPU agent
2025/09/21 00:00:33 Logged telemetry for Mock RTX 4070 on gpu-2
2025/09/21 00:00:33 Logged telemetry for Mock RTX 4080 on gpu-1
2025/09/21 00:00:33 Logged telemetry for Mock RTX 4090 on gpu-0
2025/09/21 00:00:35 Logged telemetry for Mock RTX 4090 on gpu-0
2025/09/21 00:00:35 Logged telemetry for Mock RTX 4070 on gpu-2
2025/09/21 00:00:35 Logged telemetry for Mock RTX 4080 on gpu-1
2025/09/21 00:00:37 No jobs in queue. Predicting idle period. Sending sleep command.
2025/09/21 00:00:37 Would send sleep command to GPU agent
2025/09/21 00:00:37 Logged telemetry for Mock RTX 4080 on gpu-1
2025/09/21 00:00:37 Logged telemetry for Mock RTX 4090 on gpu-0
2025/09/21 00:00:37 Logged telemetry for Mock RTX 4070 on gpu-2
2025/09/21 00:00:39 Logged telemetry for Mock RTX 4070 on gpu-2
2025/09/21 00:00:39 Logged telemetry for Mock RTX 4080 on gpu-1
2025/09/21 00:00:39 Logged telemetry for Mock RTX 4090 on gpu-0
2025/09/21 00:00:41 Logged telemetry for Mock RTX 4090 on gpu-0
2025/09/21 00:00:41 Logged telemetry for Mock RTX 4070 on gpu-2
2025/09/21 00:00:41 Logged telemetry for Mock RTX 4080 on gpu-1
2025/09/21 00:00:42 No jobs in queue. Predicting idle period. Sending sleep command.
2025/09/21 00:00:42 Would send sleep command to GPU agent
2025/09/21 00:00:43 Logged telemetry for Mock RTX 4080 on gpu-1
2025/09/21 00:00:43 Logged telemetry for Mock RTX 4090 on gpu-0
2025/09/21 00:00:43 Logged telemetry for Mock RTX 4070 on gpu-2
2025/09/21 00:00:45 Logged telemetry for Mock RTX 4090 on gpu-0
2025/09/21 00:00:45 Logged telemetry for Mock RTX 4070 on gpu-2
2025/09/21 00:00:45 Logged telemetry for Mock RTX 4080 on gpu-1
2025/09/21 00:00:47 No jobs in queue. Predicting idle period. Sending sleep command.
2025/09/21 00:00:47 Would send sleep command to GPU agent
2025/09/21 00:00:47 Logged telemetry for Mock RTX 4070 on gpu-2
2025/09/21 00:00:47 Logged telemetry for Mock RTX 4090 on gpu-0
2025/09/21 00:00:47 Logged telemetry for Mock RTX 4080 on gpu-1
2025/09/21 00:00:49 Logged telemetry for Mock RTX 4080 on gpu-1
2025/09/21 00:00:49 Logged telemetry for Mock RTX 4070 on gpu-2
2025/09/21 00:00:49 Logged telemetry for Mock RTX 4090 on gpu-0
2025/09/21 00:00:51 Logged telemetry for Mock RTX 4090 on gpu-0
2025/09/21 00:00:51 Logged telemetry for Mock RTX 4080 on gpu-1
2025/09/21 00:00:51 Logged telemetry for Mock RTX 4070 on gpu-2
2025/09/21 00:00:52 No jobs in queue. Predicting idle period. Sending sleep command.
2025/09/21 00:00:52 Would send sleep command to GPU agent
2025/09/21 00:00:53 Logged telemetry for Mock RTX 4070 on gpu-2
2025/09/21 00:00:53 Logged telemetry for Mock RTX 4090 on gpu-0
2025/09/21 00:00:53 Logged telemetry for Mock RTX 4080 on gpu-1
2025/09/21 00:00:55 Logged telemetry for Mock RTX 4080 on gpu-1
2025/09/21 00:00:55 Logged telemetry for Mock RTX 4070 on gpu-2
2025/09/21 00:00:55 Logged telemetry for Mock RTX 4090 on gpu-0
2025/09/21 00:00:57 No jobs in queue. Predicting idle period. Sending sleep command.
2025/09/21 00:00:57 Would send sleep command to GPU agent
2025/09/21 00:00:57 Logged telemetry for Mock RTX 4090 on gpu-0
2025/09/21 00:00:57 Logged telemetry for Mock RTX 4080 on gpu-1
2025/09/21 00:00:57 Logged telemetry for Mock RTX 4070 on gpu-2
2025/09/21 00:00:59 Logged telemetry for Mock RTX 4070 on gpu-2
2025/09/21 00:00:59 Logged telemetry for Mock RTX 4090 on gpu-0
2025/09/21 00:00:59 Logged telemetry for Mock RTX 4080 on gpu-1
2025/09/21 00:01:01 Logged telemetry for Mock RTX 4080 on gpu-1
2025/09/21 00:01:01 Logged telemetry for Mock RTX 4070 on gpu-2
2025/09/21 00:01:01 Logged telemetry for Mock RTX 4090 on gpu-0
2025/09/21 00:01:02 No jobs in queue. Predicting idle period. Sending sleep command.
2025/09/21 00:01:02 Would send sleep command to GPU agent
2025/09/21 00:01:03 Logged telemetry for Mock RTX 4090 on gpu-0
2025/09/21 00:01:03 Logged telemetry for Mock RTX 4070 on gpu-2
2025/09/21 00:01:03 Logged telemetry for Mock RTX 4080 on gpu-1
2025/09/21 00:01:05 Logged telemetry for Mock RTX 4080 on gpu-1
2025/09/21 00:01:05 Logged telemetry for Mock RTX 4090 on gpu-0
2025/09/21 00:01:05 Logged telemetry for Mock RTX 4070 on gpu-2
2025/09/21 00:01:07 No jobs in queue. Predicting idle period. Sending sleep command.
2025/09/21 00:01:07 Would send sleep command to GPU agent
2025/09/21 00:01:07 Logged telemetry for Mock RTX 4070 on gpu-2
2025/09/21 00:01:07 Logged telemetry for Mock RTX 4080 on gpu-1
2025/09/21 00:01:07 Logged telemetry for Mock RTX 4090 on gpu-0
2025/09/21 00:01:09 Logged telemetry for Mock RTX 4090 on gpu-0
2025/09/21 00:01:09 Logged telemetry for Mock RTX 4070 on gpu-2
2025/09/21 00:01:09 Logged telemetry for Mock RTX 4080 on gpu-1
2025/09/21 00:01:11 Logged telemetry for Mock RTX 4080 on gpu-1
2025/09/21 00:01:11 Logged telemetry for Mock RTX 4090 on gpu-0
2025/09/21 00:01:11 Logged telemetry for Mock RTX 4070 on gpu-2
2025/09/21 00:01:12 No jobs in queue. Predicting idle period. Sending sleep command.
2025/09/21 00:01:12 Would send sleep command to GPU agent
2025/09/21 00:01:13 Logged telemetry for Mock RTX 4070 on gpu-2
2025/09/21 00:01:13 Logged telemetry for Mock RTX 4080 on gpu-1
2025/09/21 00:01:13 Logged telemetry for Mock RTX 4090 on gpu-0
2025/09/21 00:01:15 Logged telemetry for Mock RTX 4090 on gpu-0
2025/09/21 00:01:15 Logged telemetry for Mock RTX 4070 on gpu-2
2025/09/21 00:01:15 Logged telemetry for Mock RTX 4080 on gpu-1
2025/09/21 00:01:17 No jobs in queue. Predicting idle period. Sending sleep command.
2025/09/21 00:01:17 Would send sleep command to GPU agent
2025/09/21 00:01:17 Logged telemetry for Mock RTX 4080 on gpu-1
2025/09/21 00:01:17 Logged telemetry for Mock RTX 4090 on gpu-0
2025/09/21 00:01:17 Logged telemetry for Mock RTX 4070 on gpu-2
2025/09/21 00:01:19 Logged telemetry for Mock RTX 4070 on gpu-2
2025/09/21 00:01:19 Logged telemetry for Mock RTX 4080 on gpu-1
2025/09/21 00:01:19 Logged telemetry for Mock RTX 4090 on gpu-0
2025/09/21 00:01:21 Logged telemetry for Mock RTX 4090 on gpu-0
2025/09/21 00:01:21 Logged telemetry for Mock RTX 4070 on gpu-2
2025/09/21 00:01:21 Logged telemetry for Mock RTX 4080 on gpu-1
2025/09/21 00:01:22 No jobs in queue. Predicting idle period. Sending sleep command.
2025/09/21 00:01:22 Would send sleep command to GPU agent
2025/09/21 00:01:23 Logged telemetry for Mock RTX 4090 on gpu-0
2025/09/21 00:01:23 Logged telemetry for Mock RTX 4080 on gpu-1
2025/09/21 00:01:23 Logged telemetry for Mock RTX 4070 on gpu-2
2025/09/21 00:01:25 Logged telemetry for Mock RTX 4070 on gpu-2
2025/09/21 00:01:25 Logged telemetry for Mock RTX 4080 on gpu-1
2025/09/21 00:01:25 Logged telemetry for Mock RTX 4090 on gpu-0
2025/09/21 00:01:27 No jobs in queue. Predicting idle period. Sending sleep command.
2025/09/21 00:01:27 Would send sleep command to GPU agent
2025/09/21 00:01:27 Logged telemetry for Mock RTX 4090 on gpu-0
2025/09/21 00:01:27 Logged telemetry for Mock RTX 4070 on gpu-2
2025/09/21 00:01:27 Logged telemetry for Mock RTX 4080 on gpu-1
2025/09/21 00:01:29 Logged telemetry for Mock RTX 4080 on gpu-1
2025/09/21 00:01:29 Logged telemetry for Mock RTX 4090 on gpu-0
2025/09/21 00:01:29 Logged telemetry for Mock RTX 4070 on gpu-2
2025/09/21 00:01:31 Logged telemetry for Mock RTX 4080 on gpu-1
2025/09/21 00:01:31 Logged telemetry for Mock RTX 4090 on gpu-0
2025/09/21 00:01:31 Logged telemetry for Mock RTX 4070 on gpu-2
2025/09/21 00:01:32 No jobs in queue. Predicting idle period. Sending sleep command.
2025/09/21 00:01:32 Would send sleep command to GPU agent
2025/09/21 00:01:33 Logged telemetry for Mock RTX 4070 on gpu-2
2025/09/21 00:01:33 Logged telemetry for Mock RTX 4080 on gpu-1
2025/09/21 00:01:33 Logged telemetry for Mock RTX 4090 on gpu-0
2025/09/21 00:01:35 Logged telemetry for Mock RTX 4090 on gpu-0
2025/09/21 00:01:35 Logged telemetry for Mock RTX 4070 on gpu-2
2025/09/21 00:01:35 Logged telemetry for Mock RTX 4080 on gpu-1
2025/09/21 00:01:37 No jobs in queue. Predicting idle period. Sending sleep command.
2025/09/21 00:01:37 Would send sleep command to GPU agent
2025/09/21 00:01:37 Logged telemetry for Mock RTX 4080 on gpu-1
2025/09/21 00:01:37 Logged telemetry for Mock RTX 4090 on gpu-0
2025/09/21 00:01:37 Logged telemetry for Mock RTX 4070 on gpu-2
2025/09/21 00:01:39 Logged telemetry for Mock RTX 4070 on gpu-2
2025/09/21 00:01:39 Logged telemetry for Mock RTX 4080 on gpu-1
2025/09/21 00:01:39 Logged telemetry for Mock RTX 4090 on gpu-0
2025/09/21 00:01:41 Logged telemetry for Mock RTX 4090 on gpu-0
2025/09/21 00:01:41 Logged telemetry for Mock RTX 4070 on gpu-2
2025/09/21 00:01:41 Logged telemetry for Mock RTX 4080 on gpu-1
2025/09/21 00:01:42 No jobs in queue. Predicting idle period. Sending sleep command.
2025/09/21 00:01:42 Would send sleep command to GPU agent
2025/09/21 00:01:43 Logged telemetry for Mock RTX 4080 on gpu-1
2025/09/21 00:01:43 Logged telemetry for Mock RTX 4090 on gpu-0
2025/09/21 00:01:43 Logged telemetry for Mock RTX 4070 on gpu-2
2025/09/21 00:01:45 Logged telemetry for Mock RTX 4070 on gpu-2
2025/09/21 00:01:45 Logged telemetry for Mock RTX 4080 on gpu-1
2025/09/21 00:01:45 Logged telemetry for Mock RTX 4090 on gpu-0
2025/09/21 00:01:47 No jobs in queue. Predicting idle period. Sending sleep command.
2025/09/21 00:01:47 Would send sleep command to GPU agent
2025/09/21 00:01:47 Logged telemetry for Mock RTX 4090 on gpu-0
2025/09/21 00:01:47 Logged telemetry for Mock RTX 4070 on gpu-2
2025/09/21 00:01:47 Logged telemetry for Mock RTX 4080 on gpu-1
2025/09/21 00:01:49 Logged telemetry for Mock RTX 4080 on gpu-1
2025/09/21 00:01:49 Logged telemetry for Mock RTX 4090 on gpu-0
2025/09/21 00:01:49 Logged telemetry for Mock RTX 4070 on gpu-2
2025/09/21 00:01:51 Logged telemetry for Mock RTX 4070 on gpu-2
2025/09/21 00:01:51 Logged telemetry for Mock RTX 4080 on gpu-1
2025/09/21 00:01:51 Logged telemetry for Mock RTX 4090 on gpu-0
2025/09/21 00:01:52 No jobs in queue. Predicting idle period. Sending sleep command.
2025/09/21 00:01:52 Would send sleep command to GPU agent
2025/09/21 00:01:53 Logged telemetry for Mock RTX 4090 on gpu-0
2025/09/21 00:01:53 Logged telemetry for Mock RTX 4070 on gpu-2
2025/09/21 00:01:53 Logged telemetry for Mock RTX 4080 on gpu-1
2025/09/21 00:01:55 Logged telemetry for Mock RTX 4080 on gpu-1
2025/09/21 00:01:55 Logged telemetry for Mock RTX 4090 on gpu-0
2025/09/21 00:01:55 Logged telemetry for Mock RTX 4070 on gpu-2
2025/09/21 00:01:57 No jobs in queue. Predicting idle period. Sending sleep command.
2025/09/21 00:01:57 Would send sleep command to GPU agent
2025/09/21 00:01:57 Logged telemetry for Mock RTX 4070 on gpu-2
2025/09/21 00:01:57 Logged telemetry for Mock RTX 4080 on gpu-1
2025/09/21 00:01:57 Logged telemetry for Mock RTX 4090 on gpu-0
2025/09/21 00:01:59 Logged telemetry for Mock RTX 4090 on gpu-0
2025/09/21 00:01:59 Logged telemetry for Mock RTX 4070 on gpu-2
2025/09/21 00:01:59 Logged telemetry for Mock RTX 4080 on gpu-1
2025/09/21 00:02:01 Logged telemetry for Mock RTX 4080 on gpu-1
2025/09/21 00:02:01 Logged telemetry for Mock RTX 4090 on gpu-0
2025/09/21 00:02:01 Logged telemetry for Mock RTX 4070 on gpu-2
2025/09/21 00:02:02 No jobs in queue. Predicting idle period. Sending sleep command.
2025/09/21 00:02:02 Would send sleep command to GPU agent
2025/09/21 00:02:03 Logged telemetry for Mock RTX 4070 on gpu-2
2025/09/21 00:02:03 Logged telemetry for Mock RTX 4080 on gpu-1
2025/09/21 00:02:03 Logged telemetry for Mock RTX 4090 on gpu-0
2025/09/21 00:02:05 Logged telemetry for Mock RTX 4090 on gpu-0
2025/09/21 00:02:05 Logged telemetry for Mock RTX 4070 on gpu-2
2025/09/21 00:02:05 Logged telemetry for Mock RTX 4080 on gpu-1
2025/09/21 00:02:07 No jobs in queue. Predicting idle period. Sending sleep command.
2025/09/21 00:02:07 Would send sleep command to GPU agent
2025/09/21 00:02:07 Logged telemetry for Mock RTX 4080 on gpu-1
2025/09/21 00:02:07 Logged telemetry for Mock RTX 4090 on gpu-0
2025/09/21 00:02:07 Logged telemetry for Mock RTX 4070 on gpu-2
2025/09/21 00:02:09 Logged telemetry for Mock RTX 4070 on gpu-2
2025/09/21 00:02:09 Logged telemetry for Mock RTX 4080 on gpu-1
2025/09/21 00:02:09 Logged telemetry for Mock RTX 4090 on gpu-0
2025/09/21 00:02:11 Logged telemetry for Mock RTX 4090 on gpu-0
2025/09/21 00:02:11 Logged telemetry for Mock RTX 4080 on gpu-1
2025/09/21 00:02:11 Logged telemetry for Mock RTX 4070 on gpu-2
2025/09/21 00:02:12 No jobs in queue. Predicting idle period. Sending sleep command.
2025/09/21 00:02:12 Would send sleep command to GPU agent
2025/09/21 00:02:13 Logged telemetry for Mock RTX 4070 on gpu-2
2025/09/21 00:02:13 Logged telemetry for Mock RTX 4090 on gpu-0
2025/09/21 00:02:13 Logged telemetry for Mock RTX 4080 on gpu-1
2025/09/21 00:02:15 Logged telemetry for Mock RTX 4080 on gpu-1
2025/09/21 00:02:15 Logged telemetry for Mock RTX 4070 on gpu-2
2025/09/21 00:02:15 Logged telemetry for Mock RTX 4090 on gpu-0
2025/09/21 00:02:17 No jobs in queue. Predicting idle period. Sending sleep command.
2025/09/21 00:02:17 Would send sleep command to GPU agent
2025/09/21 00:02:17 Logged telemetry for Mock RTX 4090 on gpu-0
2025/09/21 00:02:17 Logged telemetry for Mock RTX 4080 on gpu-1
2025/09/21 00:02:17 Logged telemetry for Mock RTX 4070 on gpu-2
2025/09/21 00:02:19 Logged telemetry for Mock RTX 4070 on gpu-2
2025/09/21 00:02:19 Logged telemetry for Mock RTX 4090 on gpu-0
2025/09/21 00:02:19 Logged telemetry for Mock RTX 4080 on gpu-1
2025/09/21 00:02:21 Logged telemetry for Mock RTX 4080 on gpu-1
2025/09/21 00:02:21 Logged telemetry for Mock RTX 4070 on gpu-2
2025/09/21 00:02:21 Logged telemetry for Mock RTX 4090 on gpu-0
2025/09/21 00:02:22 No jobs in queue. Predicting idle period. Sending sleep command.
2025/09/21 00:02:22 Would send sleep command to GPU agent
2025/09/21 00:02:23 Logged telemetry for Mock RTX 4090 on gpu-0
2025/09/21 00:02:23 Logged telemetry for Mock RTX 4080 on gpu-1
2025/09/21 00:02:23 Logged telemetry for Mock RTX 4070 on gpu-2
2025/09/21 00:02:25 Logged telemetry for Mock RTX 4070 on gpu-2
2025/09/21 00:02:25 Logged telemetry for Mock RTX 4090 on gpu-0
2025/09/21 00:02:25 Logged telemetry for Mock RTX 4080 on gpu-1
2025/09/21 00:02:27 No jobs in queue. Predicting idle period. Sending sleep command.
2025/09/21 00:02:27 Would send sleep command to GPU agent
2025/09/21 00:02:27 Logged telemetry for Mock RTX 4080 on gpu-1
2025/09/21 00:02:27 Logged telemetry for Mock RTX 4070 on gpu-2
2025/09/21 00:02:27 Logged telemetry for Mock RTX 4090 on gpu-0
2025/09/21 00:02:29 Logged telemetry for Mock RTX 4090 on gpu-0
2025/09/21 00:02:29 Logged telemetry for Mock RTX 4080 on gpu-1
2025/09/21 00:02:29 Logged telemetry for Mock RTX 4070 on gpu-2
2025/09/21 00:02:31 Logged telemetry for Mock RTX 4070 on gpu-2
2025/09/21 00:02:31 Logged telemetry for Mock RTX 4090 on gpu-0
2025/09/21 00:02:31 Logged telemetry for Mock RTX 4080 on gpu-1
2025/09/21 00:02:32 No jobs in queue. Predicting idle period. Sending sleep command.
2025/09/21 00:02:32 Would send sleep command to GPU agent
2025/09/21 00:02:33 Logged telemetry for Mock RTX 4080 on gpu-1
2025/09/21 00:02:33 Logged telemetry for Mock RTX 4070 on gpu-2
2025/09/21 00:02:33 Logged telemetry for Mock RTX 4090 on gpu-0
2025/09/21 00:02:35 Logged telemetry for Mock RTX 4090 on gpu-0
2025/09/21 00:02:35 Logged telemetry for Mock RTX 4080 on gpu-1
2025/09/21 00:02:35 Logged telemetry for Mock RTX 4070 on gpu-2
2025/09/21 00:02:37 No jobs in queue. Predicting idle period. Sending sleep command.
2025/09/21 00:02:37 Would send sleep command to GPU agent
2025/09/21 00:02:37 Logged telemetry for Mock RTX 4080 on gpu-1
2025/09/21 00:02:37 Logged telemetry for Mock RTX 4090 on gpu-0
2025/09/21 00:02:37 Logged telemetry for Mock RTX 4070 on gpu-2
2025/09/21 00:02:39 Logged telemetry for Mock RTX 4070 on gpu-2
2025/09/21 00:02:39 Logged telemetry for Mock RTX 4080 on gpu-1
2025/09/21 00:02:39 Logged telemetry for Mock RTX 4090 on gpu-0
2025/09/21 00:02:41 Logged telemetry for Mock RTX 4090 on gpu-0
2025/09/21 00:02:41 Logged telemetry for Mock RTX 4070 on gpu-2
2025/09/21 00:02:41 Logged telemetry for Mock RTX 4080 on gpu-1
2025/09/21 00:02:42 No jobs in queue. Predicting idle period. Sending sleep command.
2025/09/21 00:02:42 Would send sleep command to GPU agent
2025/09/21 00:02:43 Logged telemetry for Mock RTX 4080 on gpu-1
2025/09/21 00:02:43 Logged telemetry for Mock RTX 4090 on gpu-0
2025/09/21 00:02:43 Logged telemetry for Mock RTX 4070 on gpu-2
2025/09/21 00:02:45 Logged telemetry for Mock RTX 4080 on gpu-1
2025/09/21 00:02:45 Logged telemetry for Mock RTX 4070 on gpu-2
2025/09/21 00:02:45 Logged telemetry for Mock RTX 4090 on gpu-0
2025/09/21 00:02:47 No jobs in queue. Predicting idle period. Sending sleep command.
2025/09/21 00:02:47 Would send sleep command to GPU agent
2025/09/21 00:02:47 Logged telemetry for Mock RTX 4090 on gpu-0
2025/09/21 00:02:47 Logged telemetry for Mock RTX 4070 on gpu-2
2025/09/21 00:02:47 Logged telemetry for Mock RTX 4080 on gpu-1
2025/09/21 00:02:49 Logged telemetry for Mock RTX 4080 on gpu-1
2025/09/21 00:02:49 Logged telemetry for Mock RTX 4090 on gpu-0
2025/09/21 00:02:49 Logged telemetry for Mock RTX 4070 on gpu-2
2025/09/21 00:02:51 Logged telemetry for Mock RTX 4070 on gpu-2
2025/09/21 00:02:51 Logged telemetry for Mock RTX 4080 on gpu-1
2025/09/21 00:02:51 Logged telemetry for Mock RTX 4090 on gpu-0
2025/09/21 00:02:52 No jobs in queue. Predicting idle period. Sending sleep command.
2025/09/21 00:02:52 Would send sleep command to GPU agent
2025/09/21 00:02:53 Logged telemetry for Mock RTX 4090 on gpu-0
2025/09/21 00:02:53 Logged telemetry for Mock RTX 4070 on gpu-2
2025/09/21 00:02:53 Logged telemetry for Mock RTX 4080 on gpu-1
2025/09/21 00:02:55 Logged telemetry for Mock RTX 4090 on gpu-0
2025/09/21 00:02:55 Logged telemetry for Mock RTX 4080 on gpu-1
2025/09/21 00:02:55 Logged telemetry for Mock RTX 4070 on gpu-2
2025/09/21 00:02:57 No jobs in queue. Predicting idle period. Sending sleep command.
2025/09/21 00:02:57 Would send sleep command to GPU agent
2025/09/21 00:02:57 Logged telemetry for Mock RTX 4070 on gpu-2
2025/09/21 00:02:57 Logged telemetry for Mock RTX 4080 on gpu-1
2025/09/21 00:02:57 Logged telemetry for Mock RTX 4090 on gpu-0
2025/09/21 00:02:59 Logged telemetry for Mock RTX 4090 on gpu-0
2025/09/21 00:02:59 Logged telemetry for Mock RTX 4070 on gpu-2
2025/09/21 00:02:59 Logged telemetry for Mock RTX 4080 on gpu-1
2025/09/21 00:03:01 Logged telemetry for Mock RTX 4080 on gpu-1
2025/09/21 00:03:01 Logged telemetry for Mock RTX 4090 on gpu-0
2025/09/21 00:03:01 Logged telemetry for Mock RTX 4070 on gpu-2
2025/09/21 00:03:02 No jobs in queue. Predicting idle period. Sending sleep command.
2025/09/21 00:03:02 Would send sleep command to GPU agent
2025/09/21 00:03:03 Logged telemetry for Mock RTX 4070 on gpu-2
2025/09/21 00:03:03 Logged telemetry for Mock RTX 4080 on gpu-1
2025/09/21 00:03:03 Logged telemetry for Mock RTX 4090 on gpu-0
2025/09/21 00:03:05 Logged telemetry for Mock RTX 4090 on gpu-0
2025/09/21 00:03:05 Logged telemetry for Mock RTX 4070 on gpu-2
2025/09/21 00:03:05 Logged telemetry for Mock RTX 4080 on gpu-1
2025/09/21 00:03:07 No jobs in queue. Predicting idle period. Sending sleep command.
2025/09/21 00:03:07 Would send sleep command to GPU agent
2025/09/21 00:03:07 Logged telemetry for Mock RTX 4080 on gpu-1
2025/09/21 00:03:07 Logged telemetry for Mock RTX 4090 on gpu-0
2025/09/21 00:03:07 Logged telemetry for Mock RTX 4070 on gpu-2
2025/09/21 00:03:09 Logged telemetry for Mock RTX 4070 on gpu-2
2025/09/21 00:03:09 Logged telemetry for Mock RTX 4080 on gpu-1
2025/09/21 00:03:09 Logged telemetry for Mock RTX 4090 on gpu-0
2025/09/21 00:03:11 Logged telemetry for Mock RTX 4090 on gpu-0
2025/09/21 00:03:11 Logged telemetry for Mock RTX 4070 on gpu-2
2025/09/21 00:03:11 Logged telemetry for Mock RTX 4080 on gpu-1
2025/09/21 00:03:12 No jobs in queue. Predicting idle period. Sending sleep command.
2025/09/21 00:03:12 Would send sleep command to GPU agent
2025/09/21 00:03:13 Logged telemetry for Mock RTX 4080 on gpu-1
2025/09/21 00:03:13 Logged telemetry for Mock RTX 4090 on gpu-0
2025/09/21 00:03:13 Logged telemetry for Mock RTX 4070 on gpu-2
2025/09/21 00:03:15 Logged telemetry for Mock RTX 4070 on gpu-2
2025/09/21 00:03:15 Logged telemetry for Mock RTX 4090 on gpu-0
2025/09/21 00:03:15 Logged telemetry for Mock RTX 4080 on gpu-1
2025/09/21 00:03:17 No jobs in queue. Predicting idle period. Sending sleep command.
2025/09/21 00:03:17 Would send sleep command to GPU agent
2025/09/21 00:03:17 Logged telemetry for Mock RTX 4080 on gpu-1
2025/09/21 00:03:17 Logged telemetry for Mock RTX 4070 on gpu-2
2025/09/21 00:03:17 Logged telemetry for Mock RTX 4090 on gpu-0
2025/09/21 00:03:19 Logged telemetry for Mock RTX 4090 on gpu-0
2025/09/21 00:03:19 Logged telemetry for Mock RTX 4080 on gpu-1
2025/09/21 00:03:19 Logged telemetry for Mock RTX 4070 on gpu-2
2025/09/21 00:03:21 Logged telemetry for Mock RTX 4070 on gpu-2
2025/09/21 00:03:21 Logged telemetry for Mock RTX 4090 on gpu-0
2025/09/21 00:03:21 Logged telemetry for Mock RTX 4080 on gpu-1
2025/09/21 00:03:22 No jobs in queue. Predicting idle period. Sending sleep command.
2025/09/21 00:03:22 Would send sleep command to GPU agent
2025/09/21 00:03:23 Logged telemetry for Mock RTX 4080 on gpu-1
2025/09/21 00:03:23 Logged telemetry for Mock RTX 4070 on gpu-2
2025/09/21 00:03:23 Logged telemetry for Mock RTX 4090 on gpu-0
2025/09/21 00:03:25 Logged telemetry for Mock RTX 4090 on gpu-0
2025/09/21 00:03:25 Logged telemetry for Mock RTX 4080 on gpu-1
2025/09/21 00:03:25 Logged telemetry for Mock RTX 4070 on gpu-2
2025/09/21 00:03:27 No jobs in queue. Predicting idle period. Sending sleep command.
2025/09/21 00:03:27 Would send sleep command to GPU agent
2025/09/21 00:03:27 Logged telemetry for Mock RTX 4070 on gpu-2
2025/09/21 00:03:27 Logged telemetry for Mock RTX 4090 on gpu-0
2025/09/21 00:03:27 Logged telemetry for Mock RTX 4080 on gpu-1
2025/09/21 00:03:29 Logged telemetry for Mock RTX 4080 on gpu-1
2025/09/21 00:03:29 Logged telemetry for Mock RTX 4070 on gpu-2
2025/09/21 00:03:29 Logged telemetry for Mock RTX 4090 on gpu-0
2025/09/21 00:03:31 Logged telemetry for Mock RTX 4090 on gpu-0
2025/09/21 00:03:31 Logged telemetry for Mock RTX 4080 on gpu-1
2025/09/21 00:03:31 Logged telemetry for Mock RTX 4070 on gpu-2
2025/09/21 00:03:32 No jobs in queue. Predicting idle period. Sending sleep command.
2025/09/21 00:03:32 Would send sleep command to GPU agent
2025/09/21 00:03:33 Logged telemetry for Mock RTX 4070 on gpu-2
2025/09/21 00:03:33 Logged telemetry for Mock RTX 4090 on gpu-0
2025/09/21 00:03:33 Logged telemetry for Mock RTX 4080 on gpu-1
2025/09/21 00:03:35 Logged telemetry for Mock RTX 4080 on gpu-1
2025/09/21 00:03:35 Logged telemetry for Mock RTX 4070 on gpu-2
2025/09/21 00:03:35 Logged telemetry for Mock RTX 4090 on gpu-0
2025/09/21 00:03:37 No jobs in queue. Predicting idle period. Sending sleep command.
2025/09/21 00:03:37 Would send sleep command to GPU agent
2025/09/21 00:03:37 Logged telemetry for Mock RTX 4090 on gpu-0
2025/09/21 00:03:37 Logged telemetry for Mock RTX 4080 on gpu-1
2025/09/21 00:03:37 Logged telemetry for Mock RTX 4070 on gpu-2
2025/09/21 00:03:39 Logged telemetry for Mock RTX 4070 on gpu-2
2025/09/21 00:03:39 Logged telemetry for Mock RTX 4090 on gpu-0
2025/09/21 00:03:39 Logged telemetry for Mock RTX 4080 on gpu-1
2025/09/21 00:03:41 Logged telemetry for Mock RTX 4080 on gpu-1
2025/09/21 00:03:41 Logged telemetry for Mock RTX 4070 on gpu-2
2025/09/21 00:03:41 Logged telemetry for Mock RTX 4090 on gpu-0
2025/09/21 00:03:42 No jobs in queue. Predicting idle period. Sending sleep command.
2025/09/21 00:03:42 Would send sleep command to GPU agent
2025/09/21 00:03:43 Logged telemetry for Mock RTX 4090 on gpu-0
2025/09/21 00:03:43 Logged telemetry for Mock RTX 4080 on gpu-1
2025/09/21 00:03:43 Logged telemetry for Mock RTX 4070 on gpu-2
2025/09/21 00:03:45 Logged telemetry for Mock RTX 4070 on gpu-2
2025/09/21 00:03:45 Logged telemetry for Mock RTX 4090 on gpu-0
2025/09/21 00:03:45 Logged telemetry for Mock RTX 4080 on gpu-1
2025/09/21 00:03:47 No jobs in queue. Predicting idle period. Sending sleep command.
2025/09/21 00:03:47 Would send sleep command to GPU agent
2025/09/21 00:03:47 Logged telemetry for Mock RTX 4080 on gpu-1
2025/09/21 00:03:47 Logged telemetry for Mock RTX 4070 on gpu-2
2025/09/21 00:03:47 Logged telemetry for Mock RTX 4090 on gpu-0
2025/09/21 00:03:49 Logged telemetry for Mock RTX 4080 on gpu-1
2025/09/21 00:03:49 Logged telemetry for Mock RTX 4090 on gpu-0
2025/09/21 00:03:49 Logged telemetry for Mock RTX 4070 on gpu-2
2025/09/21 00:03:51 Logged telemetry for Mock RTX 4070 on gpu-2
2025/09/21 00:03:51 Logged telemetry for Mock RTX 4090 on gpu-0
2025/09/21 00:03:51 Logged telemetry for Mock RTX 4080 on gpu-1
2025/09/21 00:03:52 No jobs in queue. Predicting idle period. Sending sleep command.
2025/09/21 00:03:52 Would send sleep command to GPU agent
2025/09/21 00:03:53 Logged telemetry for Mock RTX 4080 on gpu-1
2025/09/21 00:03:53 Logged telemetry for Mock RTX 4070 on gpu-2
2025/09/21 00:03:53 Logged telemetry for Mock RTX 4090 on gpu-0
2025/09/21 00:03:55 Logged telemetry for Mock RTX 4090 on gpu-0
2025/09/21 00:03:55 Logged telemetry for Mock RTX 4080 on gpu-1
2025/09/21 00:03:55 Logged telemetry for Mock RTX 4070 on gpu-2
2025/09/21 00:03:57 No jobs in queue. Predicting idle period. Sending sleep command.
2025/09/21 00:03:57 Would send sleep command to GPU agent
2025/09/21 00:03:57 Logged telemetry for Mock RTX 4070 on gpu-2
2025/09/21 00:03:57 Logged telemetry for Mock RTX 4080 on gpu-1
2025/09/21 00:03:57 Logged telemetry for Mock RTX 4090 on gpu-0
2025/09/21 00:03:59 Logged telemetry for Mock RTX 4090 on gpu-0
2025/09/21 00:03:59 Logged telemetry for Mock RTX 4070 on gpu-2
2025/09/21 00:03:59 Logged telemetry for Mock RTX 4080 on gpu-1
2025/09/21 00:04:01 Logged telemetry for Mock RTX 4080 on gpu-1
2025/09/21 00:04:01 Logged telemetry for Mock RTX 4090 on gpu-0
2025/09/21 00:04:01 Logged telemetry for Mock RTX 4070 on gpu-2
2025/09/21 00:04:02 No jobs in queue. Predicting idle period. Sending sleep command.
2025/09/21 00:04:02 Would send sleep command to GPU agent
2025/09/21 00:04:03 Logged telemetry for Mock RTX 4070 on gpu-2
2025/09/21 00:04:03 Logged telemetry for Mock RTX 4080 on gpu-1
2025/09/21 00:04:03 Logged telemetry for Mock RTX 4090 on gpu-0
2025/09/21 00:04:05 Logged telemetry for Mock RTX 4090 on gpu-0
2025/09/21 00:04:05 Logged telemetry for Mock RTX 4070 on gpu-2
2025/09/21 00:04:05 Logged telemetry for Mock RTX 4080 on gpu-1
2025/09/21 00:04:07 No jobs in queue. Predicting idle period. Sending sleep command.
2025/09/21 00:04:07 Would send sleep command to GPU agent
2025/09/21 00:04:07 Logged telemetry for Mock RTX 4080 on gpu-1
2025/09/21 00:04:07 Logged telemetry for Mock RTX 4090 on gpu-0
2025/09/21 00:04:07 Logged telemetry for Mock RTX 4070 on gpu-2
2025/09/21 00:04:09 Logged telemetry for Mock RTX 4070 on gpu-2
2025/09/21 00:04:09 Logged telemetry for Mock RTX 4080 on gpu-1
2025/09/21 00:04:09 Logged telemetry for Mock RTX 4090 on gpu-0
2025/09/21 00:04:11 Logged telemetry for Mock RTX 4090 on gpu-0
2025/09/21 00:04:11 Logged telemetry for Mock RTX 4070 on gpu-2
2025/09/21 00:04:11 Logged telemetry for Mock RTX 4080 on gpu-1
2025/09/21 00:04:12 No jobs in queue. Predicting idle period. Sending sleep command.
2025/09/21 00:04:12 Would send sleep command to GPU agent
2025/09/21 00:04:13 Logged telemetry for Mock RTX 4080 on gpu-1
2025/09/21 00:04:13 Logged telemetry for Mock RTX 4090 on gpu-0
2025/09/21 00:04:13 Logged telemetry for Mock RTX 4070 on gpu-2
2025/09/21 00:04:15 Logged telemetry for Mock RTX 4070 on gpu-2
2025/09/21 00:04:15 Logged telemetry for Mock RTX 4080 on gpu-1
2025/09/21 00:04:15 Logged telemetry for Mock RTX 4090 on gpu-0
2025/09/21 00:04:17 No jobs in queue. Predicting idle period. Sending sleep command.
2025/09/21 00:04:17 Would send sleep command to GPU agent
2025/09/21 00:04:17 Logged telemetry for Mock RTX 4090 on gpu-0
2025/09/21 00:04:17 Logged telemetry for Mock RTX 4070 on gpu-2
2025/09/21 00:04:17 Logged telemetry for Mock RTX 4080 on gpu-1
2025/09/21 00:04:19 Logged telemetry for Mock RTX 4080 on gpu-1
2025/09/21 00:04:19 Logged telemetry for Mock RTX 4090 on gpu-0
2025/09/21 00:04:19 Logged telemetry for Mock RTX 4070 on gpu-2
2025/09/21 00:04:21 Logged telemetry for Mock RTX 4080 on gpu-1
2025/09/21 00:04:21 Logged telemetry for Mock RTX 4070 on gpu-2
2025/09/21 00:04:21 Logged telemetry for Mock RTX 4090 on gpu-0
2025/09/21 00:04:22 No jobs in queue. Predicting idle period. Sending sleep command.
2025/09/21 00:04:22 Would send sleep command to GPU agent
2025/09/21 00:04:23 Logged telemetry for Mock RTX 4090 on gpu-0
2025/09/21 00:04:23 Logged telemetry for Mock RTX 4070 on gpu-2
2025/09/21 00:04:23 Logged telemetry for Mock RTX 4080 on gpu-1
2025/09/21 00:04:25 Logged telemetry for Mock RTX 4080 on gpu-1
2025/09/21 00:04:25 Logged telemetry for Mock RTX 4090 on gpu-0
2025/09/21 00:04:25 Logged telemetry for Mock RTX 4070 on gpu-2
2025/09/21 00:04:27 No jobs in queue. Predicting idle period. Sending sleep command.
2025/09/21 00:04:27 Would send sleep command to GPU agent
2025/09/21 00:04:27 Logged telemetry for Mock RTX 4070 on gpu-2
2025/09/21 00:04:27 Logged telemetry for Mock RTX 4080 on gpu-1
2025/09/21 00:04:27 Logged telemetry for Mock RTX 4090 on gpu-0
2025/09/21 00:04:29 Logged telemetry for Mock RTX 4090 on gpu-0
2025/09/21 00:04:29 Logged telemetry for Mock RTX 4080 on gpu-1
2025/09/21 00:04:29 Logged telemetry for Mock RTX 4070 on gpu-2
2025/09/21 00:04:31 Logged telemetry for Mock RTX 4070 on gpu-2
2025/09/21 00:04:31 Logged telemetry for Mock RTX 4090 on gpu-0
2025/09/21 00:04:31 Logged telemetry for Mock RTX 4080 on gpu-1
2025/09/21 00:04:32 No jobs in queue. Predicting idle period. Sending sleep command.
2025/09/21 00:04:32 Would send sleep command to GPU agent
2025/09/21 00:04:33 Logged telemetry for Mock RTX 4080 on gpu-1
2025/09/21 00:04:33 Logged telemetry for Mock RTX 4090 on gpu-0
2025/09/21 00:04:33 Logged telemetry for Mock RTX 4070 on gpu-2
2025/09/21 00:04:35 Logged telemetry for Mock RTX 4070 on gpu-2
2025/09/21 00:04:35 Logged telemetry for Mock RTX 4080 on gpu-1
2025/09/21 00:04:35 Logged telemetry for Mock RTX 4090 on gpu-0
2025/09/21 00:04:37 No jobs in queue. Predicting idle period. Sending sleep command.
2025/09/21 00:04:37 Would send sleep command to GPU agent
2025/09/21 00:04:37 Logged telemetry for Mock RTX 4090 on gpu-0
2025/09/21 00:04:37 Logged telemetry for Mock RTX 4070 on gpu-2
2025/09/21 00:04:37 Logged telemetry for Mock RTX 4080 on gpu-1
2025/09/21 00:04:39 Logged telemetry for Mock RTX 4090 on gpu-0
2025/09/21 00:04:39 Logged telemetry for Mock RTX 4080 on gpu-1
2025/09/21 00:04:39 Logged telemetry for Mock RTX 4070 on gpu-2
2025/09/21 00:04:41 Logged telemetry for Mock RTX 4070 on gpu-2
2025/09/21 00:04:41 Logged telemetry for Mock RTX 4080 on gpu-1
2025/09/21 00:04:41 Logged telemetry for Mock RTX 4090 on gpu-0
2025/09/21 00:04:42 No jobs in queue. Predicting idle period. Sending sleep command.
2025/09/21 00:04:42 Would send sleep command to GPU agent
2025/09/21 00:04:43 Logged telemetry for Mock RTX 4090 on gpu-0
2025/09/21 00:04:43 Logged telemetry for Mock RTX 4070 on gpu-2
2025/09/21 00:04:43 Logged telemetry for Mock RTX 4080 on gpu-1
2025/09/21 00:04:45 Logged telemetry for Mock RTX 4080 on gpu-1
2025/09/21 00:04:45 Logged telemetry for Mock RTX 4090 on gpu-0
2025/09/21 00:04:45 Logged telemetry for Mock RTX 4070 on gpu-2
2025/09/21 00:04:47 No jobs in queue. Predicting idle period. Sending sleep command.
2025/09/21 00:04:47 Would send sleep command to GPU agent
2025/09/21 00:04:47 Logged telemetry for Mock RTX 4070 on gpu-2
2025/09/21 00:04:47 Logged telemetry for Mock RTX 4080 on gpu-1
2025/09/21 00:04:47 Logged telemetry for Mock RTX 4090 on gpu-0
2025/09/21 00:04:49 Logged telemetry for Mock RTX 4080 on gpu-1
2025/09/21 00:04:49 Logged telemetry for Mock RTX 4070 on gpu-2
2025/09/21 00:04:49 Logged telemetry for Mock RTX 4090 on gpu-0
2025/09/21 00:04:51 Logged telemetry for Mock RTX 4090 on gpu-0
2025/09/21 00:04:51 Logged telemetry for Mock RTX 4080 on gpu-1
2025/09/21 00:04:51 Logged telemetry for Mock RTX 4070 on gpu-2
2025/09/21 00:04:52 No jobs in queue. Predicting idle period. Sending sleep command.
2025/09/21 00:04:52 Would send sleep command to GPU agent
2025/09/21 00:04:53 Logged telemetry for Mock RTX 4070 on gpu-2
2025/09/21 00:04:53 Logged telemetry for Mock RTX 4090 on gpu-0
2025/09/21 00:04:53 Logged telemetry for Mock RTX 4080 on gpu-1
2025/09/21 00:04:55 Logged telemetry for Mock RTX 4080 on gpu-1
2025/09/21 00:04:55 Logged telemetry for Mock RTX 4070 on gpu-2
2025/09/21 00:04:55 Logged telemetry for Mock RTX 4090 on gpu-0
2025/09/21 00:04:57 No jobs in queue. Predicting idle period. Sending sleep command.
2025/09/21 00:04:57 Would send sleep command to GPU agent
2025/09/21 00:04:57 Logged telemetry for Mock RTX 4090 on gpu-0
2025/09/21 00:04:57 Logged telemetry for Mock RTX 4080 on gpu-1
2025/09/21 00:04:57 Logged telemetry for Mock RTX 4070 on gpu-2
2025/09/21 00:04:59 Logged telemetry for Mock RTX 4070 on gpu-2
2025/09/21 00:04:59 Logged telemetry for Mock RTX 4090 on gpu-0
2025/09/21 00:04:59 Logged telemetry for Mock RTX 4080 on gpu-1
2025/09/21 00:05:01 Logged telemetry for Mock RTX 4080 on gpu-1
2025/09/21 00:05:01 Logged telemetry for Mock RTX 4070 on gpu-2
2025/09/21 00:05:01 Logged telemetry for Mock RTX 4090 on gpu-0
2025/09/21 00:05:02 No jobs in queue. Predicting idle period. Sending sleep command.
2025/09/21 00:05:02 Would send sleep command to GPU agent
2025/09/21 00:05:03 Logged telemetry for Mock RTX 4090 on gpu-0
2025/09/21 00:05:03 Logged telemetry for Mock RTX 4070 on gpu-2
2025/09/21 00:05:03 Logged telemetry for Mock RTX 4080 on gpu-1
2025/09/21 00:05:05 Logged telemetry for Mock RTX 4080 on gpu-1
2025/09/21 00:05:05 Logged telemetry for Mock RTX 4090 on gpu-0
2025/09/21 00:05:05 Logged telemetry for Mock RTX 4070 on gpu-2
2025/09/21 00:05:07 No jobs in queue. Predicting idle period. Sending sleep command.
2025/09/21 00:05:07 Would send sleep command to GPU agent
2025/09/21 00:05:07 Logged telemetry for Mock RTX 4070 on gpu-2
2025/09/21 00:05:07 Logged telemetry for Mock RTX 4080 on gpu-1
2025/09/21 00:05:07 Logged telemetry for Mock RTX 4090 on gpu-0
2025/09/21 00:05:09 Logged telemetry for Mock RTX 4090 on gpu-0
2025/09/21 00:05:09 Logged telemetry for Mock RTX 4070 on gpu-2
2025/09/21 00:05:09 Logged telemetry for Mock RTX 4080 on gpu-1
2025/09/21 00:05:11 Logged telemetry for Mock RTX 4080 on gpu-1
2025/09/21 00:05:11 Logged telemetry for Mock RTX 4090 on gpu-0
2025/09/21 00:05:11 Logged telemetry for Mock RTX 4070 on gpu-2
2025/09/21 00:05:12 No jobs in queue. Predicting idle period. Sending sleep command.
2025/09/21 00:05:12 Would send sleep command to GPU agent
2025/09/21 00:05:13 Logged telemetry for Mock RTX 4070 on gpu-2
2025/09/21 00:05:13 Logged telemetry for Mock RTX 4080 on gpu-1
2025/09/21 00:05:13 Logged telemetry for Mock RTX 4090 on gpu-0
2025/09/21 00:05:15 Logged telemetry for Mock RTX 4090 on gpu-0
2025/09/21 00:05:15 Logged telemetry for Mock RTX 4070 on gpu-2
2025/09/21 00:05:15 Logged telemetry for Mock RTX 4080 on gpu-1
2025/09/21 00:05:17 No jobs in queue. Predicting idle period. Sending sleep command.
2025/09/21 00:05:17 Would send sleep command to GPU agent
2025/09/21 00:05:17 Logged telemetry for Mock RTX 4080 on gpu-1
2025/09/21 00:05:17 Logged telemetry for Mock RTX 4090 on gpu-0
2025/09/21 00:05:17 Logged telemetry for Mock RTX 4070 on gpu-2
2025/09/21 00:05:19 Logged telemetry for Mock RTX 4070 on gpu-2
2025/09/21 00:05:19 Logged telemetry for Mock RTX 4090 on gpu-0
2025/09/21 00:05:19 Logged telemetry for Mock RTX 4080 on gpu-1
2025/09/21 00:05:21 Logged telemetry for Mock RTX 4080 on gpu-1
2025/09/21 00:05:21 Logged telemetry for Mock RTX 4070 on gpu-2
2025/09/21 00:05:21 Logged telemetry for Mock RTX 4090 on gpu-0
2025/09/21 00:05:22 No jobs in queue. Predicting idle period. Sending sleep command.
2025/09/21 00:05:22 Would send sleep command to GPU agent
2025/09/21 00:05:23 Logged telemetry for Mock RTX 4090 on gpu-0
2025/09/21 00:05:23 Logged telemetry for Mock RTX 4080 on gpu-1
2025/09/21 00:05:23 Logged telemetry for Mock RTX 4070 on gpu-2
2025/09/21 00:05:25 Logged telemetry for Mock RTX 4070 on gpu-2
2025/09/21 00:05:25 Logged telemetry for Mock RTX 4090 on gpu-0
2025/09/21 00:05:25 Logged telemetry for Mock RTX 4080 on gpu-1
2025/09/21 00:05:27 No jobs in queue. Predicting idle period. Sending sleep command.
2025/09/21 00:05:27 Would send sleep command to GPU agent
2025/09/21 00:05:27 Logged telemetry for Mock RTX 4080 on gpu-1
2025/09/21 00:05:27 Logged telemetry for Mock RTX 4070 on gpu-2
2025/09/21 00:05:27 Logged telemetry for Mock RTX 4090 on gpu-0
2025/09/21 00:05:29 Logged telemetry for Mock RTX 4090 on gpu-0
2025/09/21 00:05:29 Logged telemetry for Mock RTX 4080 on gpu-1
2025/09/21 00:05:29 Logged telemetry for Mock RTX 4070 on gpu-2
2025/09/21 00:05:31 Logged telemetry for Mock RTX 4070 on gpu-2
2025/09/21 00:05:31 Logged telemetry for Mock RTX 4090 on gpu-0
2025/09/21 00:05:31 Logged telemetry for Mock RTX 4080 on gpu-1
2025/09/21 00:05:32 No jobs in queue. Predicting idle period. Sending sleep command.
2025/09/21 00:05:32 Would send sleep command to GPU agent
2025/09/21 00:05:33 Logged telemetry for Mock RTX 4080 on gpu-1
2025/09/21 00:05:33 Logged telemetry for Mock RTX 4070 on gpu-2
2025/09/21 00:05:33 Logged telemetry for Mock RTX 4090 on gpu-0
2025/09/21 00:05:35 Logged telemetry for Mock RTX 4090 on gpu-0
2025/09/21 00:05:35 Logged telemetry for Mock RTX 4080 on gpu-1
2025/09/21 00:05:35 Logged telemetry for Mock RTX 4070 on gpu-2
2025/09/21 00:05:37 No jobs in queue. Predicting idle period. Sending sleep command.
2025/09/21 00:05:37 Would send sleep command to GPU agent
2025/09/21 00:05:37 Logged telemetry for Mock RTX 4070 on gpu-2
2025/09/21 00:05:37 Logged telemetry for Mock RTX 4090 on gpu-0
2025/09/21 00:05:37 Logged telemetry for Mock RTX 4080 on gpu-1
2025/09/21 00:05:39 Logged telemetry for Mock RTX 4080 on gpu-1
2025/09/21 00:05:39 Logged telemetry for Mock RTX 4070 on gpu-2
2025/09/21 00:05:39 Logged telemetry for Mock RTX 4090 on gpu-0
2025/09/21 00:05:41 Logged telemetry for Mock RTX 4080 on gpu-1
2025/09/21 00:05:41 Logged telemetry for Mock RTX 4090 on gpu-0
2025/09/21 00:05:41 Logged telemetry for Mock RTX 4070 on gpu-2
2025/09/21 00:05:42 No jobs in queue. Predicting idle period. Sending sleep command.
2025/09/21 00:05:42 Would send sleep command to GPU agent
2025/09/21 00:05:43 Logged telemetry for Mock RTX 4070 on gpu-2
2025/09/21 00:05:43 Logged telemetry for Mock RTX 4080 on gpu-1
2025/09/21 00:05:43 Logged telemetry for Mock RTX 4090 on gpu-0
2025/09/21 00:05:45 Logged telemetry for Mock RTX 4070 on gpu-2
2025/09/21 00:05:45 Logged telemetry for Mock RTX 4090 on gpu-0
2025/09/21 00:05:45 Logged telemetry for Mock RTX 4080 on gpu-1
2025/09/21 00:05:47 No jobs in queue. Predicting idle period. Sending sleep command.
2025/09/21 00:05:47 Would send sleep command to GPU agent
2025/09/21 00:05:47 Logged telemetry for Mock RTX 4080 on gpu-1
2025/09/21 00:05:47 Logged telemetry for Mock RTX 4090 on gpu-0
2025/09/21 00:05:47 Logged telemetry for Mock RTX 4070 on gpu-2
2025/09/21 00:05:49 Logged telemetry for Mock RTX 4070 on gpu-2
2025/09/21 00:05:49 Logged telemetry for Mock RTX 4080 on gpu-1
2025/09/21 00:05:49 Logged telemetry for Mock RTX 4090 on gpu-0
2025/09/21 00:05:51 Logged telemetry for Mock RTX 4090 on gpu-0
2025/09/21 00:05:51 Logged telemetry for Mock RTX 4070 on gpu-2
2025/09/21 00:05:51 Logged telemetry for Mock RTX 4080 on gpu-1
2025/09/21 00:05:52 No jobs in queue. Predicting idle period. Sending sleep command.
2025/09/21 00:05:52 Would send sleep command to GPU agent
2025/09/21 00:05:53 Logged telemetry for Mock RTX 4080 on gpu-1
2025/09/21 00:05:53 Logged telemetry for Mock RTX 4090 on gpu-0
2025/09/21 00:05:53 Logged telemetry for Mock RTX 4070 on gpu-2
2025/09/21 00:05:55 Logged telemetry for Mock RTX 4070 on gpu-2
2025/09/21 00:05:55 Logged telemetry for Mock RTX 4080 on gpu-1
2025/09/21 00:05:55 Logged telemetry for Mock RTX 4090 on gpu-0
2025/09/21 00:05:57 No jobs in queue. Predicting idle period. Sending sleep command.
2025/09/21 00:05:57 Would send sleep command to GPU agent
2025/09/21 00:05:57 Logged telemetry for Mock RTX 4090 on gpu-0
2025/09/21 00:05:57 Logged telemetry for Mock RTX 4080 on gpu-1
2025/09/21 00:05:57 Logged telemetry for Mock RTX 4070 on gpu-2
2025/09/21 00:05:59 Logged telemetry for Mock RTX 4070 on gpu-2
2025/09/21 00:05:59 Logged telemetry for Mock RTX 4090 on gpu-0
2025/09/21 00:05:59 Logged telemetry for Mock RTX 4080 on gpu-1
2025/09/21 00:06:01 Logged telemetry for Mock RTX 4080 on gpu-1
2025/09/21 00:06:01 Logged telemetry for Mock RTX 4090 on gpu-0
2025/09/21 00:06:01 Logged telemetry for Mock RTX 4070 on gpu-2
2025/09/21 00:06:02 No jobs in queue. Predicting idle period. Sending sleep command.
2025/09/21 00:06:02 Would send sleep command to GPU agent
2025/09/21 00:06:03 Logged telemetry for Mock RTX 4070 on gpu-2
2025/09/21 00:06:03 Logged telemetry for Mock RTX 4080 on gpu-1
2025/09/21 00:06:03 Logged telemetry for Mock RTX 4090 on gpu-0
2025/09/21 00:06:05 Logged telemetry for Mock RTX 4090 on gpu-0
2025/09/21 00:06:05 Logged telemetry for Mock RTX 4070 on gpu-2
2025/09/21 00:06:05 Logged telemetry for Mock RTX 4080 on gpu-1
2025/09/21 00:06:07 No jobs in queue. Predicting idle period. Sending sleep command.
2025/09/21 00:06:07 Would send sleep command to GPU agent
2025/09/21 00:06:07 Logged telemetry for Mock RTX 4080 on gpu-1
2025/09/21 00:06:07 Logged telemetry for Mock RTX 4090 on gpu-0
2025/09/21 00:06:07 Logged telemetry for Mock RTX 4070 on gpu-2
2025/09/21 00:06:09 Logged telemetry for Mock RTX 4070 on gpu-2
2025/09/21 00:06:09 Logged telemetry for Mock RTX 4080 on gpu-1
2025/09/21 00:06:09 Logged telemetry for Mock RTX 4090 on gpu-0
2025/09/21 00:06:11 Logged telemetry for Mock RTX 4090 on gpu-0
2025/09/21 00:06:11 Logged telemetry for Mock RTX 4070 on gpu-2
2025/09/21 00:06:11 Logged telemetry for Mock RTX 4080 on gpu-1
2025/09/21 00:06:12 No jobs in queue. Predicting idle period. Sending sleep command.
2025/09/21 00:06:12 Would send sleep command to GPU agent
2025/09/21 00:06:13 Logged telemetry for Mock RTX 4080 on gpu-1
2025/09/21 00:06:13 Logged telemetry for Mock RTX 4090 on gpu-0
2025/09/21 00:06:13 Logged telemetry for Mock RTX 4070 on gpu-2
2025/09/21 00:06:15 Logged telemetry for Mock RTX 4070 on gpu-2
2025/09/21 00:06:15 Logged telemetry for Mock RTX 4080 on gpu-1
2025/09/21 00:06:15 Logged telemetry for Mock RTX 4090 on gpu-0
2025/09/21 00:06:17 No jobs in queue. Predicting idle period. Sending sleep command.
2025/09/21 00:06:17 Would send sleep command to GPU agent
2025/09/21 00:06:17 Logged telemetry for Mock RTX 4090 on gpu-0
2025/09/21 00:06:17 Logged telemetry for Mock RTX 4070 on gpu-2
2025/09/21 00:06:17 Logged telemetry for Mock RTX 4080 on gpu-1
2025/09/21 00:06:19 Logged telemetry for Mock RTX 4080 on gpu-1
2025/09/21 00:06:19 Logged telemetry for Mock RTX 4090 on gpu-0
2025/09/21 00:06:19 Logged telemetry for Mock RTX 4070 on gpu-2
2025/09/21 00:06:21 Logged telemetry for Mock RTX 4070 on gpu-2
2025/09/21 00:06:21 Logged telemetry for Mock RTX 4080 on gpu-1
2025/09/21 00:06:21 Logged telemetry for Mock RTX 4090 on gpu-0
2025/09/21 00:06:22 No jobs in queue. Predicting idle period. Sending sleep command.
2025/09/21 00:06:22 Would send sleep command to GPU agent
2025/09/21 00:06:23 Logged telemetry for Mock RTX 4090 on gpu-0
2025/09/21 00:06:23 Logged telemetry for Mock RTX 4070 on gpu-2
2025/09/21 00:06:23 Logged telemetry for Mock RTX 4080 on gpu-1
2025/09/21 00:06:25 Logged telemetry for Mock RTX 4080 on gpu-1
2025/09/21 00:06:25 Logged telemetry for Mock RTX 4090 on gpu-0
2025/09/21 00:06:25 Logged telemetry for Mock RTX 4070 on gpu-2
2025/09/21 00:06:27 No jobs in queue. Predicting idle period. Sending sleep command.
2025/09/21 00:06:27 Would send sleep command to GPU agent
2025/09/21 00:06:27 Logged telemetry for Mock RTX 4070 on gpu-2
2025/09/21 00:06:27 Logged telemetry for Mock RTX 4090 on gpu-0
2025/09/21 00:06:27 Logged telemetry for Mock RTX 4080 on gpu-1
2025/09/21 00:06:29 Logged telemetry for Mock RTX 4080 on gpu-1
2025/09/21 00:06:29 Logged telemetry for Mock RTX 4070 on gpu-2
2025/09/21 00:06:29 Logged telemetry for Mock RTX 4090 on gpu-0
2025/09/21 00:06:31 Logged telemetry for Mock RTX 4090 on gpu-0
2025/09/21 00:06:31 Logged telemetry for Mock RTX 4080 on gpu-1
2025/09/21 00:06:31 Logged telemetry for Mock RTX 4070 on gpu-2
2025/09/21 00:06:32 No jobs in queue. Predicting idle period. Sending sleep command.
2025/09/21 00:06:32 Would send sleep command to GPU agent
2025/09/21 00:06:33 Logged telemetry for Mock RTX 4090 on gpu-0
2025/09/21 00:06:33 Logged telemetry for Mock RTX 4070 on gpu-2
2025/09/21 00:06:33 Logged telemetry for Mock RTX 4080 on gpu-1
2025/09/21 00:06:35 Logged telemetry for Mock RTX 4080 on gpu-1
2025/09/21 00:06:35 Logged telemetry for Mock RTX 4090 on gpu-0
2025/09/21 00:06:35 Logged telemetry for Mock RTX 4070 on gpu-2
2025/09/21 00:06:37 No jobs in queue. Predicting idle period. Sending sleep command.
2025/09/21 00:06:37 Would send sleep command to GPU agent
2025/09/21 00:06:37 Logged telemetry for Mock RTX 4070 on gpu-2
2025/09/21 00:06:37 Logged telemetry for Mock RTX 4080 on gpu-1
2025/09/21 00:06:37 Logged telemetry for Mock RTX 4090 on gpu-0
2025/09/21 00:06:39 Logged telemetry for Mock RTX 4090 on gpu-0
2025/09/21 00:06:39 Logged telemetry for Mock RTX 4070 on gpu-2
2025/09/21 00:06:39 Logged telemetry for Mock RTX 4080 on gpu-1
2025/09/21 00:06:41 Logged telemetry for Mock RTX 4080 on gpu-1
2025/09/21 00:06:41 Logged telemetry for Mock RTX 4090 on gpu-0
2025/09/21 00:06:41 Logged telemetry for Mock RTX 4070 on gpu-2
2025/09/21 00:06:42 No jobs in queue. Predicting idle period. Sending sleep command.
2025/09/21 00:06:42 Would send sleep command to GPU agent
2025/09/21 00:06:43 Logged telemetry for Mock RTX 4070 on gpu-2
2025/09/21 00:06:43 Logged telemetry for Mock RTX 4080 on gpu-1
2025/09/21 00:06:43 Logged telemetry for Mock RTX 4090 on gpu-0
2025/09/21 00:06:45 Logged telemetry for Mock RTX 4090 on gpu-0
2025/09/21 00:06:45 Logged telemetry for Mock RTX 4070 on gpu-2
2025/09/21 00:06:45 Logged telemetry for Mock RTX 4080 on gpu-1
2025/09/21 00:06:47 No jobs in queue. Predicting idle period. Sending sleep command.
2025/09/21 00:06:47 Would send sleep command to GPU agent
2025/09/21 00:06:47 Logged telemetry for Mock RTX 4080 on gpu-1
2025/09/21 00:06:47 Logged telemetry for Mock RTX 4090 on gpu-0
2025/09/21 00:06:47 Logged telemetry for Mock RTX 4070 on gpu-2
2025/09/21 00:06:49 Logged telemetry for Mock RTX 4070 on gpu-2
2025/09/21 00:06:49 Logged telemetry for Mock RTX 4080 on gpu-1
2025/09/21 00:06:49 Logged telemetry for Mock RTX 4090 on gpu-0
2025/09/21 00:06:51 Logged telemetry for Mock RTX 4090 on gpu-0
2025/09/21 00:06:51 Logged telemetry for Mock RTX 4070 on gpu-2
2025/09/21 00:06:51 Logged telemetry for Mock RTX 4080 on gpu-1
2025/09/21 00:06:52 No jobs in queue. Predicting idle period. Sending sleep command.
2025/09/21 00:06:52 Would send sleep command to GPU agent
2025/09/21 00:06:53 Logged telemetry for Mock RTX 4080 on gpu-1
2025/09/21 00:06:53 Logged telemetry for Mock RTX 4090 on gpu-0
2025/09/21 00:06:53 Logged telemetry for Mock RTX 4070 on gpu-2
2025/09/21 00:06:55 Logged telemetry for Mock RTX 4070 on gpu-2
2025/09/21 00:06:55 Logged telemetry for Mock RTX 4080 on gpu-1
2025/09/21 00:06:55 Logged telemetry for Mock RTX 4090 on gpu-0
2025/09/21 00:06:57 No jobs in queue. Predicting idle period. Sending sleep command.
2025/09/21 00:06:57 Would send sleep command to GPU agent
2025/09/21 00:06:57 Logged telemetry for Mock RTX 4070 on gpu-2
2025/09/21 00:06:57 Logged telemetry for Mock RTX 4090 on gpu-0
2025/09/21 00:06:57 Logged telemetry for Mock RTX 4080 on gpu-1
2025/09/21 00:06:59 Logged telemetry for Mock RTX 4080 on gpu-1
2025/09/21 00:06:59 Logged telemetry for Mock RTX 4070 on gpu-2
2025/09/21 00:06:59 Logged telemetry for Mock RTX 4090 on gpu-0
2025/09/21 00:07:01 Logged telemetry for Mock RTX 4090 on gpu-0
2025/09/21 00:07:01 Logged telemetry for Mock RTX 4080 on gpu-1
2025/09/21 00:07:01 Logged telemetry for Mock RTX 4070 on gpu-2
2025/09/21 00:07:02 No jobs in queue. Predicting idle period. Sending sleep command.
2025/09/21 00:07:02 Would send sleep command to GPU agent
2025/09/21 00:07:03 Logged telemetry for Mock RTX 4090 on gpu-0
2025/09/21 00:07:03 Logged telemetry for Mock RTX 4070 on gpu-2
2025/09/21 00:07:03 Logged telemetry for Mock RTX 4080 on gpu-1
2025/09/21 00:07:05 Logged telemetry for Mock RTX 4080 on gpu-1
2025/09/21 00:07:05 Logged telemetry for Mock RTX 4090 on gpu-0
2025/09/21 00:07:05 Logged telemetry for Mock RTX 4070 on gpu-2
2025/09/21 00:07:07 No jobs in queue. Predicting idle period. Sending sleep command.
2025/09/21 00:07:07 Would send sleep command to GPU agent
2025/09/21 00:07:07 Logged telemetry for Mock RTX 4070 on gpu-2
2025/09/21 00:07:07 Logged telemetry for Mock RTX 4080 on gpu-1
2025/09/21 00:07:07 Logged telemetry for Mock RTX 4090 on gpu-0
2025/09/21 00:07:09 Logged telemetry for Mock RTX 4090 on gpu-0
2025/09/21 00:07:09 Logged telemetry for Mock RTX 4070 on gpu-2
2025/09/21 00:07:09 Logged telemetry for Mock RTX 4080 on gpu-1
2025/09/21 00:07:11 Logged telemetry for Mock RTX 4080 on gpu-1
2025/09/21 00:07:11 Logged telemetry for Mock RTX 4090 on gpu-0
2025/09/21 00:07:11 Logged telemetry for Mock RTX 4070 on gpu-2
2025/09/21 00:07:12 No jobs in queue. Predicting idle period. Sending sleep command.
2025/09/21 00:07:12 Would send sleep command to GPU agent
2025/09/21 00:07:13 Logged telemetry for Mock RTX 4070 on gpu-2
2025/09/21 00:07:13 Logged telemetry for Mock RTX 4080 on gpu-1
2025/09/21 00:07:13 Logged telemetry for Mock RTX 4090 on gpu-0
2025/09/21 00:07:15 Logged telemetry for Mock RTX 4090 on gpu-0
2025/09/21 00:07:15 Logged telemetry for Mock RTX 4070 on gpu-2
2025/09/21 00:07:15 Logged telemetry for Mock RTX 4080 on gpu-1
2025/09/21 00:07:17 No jobs in queue. Predicting idle period. Sending sleep command.
2025/09/21 00:07:17 Would send sleep command to GPU agent
2025/09/21 00:07:17 Logged telemetry for Mock RTX 4080 on gpu-1
2025/09/21 00:07:17 Logged telemetry for Mock RTX 4090 on gpu-0
2025/09/21 00:07:17 Logged telemetry for Mock RTX 4070 on gpu-2
2025/09/21 00:07:19 Logged telemetry for Mock RTX 4070 on gpu-2
2025/09/21 00:07:19 Logged telemetry for Mock RTX 4080 on gpu-1
2025/09/21 00:07:19 Logged telemetry for Mock RTX 4090 on gpu-0
2025/09/21 00:07:21 Logged telemetry for Mock RTX 4090 on gpu-0
2025/09/21 00:07:21 Logged telemetry for Mock RTX 4070 on gpu-2
2025/09/21 00:07:21 Logged telemetry for Mock RTX 4080 on gpu-1
2025/09/21 00:07:22 No jobs in queue. Predicting idle period. Sending sleep command.
2025/09/21 00:07:22 Would send sleep command to GPU agent
2025/09/21 00:07:23 Logged telemetry for Mock RTX 4080 on gpu-1
2025/09/21 00:07:23 Logged telemetry for Mock RTX 4090 on gpu-0
2025/09/21 00:07:23 Logged telemetry for Mock RTX 4070 on gpu-2
2025/09/21 00:07:25 Logged telemetry for Mock RTX 4070 on gpu-2
2025/09/21 00:07:25 Logged telemetry for Mock RTX 4090 on gpu-0
2025/09/21 00:07:25 Logged telemetry for Mock RTX 4080 on gpu-1
2025/09/21 00:07:27 No jobs in queue. Predicting idle period. Sending sleep command.
2025/09/21 00:07:27 Would send sleep command to GPU agent
2025/09/21 00:07:27 Logged telemetry for Mock RTX 4080 on gpu-1
2025/09/21 00:07:27 Logged telemetry for Mock RTX 4070 on gpu-2
2025/09/21 00:07:27 Logged telemetry for Mock RTX 4090 on gpu-0
2025/09/21 00:07:29 Logged telemetry for Mock RTX 4090 on gpu-0
2025/09/21 00:07:29 Logged telemetry for Mock RTX 4080 on gpu-1
2025/09/21 00:07:29 Logged telemetry for Mock RTX 4070 on gpu-2
2025/09/21 00:07:31 Logged telemetry for Mock RTX 4070 on gpu-2
2025/09/21 00:07:31 Logged telemetry for Mock RTX 4090 on gpu-0
2025/09/21 00:07:31 Logged telemetry for Mock RTX 4080 on gpu-1
2025/09/21 00:07:32 No jobs in queue. Predicting idle period. Sending sleep command.
2025/09/21 00:07:32 Would send sleep command to GPU agent
2025/09/21 00:07:33 Logged telemetry for Mock RTX 4080 on gpu-1
2025/09/21 00:07:33 Logged telemetry for Mock RTX 4070 on gpu-2
2025/09/21 00:07:33 Logged telemetry for Mock RTX 4090 on gpu-0
2025/09/21 00:07:35 Logged telemetry for Mock RTX 4090 on gpu-0
2025/09/21 00:07:35 Logged telemetry for Mock RTX 4080 on gpu-1
2025/09/21 00:07:35 Logged telemetry for Mock RTX 4070 on gpu-2
2025/09/21 00:07:37 No jobs in queue. Predicting idle period. Sending sleep command.
2025/09/21 00:07:37 Would send sleep command to GPU agent
2025/09/21 00:07:37 Logged telemetry for Mock RTX 4070 on gpu-2
2025/09/21 00:07:37 Logged telemetry for Mock RTX 4090 on gpu-0
2025/09/21 00:07:37 Logged telemetry for Mock RTX 4080 on gpu-1
2025/09/21 00:07:39 Logged telemetry for Mock RTX 4080 on gpu-1
2025/09/21 00:07:39 Logged telemetry for Mock RTX 4070 on gpu-2
2025/09/21 00:07:39 Logged telemetry for Mock RTX 4090 on gpu-0
2025/09/21 00:07:41 Logged telemetry for Mock RTX 4090 on gpu-0
2025/09/21 00:07:41 Logged telemetry for Mock RTX 4080 on gpu-1
2025/09/21 00:07:41 Logged telemetry for Mock RTX 4070 on gpu-2
2025/09/21 00:07:42 No jobs in queue. Predicting idle period. Sending sleep command.
2025/09/21 00:07:42 Would send sleep command to GPU agent
2025/09/21 00:07:43 Logged telemetry for Mock RTX 4070 on gpu-2
2025/09/21 00:07:43 Logged telemetry for Mock RTX 4090 on gpu-0
2025/09/21 00:07:43 Logged telemetry for Mock RTX 4080 on gpu-1
2025/09/21 00:07:45 Logged telemetry for Mock RTX 4080 on gpu-1
2025/09/21 00:07:45 Logged telemetry for Mock RTX 4070 on gpu-2
2025/09/21 00:07:45 Logged telemetry for Mock RTX 4090 on gpu-0
2025/09/21 00:07:47 No jobs in queue. Predicting idle period. Sending sleep command.
2025/09/21 00:07:47 Would send sleep command to GPU agent
2025/09/21 00:07:47 Logged telemetry for Mock RTX 4090 on gpu-0
2025/09/21 00:07:47 Logged telemetry for Mock RTX 4080 on gpu-1
2025/09/21 00:07:47 Logged telemetry for Mock RTX 4070 on gpu-2
2025/09/21 00:07:49 Logged telemetry for Mock RTX 4070 on gpu-2
2025/09/21 00:07:49 Logged telemetry for Mock RTX 4090 on gpu-0
2025/09/21 00:07:49 Logged telemetry for Mock RTX 4080 on gpu-1
2025/09/21 00:07:51 Logged telemetry for Mock RTX 4080 on gpu-1
2025/09/21 00:07:51 Logged telemetry for Mock RTX 4070 on gpu-2
2025/09/21 00:07:51 Logged telemetry for Mock RTX 4090 on gpu-0
2025/09/21 00:07:52 No jobs in queue. Predicting idle period. Sending sleep command.
2025/09/21 00:07:52 Would send sleep command to GPU agent
2025/09/21 00:07:53 Logged telemetry for Mock RTX 4090 on gpu-0
2025/09/21 00:07:53 Logged telemetry for Mock RTX 4080 on gpu-1
2025/09/21 00:07:53 Logged telemetry for Mock RTX 4070 on gpu-2
2025/09/21 00:07:55 Logged telemetry for Mock RTX 4070 on gpu-2
2025/09/21 00:07:55 Logged telemetry for Mock RTX 4080 on gpu-1
2025/09/21 00:07:55 Logged telemetry for Mock RTX 4090 on gpu-0
2025/09/21 00:07:57 No jobs in queue. Predicting idle period. Sending sleep command.
2025/09/21 00:07:57 Would send sleep command to GPU agent
2025/09/21 00:07:57 Logged telemetry for Mock RTX 4090 on gpu-0
2025/09/21 00:07:57 Logged telemetry for Mock RTX 4070 on gpu-2
2025/09/21 00:07:57 Logged telemetry for Mock RTX 4080 on gpu-1
2025/09/21 00:07:59 Logged telemetry for Mock RTX 4080 on gpu-1
2025/09/21 00:07:59 Logged telemetry for Mock RTX 4090 on gpu-0
2025/09/21 00:07:59 Logged telemetry for Mock RTX 4070 on gpu-2
2025/09/21 00:08:01 Logged telemetry for Mock RTX 4080 on gpu-1
2025/09/21 00:08:01 Logged telemetry for Mock RTX 4070 on gpu-2
2025/09/21 00:08:01 Logged telemetry for Mock RTX 4090 on gpu-0
2025/09/21 00:08:02 No jobs in queue. Predicting idle period. Sending sleep command.
2025/09/21 00:08:02 Would send sleep command to GPU agent
2025/09/21 00:08:03 Logged telemetry for Mock RTX 4090 on gpu-0
2025/09/21 00:08:03 Logged telemetry for Mock RTX 4070 on gpu-2
2025/09/21 00:08:03 Logged telemetry for Mock RTX 4080 on gpu-1
2025/09/21 00:08:05 Logged telemetry for Mock RTX 4080 on gpu-1
2025/09/21 00:08:05 Logged telemetry for Mock RTX 4090 on gpu-0
2025/09/21 00:08:05 Logged telemetry for Mock RTX 4070 on gpu-2
2025/09/21 00:08:07 No jobs in queue. Predicting idle period. Sending sleep command.
2025/09/21 00:08:07 Would send sleep command to GPU agent
2025/09/21 00:08:07 Logged telemetry for Mock RTX 4070 on gpu-2
2025/09/21 00:08:07 Logged telemetry for Mock RTX 4080 on gpu-1
2025/09/21 00:08:07 Logged telemetry for Mock RTX 4090 on gpu-0
2025/09/21 00:08:09 Logged telemetry for Mock RTX 4090 on gpu-0
2025/09/21 00:08:09 Logged telemetry for Mock RTX 4080 on gpu-1
2025/09/21 00:08:09 Logged telemetry for Mock RTX 4070 on gpu-2
2025/09/21 00:08:11 Logged telemetry for Mock RTX 4070 on gpu-2
2025/09/21 00:08:11 Logged telemetry for Mock RTX 4090 on gpu-0
2025/09/21 00:08:11 Logged telemetry for Mock RTX 4080 on gpu-1
2025/09/21 00:08:12 No jobs in queue. Predicting idle period. Sending sleep command.
2025/09/21 00:08:12 Would send sleep command to GPU agent
2025/09/21 00:08:13 Logged telemetry for Mock RTX 4080 on gpu-1
2025/09/21 00:08:13 Logged telemetry for Mock RTX 4070 on gpu-2
2025/09/21 00:08:13 Logged telemetry for Mock RTX 4090 on gpu-0
2025/09/21 00:08:15 Logged telemetry for Mock RTX 4090 on gpu-0
2025/09/21 00:08:15 Logged telemetry for Mock RTX 4080 on gpu-1
2025/09/21 00:08:15 Logged telemetry for Mock RTX 4070 on gpu-2
2025/09/21 00:08:17 No jobs in queue. Predicting idle period. Sending sleep command.
2025/09/21 00:08:17 Would send sleep command to GPU agent
2025/09/21 00:08:17 Logged telemetry for Mock RTX 4070 on gpu-2
2025/09/21 00:08:17 Logged telemetry for Mock RTX 4090 on gpu-0
2025/09/21 00:08:17 Logged telemetry for Mock RTX 4080 on gpu-1
2025/09/21 00:08:19 Logged telemetry for Mock RTX 4080 on gpu-1
2025/09/21 00:08:19 Logged telemetry for Mock RTX 4070 on gpu-2
2025/09/21 00:08:19 Logged telemetry for Mock RTX 4090 on gpu-0
2025/09/21 00:08:21 Logged telemetry for Mock RTX 4090 on gpu-0
2025/09/21 00:08:21 Logged telemetry for Mock RTX 4080 on gpu-1
2025/09/21 00:08:21 Logged telemetry for Mock RTX 4070 on gpu-2
2025/09/21 00:08:22 No jobs in queue. Predicting idle period. Sending sleep command.
2025/09/21 00:08:22 Would send sleep command to GPU agent
2025/09/21 00:08:23 Logged telemetry for Mock RTX 4070 on gpu-2
2025/09/21 00:08:23 Logged telemetry for Mock RTX 4090 on gpu-0
2025/09/21 00:08:23 Logged telemetry for Mock RTX 4080 on gpu-1
2025/09/21 00:08:25 Logged telemetry for Mock RTX 4080 on gpu-1
2025/09/21 00:08:25 Logged telemetry for Mock RTX 4070 on gpu-2
2025/09/21 00:08:25 Logged telemetry for Mock RTX 4090 on gpu-0
2025/09/21 00:08:27 No jobs in queue. Predicting idle period. Sending sleep command.
2025/09/21 00:08:27 Would send sleep command to GPU agent
2025/09/21 00:08:27 Logged telemetry for Mock RTX 4090 on gpu-0
2025/09/21 00:08:27 Logged telemetry for Mock RTX 4080 on gpu-1
2025/09/21 00:08:27 Logged telemetry for Mock RTX 4070 on gpu-2
2025/09/21 00:08:29 Logged telemetry for Mock RTX 4070 on gpu-2
2025/09/21 00:08:29 Logged telemetry for Mock RTX 4090 on gpu-0
2025/09/21 00:08:29 Logged telemetry for Mock RTX 4080 on gpu-1
2025/09/21 00:08:31 Logged telemetry for Mock RTX 4080 on gpu-1
2025/09/21 00:08:31 Logged telemetry for Mock RTX 4070 on gpu-2
2025/09/21 00:08:31 Logged telemetry for Mock RTX 4090 on gpu-0
2025/09/21 00:08:32 No jobs in queue. Predicting idle period. Sending sleep command.
2025/09/21 00:08:32 Would send sleep command to GPU agent
2025/09/21 00:08:33 Logged telemetry for Mock RTX 4080 on gpu-1
2025/09/21 00:08:33 Logged telemetry for Mock RTX 4070 on gpu-2
2025/09/21 00:08:33 Logged telemetry for Mock RTX 4090 on gpu-0
2025/09/21 00:08:35 Logged telemetry for Mock RTX 4090 on gpu-0
2025/09/21 00:08:35 Logged telemetry for Mock RTX 4080 on gpu-1
2025/09/21 00:08:35 Logged telemetry for Mock RTX 4070 on gpu-2
2025/09/21 00:08:37 No jobs in queue. Predicting idle period. Sending sleep command.
2025/09/21 00:08:37 Would send sleep command to GPU agent
2025/09/21 00:08:37 Logged telemetry for Mock RTX 4090 on gpu-0
2025/09/21 00:08:37 Logged telemetry for Mock RTX 4080 on gpu-1
2025/09/21 00:08:37 Logged telemetry for Mock RTX 4070 on gpu-2
2025/09/21 00:08:39 Logged telemetry for Mock RTX 4070 on gpu-2
2025/09/21 00:08:39 Logged telemetry for Mock RTX 4090 on gpu-0
2025/09/21 00:08:39 Logged telemetry for Mock RTX 4080 on gpu-1
2025/09/21 00:08:41 Logged telemetry for Mock RTX 4080 on gpu-1
2025/09/21 00:08:41 Logged telemetry for Mock RTX 4070 on gpu-2
2025/09/21 00:08:41 Logged telemetry for Mock RTX 4090 on gpu-0
2025/09/21 00:08:42 No jobs in queue. Predicting idle period. Sending sleep command.
2025/09/21 00:08:42 Would send sleep command to GPU agent
2025/09/21 00:08:43 Logged telemetry for Mock RTX 4090 on gpu-0
2025/09/21 00:08:43 Logged telemetry for Mock RTX 4080 on gpu-1
2025/09/21 00:08:43 Logged telemetry for Mock RTX 4070 on gpu-2
2025/09/21 00:08:45 Logged telemetry for Mock RTX 4070 on gpu-2
2025/09/21 00:08:45 Logged telemetry for Mock RTX 4090 on gpu-0
2025/09/21 00:08:45 Logged telemetry for Mock RTX 4080 on gpu-1
2025/09/21 00:08:47 No jobs in queue. Predicting idle period. Sending sleep command.
2025/09/21 00:08:47 Would send sleep command to GPU agent
2025/09/21 00:08:47 Logged telemetry for Mock RTX 4080 on gpu-1
2025/09/21 00:08:47 Logged telemetry for Mock RTX 4070 on gpu-2
2025/09/21 00:08:47 Logged telemetry for Mock RTX 4090 on gpu-0
2025/09/21 00:08:49 Logged telemetry for Mock RTX 4090 on gpu-0
2025/09/21 00:08:49 Logged telemetry for Mock RTX 4070 on gpu-2
2025/09/21 00:08:49 Logged telemetry for Mock RTX 4080 on gpu-1
2025/09/21 00:08:51 Logged telemetry for Mock RTX 4080 on gpu-1
2025/09/21 00:08:51 Logged telemetry for Mock RTX 4090 on gpu-0
2025/09/21 00:08:51 Logged telemetry for Mock RTX 4070 on gpu-2
2025/09/21 00:08:52 No jobs in queue. Predicting idle period. Sending sleep command.
2025/09/21 00:08:52 Would send sleep command to GPU agent
2025/09/21 00:08:53 Logged telemetry for Mock RTX 4070 on gpu-2
2025/09/21 00:08:53 Logged telemetry for Mock RTX 4080 on gpu-1
2025/09/21 00:08:53 Logged telemetry for Mock RTX 4090 on gpu-0
2025/09/21 00:08:55 Logged telemetry for Mock RTX 4090 on gpu-0
2025/09/21 00:08:55 Logged telemetry for Mock RTX 4070 on gpu-2
2025/09/21 00:08:55 Logged telemetry for Mock RTX 4080 on gpu-1
2025/09/21 00:08:57 No jobs in queue. Predicting idle period. Sending sleep command.
2025/09/21 00:08:57 Would send sleep command to GPU agent
2025/09/21 00:08:57 Logged telemetry for Mock RTX 4080 on gpu-1
2025/09/21 00:08:57 Logged telemetry for Mock RTX 4090 on gpu-0
2025/09/21 00:08:57 Logged telemetry for Mock RTX 4070 on gpu-2
2025/09/21 00:08:59 Logged telemetry for Mock RTX 4070 on gpu-2
2025/09/21 00:08:59 Logged telemetry for Mock RTX 4080 on gpu-1
2025/09/21 00:08:59 Logged telemetry for Mock RTX 4090 on gpu-0
2025/09/21 00:09:01 Logged telemetry for Mock RTX 4090 on gpu-0
2025/09/21 00:09:01 Logged telemetry for Mock RTX 4070 on gpu-2
2025/09/21 00:09:01 Logged telemetry for Mock RTX 4080 on gpu-1
2025/09/21 00:09:02 No jobs in queue. Predicting idle period. Sending sleep command.
2025/09/21 00:09:02 Would send sleep command to GPU agent
2025/09/21 00:09:03 Logged telemetry for Mock RTX 4090 on gpu-0
2025/09/21 00:09:03 Logged telemetry for Mock RTX 4080 on gpu-1
2025/09/21 00:09:03 Logged telemetry for Mock RTX 4070 on gpu-2
2025/09/21 00:09:05 Logged telemetry for Mock RTX 4070 on gpu-2
2025/09/21 00:09:05 Logged telemetry for Mock RTX 4090 on gpu-0
2025/09/21 00:09:05 Logged telemetry for Mock RTX 4080 on gpu-1
2025/09/21 00:09:07 No jobs in queue. Predicting idle period. Sending sleep command.
2025/09/21 00:09:07 Would send sleep command to GPU agent
2025/09/21 00:09:07 Logged telemetry for Mock RTX 4080 on gpu-1
2025/09/21 00:09:07 Logged telemetry for Mock RTX 4070 on gpu-2
2025/09/21 00:09:07 Logged telemetry for Mock RTX 4090 on gpu-0
2025/09/21 00:09:09 Logged telemetry for Mock RTX 4090 on gpu-0
2025/09/21 00:09:09 Logged telemetry for Mock RTX 4080 on gpu-1
2025/09/21 00:09:09 Logged telemetry for Mock RTX 4070 on gpu-2
2025/09/21 00:09:11 Logged telemetry for Mock RTX 4070 on gpu-2
2025/09/21 00:09:11 Logged telemetry for Mock RTX 4090 on gpu-0
2025/09/21 00:09:11 Logged telemetry for Mock RTX 4080 on gpu-1
2025/09/21 00:09:12 No jobs in queue. Predicting idle period. Sending sleep command.
2025/09/21 00:09:12 Would send sleep command to GPU agent
2025/09/21 00:09:13 Logged telemetry for Mock RTX 4080 on gpu-1
2025/09/21 00:09:13 Logged telemetry for Mock RTX 4070 on gpu-2
2025/09/21 00:09:13 Logged telemetry for Mock RTX 4090 on gpu-0
2025/09/21 00:09:15 Logged telemetry for Mock RTX 4090 on gpu-0
2025/09/21 00:09:15 Logged telemetry for Mock RTX 4080 on gpu-1
2025/09/21 00:09:15 Logged telemetry for Mock RTX 4070 on gpu-2
2025/09/21 00:09:17 No jobs in queue. Predicting idle period. Sending sleep command.
2025/09/21 00:09:17 Would send sleep command to GPU agent
2025/09/21 00:09:17 Logged telemetry for Mock RTX 4070 on gpu-2
2025/09/21 00:09:17 Logged telemetry for Mock RTX 4090 on gpu-0
2025/09/21 00:09:17 Logged telemetry for Mock RTX 4080 on gpu-1
2025/09/21 00:09:19 Logged telemetry for Mock RTX 4080 on gpu-1
2025/09/21 00:09:19 Logged telemetry for Mock RTX 4070 on gpu-2
2025/09/21 00:09:19 Logged telemetry for Mock RTX 4090 on gpu-0
2025/09/21 00:09:21 Logged telemetry for Mock RTX 4090 on gpu-0
2025/09/21 00:09:21 Logged telemetry for Mock RTX 4080 on gpu-1
2025/09/21 00:09:21 Logged telemetry for Mock RTX 4070 on gpu-2
2025/09/21 00:09:22 No jobs in queue. Predicting idle period. Sending sleep command.
2025/09/21 00:09:22 Would send sleep command to GPU agent
2025/09/21 00:09:23 Logged telemetry for Mock RTX 4070 on gpu-2
2025/09/21 00:09:23 Logged telemetry for Mock RTX 4090 on gpu-0
2025/09/21 00:09:23 Logged telemetry for Mock RTX 4080 on gpu-1
2025/09/21 00:09:25 Logged telemetry for Mock RTX 4080 on gpu-1
2025/09/21 00:09:25 Logged telemetry for Mock RTX 4070 on gpu-2
2025/09/21 00:09:25 Logged telemetry for Mock RTX 4090 on gpu-0
2025/09/21 00:09:27 No jobs in queue. Predicting idle period. Sending sleep command.
2025/09/21 00:09:27 Would send sleep command to GPU agent
2025/09/21 00:09:27 Logged telemetry for Mock RTX 4090 on gpu-0
2025/09/21 00:09:27 Logged telemetry for Mock RTX 4080 on gpu-1
2025/09/21 00:09:27 Logged telemetry for Mock RTX 4070 on gpu-2
2025/09/21 00:09:29 Logged telemetry for Mock RTX 4070 on gpu-2
2025/09/21 00:09:29 Logged telemetry for Mock RTX 4090 on gpu-0
2025/09/21 00:09:29 Logged telemetry for Mock RTX 4080 on gpu-1
2025/09/21 00:09:31 Logged telemetry for Mock RTX 4080 on gpu-1
2025/09/21 00:09:31 Logged telemetry for Mock RTX 4070 on gpu-2
2025/09/21 00:09:31 Logged telemetry for Mock RTX 4090 on gpu-0
2025/09/21 00:09:32 No jobs in queue. Predicting idle period. Sending sleep command.
2025/09/21 00:09:32 Would send sleep command to GPU agent
2025/09/21 00:09:33 Logged telemetry for Mock RTX 4090 on gpu-0
2025/09/21 00:09:33 Logged telemetry for Mock RTX 4080 on gpu-1
2025/09/21 00:09:33 Logged telemetry for Mock RTX 4070 on gpu-2
2025/09/21 00:09:35 Logged telemetry for Mock RTX 4070 on gpu-2
2025/09/21 00:09:35 Logged telemetry for Mock RTX 4090 on gpu-0
2025/09/21 00:09:35 Logged telemetry for Mock RTX 4080 on gpu-1
2025/09/21 00:09:37 No jobs in queue. Predicting idle period. Sending sleep command.
2025/09/21 00:09:37 Would send sleep command to GPU agent
2025/09/21 00:09:37 Logged telemetry for Mock RTX 4080 on gpu-1
2025/09/21 00:09:37 Logged telemetry for Mock RTX 4090 on gpu-0
2025/09/21 00:09:37 Logged telemetry for Mock RTX 4070 on gpu-2
2025/09/21 00:09:39 Logged telemetry for Mock RTX 4080 on gpu-1
2025/09/21 00:09:39 Logged telemetry for Mock RTX 4070 on gpu-2
2025/09/21 00:09:39 Logged telemetry for Mock RTX 4090 on gpu-0
2025/09/21 00:09:41 Logged telemetry for Mock RTX 4070 on gpu-2
2025/09/21 00:09:41 Logged telemetry for Mock RTX 4080 on gpu-1
2025/09/21 00:09:41 Logged telemetry for Mock RTX 4090 on gpu-0
2025/09/21 00:09:42 No jobs in queue. Predicting idle period. Sending sleep command.
2025/09/21 00:09:42 Would send sleep command to GPU agent
2025/09/21 00:09:43 Logged telemetry for Mock RTX 4090 on gpu-0
2025/09/21 00:09:43 Logged telemetry for Mock RTX 4070 on gpu-2
2025/09/21 00:09:43 Logged telemetry for Mock RTX 4080 on gpu-1
2025/09/21 00:09:45 Logged telemetry for Mock RTX 4080 on gpu-1
2025/09/21 00:09:45 Logged telemetry for Mock RTX 4070 on gpu-2
2025/09/21 00:09:45 Logged telemetry for Mock RTX 4090 on gpu-0
2025/09/21 00:09:47 No jobs in queue. Predicting idle period. Sending sleep command.
2025/09/21 00:09:47 Would send sleep command to GPU agent
2025/09/21 00:09:47 Logged telemetry for Mock RTX 4090 on gpu-0
2025/09/21 00:09:47 Logged telemetry for Mock RTX 4080 on gpu-1
2025/09/21 00:09:47 Logged telemetry for Mock RTX 4070 on gpu-2
2025/09/21 00:09:49 Logged telemetry for Mock RTX 4070 on gpu-2
2025/09/21 00:09:49 Logged telemetry for Mock RTX 4090 on gpu-0
2025/09/21 00:09:49 Logged telemetry for Mock RTX 4080 on gpu-1
2025/09/21 00:09:51 Logged telemetry for Mock RTX 4080 on gpu-1
2025/09/21 00:09:51 Logged telemetry for Mock RTX 4070 on gpu-2
2025/09/21 00:09:51 Logged telemetry for Mock RTX 4090 on gpu-0
2025/09/21 00:09:52 No jobs in queue. Predicting idle period. Sending sleep command.
2025/09/21 00:09:52 Would send sleep command to GPU agent
2025/09/21 00:09:53 Logged telemetry for Mock RTX 4090 on gpu-0
2025/09/21 00:09:53 Logged telemetry for Mock RTX 4080 on gpu-1
2025/09/21 00:09:53 Logged telemetry for Mock RTX 4070 on gpu-2
2025/09/21 00:09:55 Logged telemetry for Mock RTX 4070 on gpu-2
2025/09/21 00:09:55 Logged telemetry for Mock RTX 4090 on gpu-0
2025/09/21 00:09:55 Logged telemetry for Mock RTX 4080 on gpu-1
2025/09/21 00:09:57 No jobs in queue. Predicting idle period. Sending sleep command.
2025/09/21 00:09:57 Would send sleep command to GPU agent
2025/09/21 00:09:57 Logged telemetry for Mock RTX 4080 on gpu-1
2025/09/21 00:09:57 Logged telemetry for Mock RTX 4070 on gpu-2
2025/09/21 00:09:57 Logged telemetry for Mock RTX 4090 on gpu-0
2025/09/21 00:09:59 Logged telemetry for Mock RTX 4090 on gpu-0
2025/09/21 00:09:59 Logged telemetry for Mock RTX 4080 on gpu-1
2025/09/21 00:09:59 Logged telemetry for Mock RTX 4070 on gpu-2
2025/09/21 00:10:01 Logged telemetry for Mock RTX 4090 on gpu-0
2025/09/21 00:10:01 Logged telemetry for Mock RTX 4080 on gpu-1
2025/09/21 00:10:01 Logged telemetry for Mock RTX 4070 on gpu-2
2025/09/21 00:10:02 No jobs in queue. Predicting idle period. Sending sleep command.
2025/09/21 00:10:02 Would send sleep command to GPU agent
2025/09/21 00:10:03 Logged telemetry for Mock RTX 4070 on gpu-2
2025/09/21 00:10:03 Logged telemetry for Mock RTX 4090 on gpu-0
2025/09/21 00:10:03 Logged telemetry for Mock RTX 4080 on gpu-1
2025/09/21 00:10:05 Logged telemetry for Mock RTX 4080 on gpu-1
2025/09/21 00:10:05 Logged telemetry for Mock RTX 4070 on gpu-2
2025/09/21 00:10:05 Logged telemetry for Mock RTX 4090 on gpu-0
2025/09/21 00:10:07 No jobs in queue. Predicting idle period. Sending sleep command.
2025/09/21 00:10:07 Would send sleep command to GPU agent
2025/09/21 00:10:07 Logged telemetry for Mock RTX 4080 on gpu-1
2025/09/21 00:10:07 Logged telemetry for Mock RTX 4090 on gpu-0
2025/09/21 00:10:07 Logged telemetry for Mock RTX 4070 on gpu-2
2025/09/21 00:10:09 Logged telemetry for Mock RTX 4070 on gpu-2
2025/09/21 00:10:09 Logged telemetry for Mock RTX 4080 on gpu-1
2025/09/21 00:10:09 Logged telemetry for Mock RTX 4090 on gpu-0
2025/09/21 00:10:11 Logged telemetry for Mock RTX 4090 on gpu-0
2025/09/21 00:10:11 Logged telemetry for Mock RTX 4070 on gpu-2
2025/09/21 00:10:11 Logged telemetry for Mock RTX 4080 on gpu-1
2025/09/21 00:10:12 No jobs in queue. Predicting idle period. Sending sleep command.
2025/09/21 00:10:12 Would send sleep command to GPU agent
2025/09/21 00:10:13 Logged telemetry for Mock RTX 4080 on gpu-1
2025/09/21 00:10:13 Logged telemetry for Mock RTX 4090 on gpu-0
2025/09/21 00:10:13 Logged telemetry for Mock RTX 4070 on gpu-2
2025/09/21 00:10:15 Logged telemetry for Mock RTX 4070 on gpu-2
2025/09/21 00:10:15 Logged telemetry for Mock RTX 4080 on gpu-1
2025/09/21 00:10:15 Logged telemetry for Mock RTX 4090 on gpu-0
2025/09/21 00:10:17 No jobs in queue. Predicting idle period. Sending sleep command.
2025/09/21 00:10:17 Would send sleep command to GPU agent
2025/09/21 00:10:17 Logged telemetry for Mock RTX 4090 on gpu-0
2025/09/21 00:10:17 Logged telemetry for Mock RTX 4070 on gpu-2
2025/09/21 00:10:17 Logged telemetry for Mock RTX 4080 on gpu-1
2025/09/21 00:10:19 Logged telemetry for Mock RTX 4080 on gpu-1
2025/09/21 00:10:19 Logged telemetry for Mock RTX 4090 on gpu-0
2025/09/21 00:10:19 Logged telemetry for Mock RTX 4070 on gpu-2
2025/09/21 00:10:21 Logged telemetry for Mock RTX 4070 on gpu-2
2025/09/21 00:10:21 Logged telemetry for Mock RTX 4080 on gpu-1
2025/09/21 00:10:21 Logged telemetry for Mock RTX 4090 on gpu-0
2025/09/21 00:10:22 No jobs in queue. Predicting idle period. Sending sleep command.
2025/09/21 00:10:22 Would send sleep command to GPU agent
2025/09/21 00:10:23 Logged telemetry for Mock RTX 4090 on gpu-0
2025/09/21 00:10:23 Logged telemetry for Mock RTX 4070 on gpu-2
2025/09/21 00:10:23 Logged telemetry for Mock RTX 4080 on gpu-1
2025/09/21 00:10:25 Logged telemetry for Mock RTX 4090 on gpu-0
2025/09/21 00:10:25 Logged telemetry for Mock RTX 4080 on gpu-1
2025/09/21 00:10:25 Logged telemetry for Mock RTX 4070 on gpu-2
2025/09/21 00:10:27 No jobs in queue. Predicting idle period. Sending sleep command.
2025/09/21 00:10:27 Would send sleep command to GPU agent
2025/09/21 00:10:27 Logged telemetry for Mock RTX 4090 on gpu-0
2025/09/21 00:10:27 Logged telemetry for Mock RTX 4070 on gpu-2
2025/09/21 00:10:27 Logged telemetry for Mock RTX 4080 on gpu-1
2025/09/21 00:10:29 Logged telemetry for Mock RTX 4080 on gpu-1
2025/09/21 00:10:29 Logged telemetry for Mock RTX 4090 on gpu-0
2025/09/21 00:10:29 Logged telemetry for Mock RTX 4070 on gpu-2
2025/09/21 00:10:31 Logged telemetry for Mock RTX 4070 on gpu-2
2025/09/21 00:10:31 Logged telemetry for Mock RTX 4090 on gpu-0
2025/09/21 00:10:31 Logged telemetry for Mock RTX 4080 on gpu-1
2025/09/21 00:10:32 No jobs in queue. Predicting idle period. Sending sleep command.
2025/09/21 00:10:32 Would send sleep command to GPU agent
2025/09/21 00:10:33 Logged telemetry for Mock RTX 4080 on gpu-1
2025/09/21 00:10:33 Logged telemetry for Mock RTX 4070 on gpu-2
2025/09/21 00:10:33 Logged telemetry for Mock RTX 4090 on gpu-0
2025/09/21 00:10:35 Logged telemetry for Mock RTX 4090 on gpu-0
2025/09/21 00:10:35 Logged telemetry for Mock RTX 4080 on gpu-1
2025/09/21 00:10:35 Logged telemetry for Mock RTX 4070 on gpu-2
2025/09/21 00:10:37 No jobs in queue. Predicting idle period. Sending sleep command.
2025/09/21 00:10:37 Would send sleep command to GPU agent
2025/09/21 00:10:37 Logged telemetry for Mock RTX 4070 on gpu-2
2025/09/21 00:10:37 Logged telemetry for Mock RTX 4090 on gpu-0
2025/09/21 00:10:37 Logged telemetry for Mock RTX 4080 on gpu-1
2025/09/21 00:10:39 Logged telemetry for Mock RTX 4080 on gpu-1
2025/09/21 00:10:39 Logged telemetry for Mock RTX 4070 on gpu-2
2025/09/21 00:10:39 Logged telemetry for Mock RTX 4090 on gpu-0
2025/09/21 00:10:41 Logged telemetry for Mock RTX 4090 on gpu-0
2025/09/21 00:10:41 Logged telemetry for Mock RTX 4080 on gpu-1
2025/09/21 00:10:41 Logged telemetry for Mock RTX 4070 on gpu-2
2025/09/21 00:10:42 No jobs in queue. Predicting idle period. Sending sleep command.
2025/09/21 00:10:42 Would send sleep command to GPU agent
2025/09/21 00:10:43 Logged telemetry for Mock RTX 4070 on gpu-2
2025/09/21 00:10:43 Logged telemetry for Mock RTX 4090 on gpu-0
2025/09/21 00:10:43 Logged telemetry for Mock RTX 4080 on gpu-1
2025/09/21 00:10:45 Logged telemetry for Mock RTX 4080 on gpu-1
2025/09/21 00:10:45 Logged telemetry for Mock RTX 4070 on gpu-2
2025/09/21 00:10:45 Logged telemetry for Mock RTX 4090 on gpu-0
2025/09/21 00:10:47 No jobs in queue. Predicting idle period. Sending sleep command.
2025/09/21 00:10:47 Would send sleep command to GPU agent
2025/09/21 00:10:47 Logged telemetry for Mock RTX 4080 on gpu-1
2025/09/21 00:10:47 Logged telemetry for Mock RTX 4090 on gpu-0
2025/09/21 00:10:47 Logged telemetry for Mock RTX 4070 on gpu-2
2025/09/21 00:10:49 Logged telemetry for Mock RTX 4070 on gpu-2
2025/09/21 00:10:49 Logged telemetry for Mock RTX 4080 on gpu-1
2025/09/21 00:10:49 Logged telemetry for Mock RTX 4090 on gpu-0
2025/09/21 00:10:51 Logged telemetry for Mock RTX 4090 on gpu-0
2025/09/21 00:10:51 Logged telemetry for Mock RTX 4070 on gpu-2
2025/09/21 00:10:51 Logged telemetry for Mock RTX 4080 on gpu-1
2025/09/21 00:10:52 No jobs in queue. Predicting idle period. Sending sleep command.
2025/09/21 00:10:52 Would send sleep command to GPU agent
2025/09/21 00:10:53 Logged telemetry for Mock RTX 4080 on gpu-1
2025/09/21 00:10:53 Logged telemetry for Mock RTX 4090 on gpu-0
2025/09/21 00:10:53 Logged telemetry for Mock RTX 4070 on gpu-2
2025/09/21 00:10:55 Logged telemetry for Mock RTX 4070 on gpu-2
2025/09/21 00:10:55 Logged telemetry for Mock RTX 4080 on gpu-1
2025/09/21 00:10:55 Logged telemetry for Mock RTX 4090 on gpu-0
2025/09/21 00:10:57 No jobs in queue. Predicting idle period. Sending sleep command.
2025/09/21 00:10:57 Would send sleep command to GPU agent
2025/09/21 00:10:57 Logged telemetry for Mock RTX 4090 on gpu-0
2025/09/21 00:10:57 Logged telemetry for Mock RTX 4070 on gpu-2
2025/09/21 00:10:57 Logged telemetry for Mock RTX 4080 on gpu-1
2025/09/21 00:10:59 Logged telemetry for Mock RTX 4080 on gpu-1
2025/09/21 00:10:59 Logged telemetry for Mock RTX 4090 on gpu-0
2025/09/21 00:10:59 Logged telemetry for Mock RTX 4070 on gpu-2
2025/09/21 00:11:01 Logged telemetry for Mock RTX 4070 on gpu-2
2025/09/21 00:11:01 Logged telemetry for Mock RTX 4080 on gpu-1
2025/09/21 00:11:01 Logged telemetry for Mock RTX 4090 on gpu-0
2025/09/21 00:11:02 No jobs in queue. Predicting idle period. Sending sleep command.
2025/09/21 00:11:02 Would send sleep command to GPU agent
2025/09/21 00:11:03 Logged telemetry for Mock RTX 4090 on gpu-0
2025/09/21 00:11:03 Logged telemetry for Mock RTX 4070 on gpu-2
2025/09/21 00:11:03 Logged telemetry for Mock RTX 4080 on gpu-1
2025/09/21 00:11:05 Logged telemetry for Mock RTX 4080 on gpu-1
2025/09/21 00:11:05 Logged telemetry for Mock RTX 4090 on gpu-0
2025/09/21 00:11:05 Logged telemetry for Mock RTX 4070 on gpu-2
2025/09/21 00:11:07 No jobs in queue. Predicting idle period. Sending sleep command.
2025/09/21 00:11:07 Would send sleep command to GPU agent
2025/09/21 00:11:07 Logged telemetry for Mock RTX 4070 on gpu-2
2025/09/21 00:11:07 Logged telemetry for Mock RTX 4080 on gpu-1
2025/09/21 00:11:07 Logged telemetry for Mock RTX 4090 on gpu-0
2025/09/21 00:11:09 Logged telemetry for Mock RTX 4090 on gpu-0
2025/09/21 00:11:09 Logged telemetry for Mock RTX 4070 on gpu-2
2025/09/21 00:11:09 Logged telemetry for Mock RTX 4080 on gpu-1
2025/09/21 00:11:11 Logged telemetry for Mock RTX 4080 on gpu-1
2025/09/21 00:11:11 Logged telemetry for Mock RTX 4090 on gpu-0
2025/09/21 00:11:11 Logged telemetry for Mock RTX 4070 on gpu-2
2025/09/21 00:11:12 No jobs in queue. Predicting idle period. Sending sleep command.
2025/09/21 00:11:12 Would send sleep command to GPU agent
2025/09/21 00:11:13 Logged telemetry for Mock RTX 4070 on gpu-2
2025/09/21 00:11:13 Logged telemetry for Mock RTX 4080 on gpu-1
2025/09/21 00:11:13 Logged telemetry for Mock RTX 4090 on gpu-0
2025/09/21 00:11:15 Logged telemetry for Mock RTX 4090 on gpu-0
2025/09/21 00:11:15 Logged telemetry for Mock RTX 4070 on gpu-2
2025/09/21 00:11:15 Logged telemetry for Mock RTX 4080 on gpu-1
2025/09/21 00:11:17 No jobs in queue. Predicting idle period. Sending sleep command.
2025/09/21 00:11:17 Would send sleep command to GPU agent
2025/09/21 00:11:17 Logged telemetry for Mock RTX 4080 on gpu-1
2025/09/21 00:11:17 Logged telemetry for Mock RTX 4090 on gpu-0
2025/09/21 00:11:17 Logged telemetry for Mock RTX 4070 on gpu-2
2025/09/21 00:11:19 Logged telemetry for Mock RTX 4080 on gpu-1
2025/09/21 00:11:19 Logged telemetry for Mock RTX 4070 on gpu-2
2025/09/21 00:11:19 Logged telemetry for Mock RTX 4090 on gpu-0
2025/09/21 00:11:21 Logged telemetry for Mock RTX 4070 on gpu-2
2025/09/21 00:11:21 Logged telemetry for Mock RTX 4090 on gpu-0
2025/09/21 00:11:21 Logged telemetry for Mock RTX 4080 on gpu-1
2025/09/21 00:11:22 No jobs in queue. Predicting idle period. Sending sleep command.
2025/09/21 00:11:22 Would send sleep command to GPU agent
2025/09/21 00:11:23 Logged telemetry for Mock RTX 4080 on gpu-1
2025/09/21 00:11:23 Logged telemetry for Mock RTX 4070 on gpu-2
2025/09/21 00:11:23 Logged telemetry for Mock RTX 4090 on gpu-0
2025/09/21 00:11:25 Logged telemetry for Mock RTX 4090 on gpu-0
2025/09/21 00:11:25 Logged telemetry for Mock RTX 4070 on gpu-2
2025/09/21 00:11:25 Logged telemetry for Mock RTX 4080 on gpu-1
2025/09/21 00:11:27 No jobs in queue. Predicting idle period. Sending sleep command.
2025/09/21 00:11:27 Would send sleep command to GPU agent
2025/09/21 00:11:27 Logged telemetry for Mock RTX 4080 on gpu-1
2025/09/21 00:11:27 Logged telemetry for Mock RTX 4070 on gpu-2
2025/09/21 00:11:27 Logged telemetry for Mock RTX 4090 on gpu-0
2025/09/21 00:11:29 Logged telemetry for Mock RTX 4080 on gpu-1
2025/09/21 00:11:29 Logged telemetry for Mock RTX 4090 on gpu-0
2025/09/21 00:11:29 Logged telemetry for Mock RTX 4070 on gpu-2
2025/09/21 00:11:31 Logged telemetry for Mock RTX 4070 on gpu-2
2025/09/21 00:11:31 Logged telemetry for Mock RTX 4080 on gpu-1
2025/09/21 00:11:31 Logged telemetry for Mock RTX 4090 on gpu-0
2025/09/21 00:11:32 No jobs in queue. Predicting idle period. Sending sleep command.
2025/09/21 00:11:32 Would send sleep command to GPU agent
2025/09/21 00:11:33 Logged telemetry for Mock RTX 4090 on gpu-0
2025/09/21 00:11:33 Logged telemetry for Mock RTX 4070 on gpu-2
2025/09/21 00:11:33 Logged telemetry for Mock RTX 4080 on gpu-1
2025/09/21 00:11:35 Logged telemetry for Mock RTX 4080 on gpu-1
2025/09/21 00:11:35 Logged telemetry for Mock RTX 4090 on gpu-0
2025/09/21 00:11:35 Logged telemetry for Mock RTX 4070 on gpu-2
2025/09/21 00:11:37 No jobs in queue. Predicting idle period. Sending sleep command.
2025/09/21 00:11:37 Would send sleep command to GPU agent
2025/09/21 00:11:37 Logged telemetry for Mock RTX 4070 on gpu-2
2025/09/21 00:11:37 Logged telemetry for Mock RTX 4080 on gpu-1
2025/09/21 00:11:37 Logged telemetry for Mock RTX 4090 on gpu-0
2025/09/21 00:11:39 Logged telemetry for Mock RTX 4090 on gpu-0
2025/09/21 00:11:39 Logged telemetry for Mock RTX 4070 on gpu-2
2025/09/21 00:11:39 Logged telemetry for Mock RTX 4080 on gpu-1
2025/09/21 00:11:41 Logged telemetry for Mock RTX 4090 on gpu-0
2025/09/21 00:11:41 Logged telemetry for Mock RTX 4080 on gpu-1
2025/09/21 00:11:41 Logged telemetry for Mock RTX 4070 on gpu-2
2025/09/21 00:11:42 No jobs in queue. Predicting idle period. Sending sleep command.
2025/09/21 00:11:42 Would send sleep command to GPU agent
2025/09/21 00:11:43 Logged telemetry for Mock RTX 4070 on gpu-2
2025/09/21 00:11:43 Logged telemetry for Mock RTX 4090 on gpu-0
2025/09/21 00:11:43 Logged telemetry for Mock RTX 4080 on gpu-1
2025/09/21 00:11:45 Logged telemetry for Mock RTX 4080 on gpu-1
2025/09/21 00:11:45 Logged telemetry for Mock RTX 4090 on gpu-0
2025/09/21 00:11:45 Logged telemetry for Mock RTX 4070 on gpu-2
2025/09/21 00:11:47 No jobs in queue. Predicting idle period. Sending sleep command.
2025/09/21 00:11:47 Would send sleep command to GPU agent
2025/09/21 00:11:47 Logged telemetry for Mock RTX 4070 on gpu-2
2025/09/21 00:11:47 Logged telemetry for Mock RTX 4090 on gpu-0
2025/09/21 00:11:47 Logged telemetry for Mock RTX 4080 on gpu-1
2025/09/21 00:11:49 Logged telemetry for Mock RTX 4080 on gpu-1
2025/09/21 00:11:49 Logged telemetry for Mock RTX 4070 on gpu-2
2025/09/21 00:11:49 Logged telemetry for Mock RTX 4090 on gpu-0
2025/09/21 00:11:51 Logged telemetry for Mock RTX 4090 on gpu-0
2025/09/21 00:11:51 Logged telemetry for Mock RTX 4080 on gpu-1
2025/09/21 00:11:51 Logged telemetry for Mock RTX 4070 on gpu-2
2025/09/21 00:11:52 No jobs in queue. Predicting idle period. Sending sleep command.
2025/09/21 00:11:52 Would send sleep command to GPU agent
2025/09/21 00:11:53 Logged telemetry for Mock RTX 4070 on gpu-2
2025/09/21 00:11:53 Logged telemetry for Mock RTX 4090 on gpu-0
2025/09/21 00:11:53 Logged telemetry for Mock RTX 4080 on gpu-1
2025/09/21 00:11:55 Logged telemetry for Mock RTX 4080 on gpu-1
2025/09/21 00:11:55 Logged telemetry for Mock RTX 4070 on gpu-2
2025/09/21 00:11:55 Logged telemetry for Mock RTX 4090 on gpu-0
2025/09/21 00:11:57 No jobs in queue. Predicting idle period. Sending sleep command.
2025/09/21 00:11:57 Would send sleep command to GPU agent
2025/09/21 00:11:57 Logged telemetry for Mock RTX 4090 on gpu-0
2025/09/21 00:11:57 Logged telemetry for Mock RTX 4080 on gpu-1
2025/09/21 00:11:57 Logged telemetry for Mock RTX 4070 on gpu-2
2025/09/21 00:11:59 Logged telemetry for Mock RTX 4070 on gpu-2
2025/09/21 00:11:59 Logged telemetry for Mock RTX 4090 on gpu-0
2025/09/21 00:11:59 Logged telemetry for Mock RTX 4080 on gpu-1
2025/09/21 00:12:01 Logged telemetry for Mock RTX 4080 on gpu-1
2025/09/21 00:12:01 Logged telemetry for Mock RTX 4070 on gpu-2
2025/09/21 00:12:01 Logged telemetry for Mock RTX 4090 on gpu-0
2025/09/21 00:12:02 No jobs in queue. Predicting idle period. Sending sleep command.
2025/09/21 00:12:02 Would send sleep command to GPU agent
2025/09/21 00:12:03 Logged telemetry for Mock RTX 4090 on gpu-0
2025/09/21 00:12:03 Logged telemetry for Mock RTX 4080 on gpu-1
2025/09/21 00:12:03 Logged telemetry for Mock RTX 4070 on gpu-2
2025/09/21 00:12:05 Logged telemetry for Mock RTX 4070 on gpu-2
2025/09/21 00:12:05 Logged telemetry for Mock RTX 4090 on gpu-0
2025/09/21 00:12:05 Logged telemetry for Mock RTX 4080 on gpu-1
2025/09/21 00:12:07 No jobs in queue. Predicting idle period. Sending sleep command.
2025/09/21 00:12:07 Would send sleep command to GPU agent
2025/09/21 00:12:07 Logged telemetry for Mock RTX 4080 on gpu-1
2025/09/21 00:12:07 Logged telemetry for Mock RTX 4070 on gpu-2
2025/09/21 00:12:07 Logged telemetry for Mock RTX 4090 on gpu-0
2025/09/21 00:12:09 Logged telemetry for Mock RTX 4090 on gpu-0
2025/09/21 00:12:09 Logged telemetry for Mock RTX 4080 on gpu-1
2025/09/21 00:12:09 Logged telemetry for Mock RTX 4070 on gpu-2
2025/09/21 00:12:11 Logged telemetry for Mock RTX 4070 on gpu-2
2025/09/21 00:12:11 Logged telemetry for Mock RTX 4080 on gpu-1
2025/09/21 00:12:11 Logged telemetry for Mock RTX 4090 on gpu-0
2025/09/21 00:12:12 No jobs in queue. Predicting idle period. Sending sleep command.
2025/09/21 00:12:12 Would send sleep command to GPU agent
2025/09/21 00:12:13 Logged telemetry for Mock RTX 4090 on gpu-0
2025/09/21 00:12:13 Logged telemetry for Mock RTX 4070 on gpu-2
2025/09/21 00:12:13 Logged telemetry for Mock RTX 4080 on gpu-1
2025/09/21 00:12:15 Logged telemetry for Mock RTX 4080 on gpu-1
2025/09/21 00:12:15 Logged telemetry for Mock RTX 4090 on gpu-0
2025/09/21 00:12:15 Logged telemetry for Mock RTX 4070 on gpu-2
2025/09/21 00:12:17 No jobs in queue. Predicting idle period. Sending sleep command.
2025/09/21 00:12:17 Would send sleep command to GPU agent
2025/09/21 00:12:17 Logged telemetry for Mock RTX 4070 on gpu-2
2025/09/21 00:12:17 Logged telemetry for Mock RTX 4080 on gpu-1
2025/09/21 00:12:17 Logged telemetry for Mock RTX 4090 on gpu-0
2025/09/21 00:12:19 Logged telemetry for Mock RTX 4090 on gpu-0
2025/09/21 00:12:19 Logged telemetry for Mock RTX 4070 on gpu-2
2025/09/21 00:12:19 Logged telemetry for Mock RTX 4080 on gpu-1
2025/09/21 00:12:21 Logged telemetry for Mock RTX 4080 on gpu-1
2025/09/21 00:12:21 Logged telemetry for Mock RTX 4070 on gpu-2
2025/09/21 00:12:21 Logged telemetry for Mock RTX 4090 on gpu-0
2025/09/21 00:12:22 No jobs in queue. Predicting idle period. Sending sleep command.
2025/09/21 00:12:22 Would send sleep command to GPU agent
2025/09/21 00:12:23 Logged telemetry for Mock RTX 4070 on gpu-2
2025/09/21 00:12:23 Logged telemetry for Mock RTX 4090 on gpu-0
2025/09/21 00:12:23 Logged telemetry for Mock RTX 4080 on gpu-1
2025/09/21 00:12:25 Logged telemetry for Mock RTX 4080 on gpu-1
2025/09/21 00:12:25 Logged telemetry for Mock RTX 4090 on gpu-0
2025/09/21 00:12:25 Logged telemetry for Mock RTX 4070 on gpu-2
2025/09/21 00:12:27 No jobs in queue. Predicting idle period. Sending sleep command.
2025/09/21 00:12:27 Would send sleep command to GPU agent
2025/09/21 00:12:27 Logged telemetry for Mock RTX 4070 on gpu-2
2025/09/21 00:12:27 Logged telemetry for Mock RTX 4080 on gpu-1
2025/09/21 00:12:27 Logged telemetry for Mock RTX 4090 on gpu-0
2025/09/21 00:12:29 Logged telemetry for Mock RTX 4090 on gpu-0
2025/09/21 00:12:29 Logged telemetry for Mock RTX 4070 on gpu-2
2025/09/21 00:12:29 Logged telemetry for Mock RTX 4080 on gpu-1
2025/09/21 00:12:31 Logged telemetry for Mock RTX 4080 on gpu-1
2025/09/21 00:12:31 Logged telemetry for Mock RTX 4090 on gpu-0
2025/09/21 00:12:31 Logged telemetry for Mock RTX 4070 on gpu-2
2025/09/21 00:12:32 No jobs in queue. Predicting idle period. Sending sleep command.
2025/09/21 00:12:32 Would send sleep command to GPU agent
2025/09/21 00:12:33 Logged telemetry for Mock RTX 4070 on gpu-2
2025/09/21 00:12:33 Logged telemetry for Mock RTX 4080 on gpu-1
2025/09/21 00:12:33 Logged telemetry for Mock RTX 4090 on gpu-0
2025/09/21 00:12:35 Logged telemetry for Mock RTX 4090 on gpu-0
2025/09/21 00:12:35 Logged telemetry for Mock RTX 4070 on gpu-2
2025/09/21 00:12:35 Logged telemetry for Mock RTX 4080 on gpu-1
2025/09/21 00:12:37 No jobs in queue. Predicting idle period. Sending sleep command.
2025/09/21 00:12:37 Would send sleep command to GPU agent
2025/09/21 00:12:37 Logged telemetry for Mock RTX 4080 on gpu-1
2025/09/21 00:12:37 Logged telemetry for Mock RTX 4090 on gpu-0
2025/09/21 00:12:37 Logged telemetry for Mock RTX 4070 on gpu-2
2025/09/21 00:12:39 Logged telemetry for Mock RTX 4070 on gpu-2
2025/09/21 00:12:39 Logged telemetry for Mock RTX 4080 on gpu-1
2025/09/21 00:12:39 Logged telemetry for Mock RTX 4090 on gpu-0
2025/09/21 00:12:41 Logged telemetry for Mock RTX 4090 on gpu-0
2025/09/21 00:12:41 Logged telemetry for Mock RTX 4070 on gpu-2
2025/09/21 00:12:41 Logged telemetry for Mock RTX 4080 on gpu-1
2025/09/21 00:12:42 No jobs in queue. Predicting idle period. Sending sleep command.
2025/09/21 00:12:42 Would send sleep command to GPU agent
2025/09/21 00:12:43 Logged telemetry for Mock RTX 4080 on gpu-1
2025/09/21 00:12:43 Logged telemetry for Mock RTX 4090 on gpu-0
2025/09/21 00:12:43 Logged telemetry for Mock RTX 4070 on gpu-2
2025/09/21 00:12:45 Logged telemetry for Mock RTX 4070 on gpu-2
2025/09/21 00:12:45 Logged telemetry for Mock RTX 4080 on gpu-1
2025/09/21 00:12:45 Logged telemetry for Mock RTX 4090 on gpu-0
2025/09/21 00:12:47 No jobs in queue. Predicting idle period. Sending sleep command.
2025/09/21 00:12:47 Would send sleep command to GPU agent
2025/09/21 00:12:47 Logged telemetry for Mock RTX 4090 on gpu-0
2025/09/21 00:12:47 Logged telemetry for Mock RTX 4070 on gpu-2
2025/09/21 00:12:47 Logged telemetry for Mock RTX 4080 on gpu-1
2025/09/21 00:12:49 Logged telemetry for Mock RTX 4080 on gpu-1
2025/09/21 00:12:49 Logged telemetry for Mock RTX 4090 on gpu-0
2025/09/21 00:12:49 Logged telemetry for Mock RTX 4070 on gpu-2
2025/09/21 00:12:51 Logged telemetry for Mock RTX 4070 on gpu-2
2025/09/21 00:12:51 Logged telemetry for Mock RTX 4080 on gpu-1
2025/09/21 00:12:51 Logged telemetry for Mock RTX 4090 on gpu-0
2025/09/21 00:12:52 No jobs in queue. Predicting idle period. Sending sleep command.
2025/09/21 00:12:52 Would send sleep command to GPU agent
2025/09/21 00:12:53 Logged telemetry for Mock RTX 4090 on gpu-0
2025/09/21 00:12:53 Logged telemetry for Mock RTX 4070 on gpu-2
2025/09/21 00:12:53 Logged telemetry for Mock RTX 4080 on gpu-1
2025/09/21 00:12:55 Logged telemetry for Mock RTX 4080 on gpu-1
2025/09/21 00:12:55 Logged telemetry for Mock RTX 4090 on gpu-0
2025/09/21 00:12:55 Logged telemetry for Mock RTX 4070 on gpu-2
2025/09/21 00:12:57 No jobs in queue. Predicting idle period. Sending sleep command.
2025/09/21 00:12:57 Would send sleep command to GPU agent
2025/09/21 00:12:57 Logged telemetry for Mock RTX 4070 on gpu-2
2025/09/21 00:12:57 Logged telemetry for Mock RTX 4080 on gpu-1
2025/09/21 00:12:57 Logged telemetry for Mock RTX 4090 on gpu-0
2025/09/21 00:12:59 Logged telemetry for Mock RTX 4090 on gpu-0
2025/09/21 00:12:59 Logged telemetry for Mock RTX 4070 on gpu-2
2025/09/21 00:12:59 Logged telemetry for Mock RTX 4080 on gpu-1
2025/09/21 00:13:01 Logged telemetry for Mock RTX 4090 on gpu-0
2025/09/21 00:13:01 Logged telemetry for Mock RTX 4080 on gpu-1
2025/09/21 00:13:01 Logged telemetry for Mock RTX 4070 on gpu-2
2025/09/21 00:13:02 No jobs in queue. Predicting idle period. Sending sleep command.
2025/09/21 00:13:02 Would send sleep command to GPU agent
2025/09/21 00:13:03 Logged telemetry for Mock RTX 4070 on gpu-2
2025/09/21 00:13:03 Logged telemetry for Mock RTX 4080 on gpu-1
2025/09/21 00:13:03 Logged telemetry for Mock RTX 4090 on gpu-0
2025/09/21 00:13:05 Logged telemetry for Mock RTX 4090 on gpu-0
2025/09/21 00:13:05 Logged telemetry for Mock RTX 4070 on gpu-2
2025/09/21 00:13:05 Logged telemetry for Mock RTX 4080 on gpu-1
2025/09/21 00:13:07 No jobs in queue. Predicting idle period. Sending sleep command.
2025/09/21 00:13:07 Would send sleep command to GPU agent
2025/09/21 00:13:07 Logged telemetry for Mock RTX 4080 on gpu-1
2025/09/21 00:13:07 Logged telemetry for Mock RTX 4090 on gpu-0
2025/09/21 00:13:07 Logged telemetry for Mock RTX 4070 on gpu-2
2025/09/21 00:13:09 Logged telemetry for Mock RTX 4070 on gpu-2
2025/09/21 00:13:09 Logged telemetry for Mock RTX 4080 on gpu-1
2025/09/21 00:13:09 Logged telemetry for Mock RTX 4090 on gpu-0
2025/09/21 00:13:11 Logged telemetry for Mock RTX 4090 on gpu-0
2025/09/21 00:13:11 Logged telemetry for Mock RTX 4070 on gpu-2
2025/09/21 00:13:11 Logged telemetry for Mock RTX 4080 on gpu-1
2025/09/21 00:13:12 No jobs in queue. Predicting idle period. Sending sleep command.
2025/09/21 00:13:12 Would send sleep command to GPU agent
2025/09/21 00:13:13 Logged telemetry for Mock RTX 4080 on gpu-1
2025/09/21 00:13:13 Logged telemetry for Mock RTX 4090 on gpu-0
2025/09/21 00:13:13 Logged telemetry for Mock RTX 4070 on gpu-2
2025/09/21 00:13:15 Logged telemetry for Mock RTX 4070 on gpu-2
2025/09/21 00:13:15 Logged telemetry for Mock RTX 4080 on gpu-1
2025/09/21 00:13:15 Logged telemetry for Mock RTX 4090 on gpu-0
2025/09/21 00:13:17 No jobs in queue. Predicting idle period. Sending sleep command.
2025/09/21 00:13:17 Would send sleep command to GPU agent
2025/09/21 00:13:17 Logged telemetry for Mock RTX 4090 on gpu-0
2025/09/21 00:13:17 Logged telemetry for Mock RTX 4070 on gpu-2
2025/09/21 00:13:17 Logged telemetry for Mock RTX 4080 on gpu-1
2025/09/21 00:13:19 Logged telemetry for Mock RTX 4080 on gpu-1
2025/09/21 00:13:19 Logged telemetry for Mock RTX 4090 on gpu-0
2025/09/21 00:13:19 Logged telemetry for Mock RTX 4070 on gpu-2
2025/09/21 00:13:21 Logged telemetry for Mock RTX 4070 on gpu-2
2025/09/21 00:13:21 Logged telemetry for Mock RTX 4080 on gpu-1
2025/09/21 00:13:21 Logged telemetry for Mock RTX 4090 on gpu-0
2025/09/21 00:13:22 No jobs in queue. Predicting idle period. Sending sleep command.
2025/09/21 00:13:22 Would send sleep command to GPU agent
2025/09/21 00:13:23 Logged telemetry for Mock RTX 4090 on gpu-0
2025/09/21 00:13:23 Logged telemetry for Mock RTX 4070 on gpu-2
2025/09/21 00:13:23 Logged telemetry for Mock RTX 4080 on gpu-1
2025/09/21 00:13:25 Logged telemetry for Mock RTX 4080 on gpu-1
2025/09/21 00:13:25 Logged telemetry for Mock RTX 4090 on gpu-0
2025/09/21 00:13:25 Logged telemetry for Mock RTX 4070 on gpu-2
2025/09/21 00:13:27 No jobs in queue. Predicting idle period. Sending sleep command.
2025/09/21 00:13:27 Would send sleep command to GPU agent
2025/09/21 00:13:27 Logged telemetry for Mock RTX 4070 on gpu-2
2025/09/21 00:13:27 Logged telemetry for Mock RTX 4080 on gpu-1
2025/09/21 00:13:27 Logged telemetry for Mock RTX 4090 on gpu-0
2025/09/21 00:13:29 Logged telemetry for Mock RTX 4090 on gpu-0
2025/09/21 00:13:29 Logged telemetry for Mock RTX 4070 on gpu-2
2025/09/21 00:13:29 Logged telemetry for Mock RTX 4080 on gpu-1
2025/09/21 00:13:31 Logged telemetry for Mock RTX 4090 on gpu-0
2025/09/21 00:13:31 Logged telemetry for Mock RTX 4070 on gpu-2
2025/09/21 00:13:31 Logged telemetry for Mock RTX 4080 on gpu-1
2025/09/21 00:13:32 No jobs in queue. Predicting idle period. Sending sleep command.
2025/09/21 00:13:32 Would send sleep command to GPU agent
2025/09/21 00:13:33 Logged telemetry for Mock RTX 4080 on gpu-1
2025/09/21 00:13:33 Logged telemetry for Mock RTX 4070 on gpu-2
2025/09/21 00:13:33 Logged telemetry for Mock RTX 4090 on gpu-0
2025/09/21 00:13:35 Logged telemetry for Mock RTX 4090 on gpu-0
2025/09/21 00:13:35 Logged telemetry for Mock RTX 4070 on gpu-2
2025/09/21 00:13:35 Logged telemetry for Mock RTX 4080 on gpu-1
2025/09/21 00:13:37 No jobs in queue. Predicting idle period. Sending sleep command.
2025/09/21 00:13:37 Would send sleep command to GPU agent
2025/09/21 00:13:37 Logged telemetry for Mock RTX 4080 on gpu-1
2025/09/21 00:13:37 Logged telemetry for Mock RTX 4090 on gpu-0
2025/09/21 00:13:37 Logged telemetry for Mock RTX 4070 on gpu-2
2025/09/21 00:13:39 Logged telemetry for Mock RTX 4070 on gpu-2
2025/09/21 00:13:39 Logged telemetry for Mock RTX 4080 on gpu-1
2025/09/21 00:13:39 Logged telemetry for Mock RTX 4090 on gpu-0
2025/09/21 00:13:41 Logged telemetry for Mock RTX 4080 on gpu-1
2025/09/21 00:13:41 Logged telemetry for Mock RTX 4070 on gpu-2
2025/09/21 00:13:41 Logged telemetry for Mock RTX 4090 on gpu-0
2025/09/21 00:13:42 No jobs in queue. Predicting idle period. Sending sleep command.
2025/09/21 00:13:42 Would send sleep command to GPU agent
2025/09/21 00:13:43 Logged telemetry for Mock RTX 4090 on gpu-0
2025/09/21 00:13:43 Logged telemetry for Mock RTX 4080 on gpu-1
2025/09/21 00:13:43 Logged telemetry for Mock RTX 4070 on gpu-2
2025/09/21 00:13:45 Logged telemetry for Mock RTX 4070 on gpu-2
2025/09/21 00:13:45 Logged telemetry for Mock RTX 4090 on gpu-0
2025/09/21 00:13:45 Logged telemetry for Mock RTX 4080 on gpu-1
2025/09/21 00:13:47 No jobs in queue. Predicting idle period. Sending sleep command.
2025/09/21 00:13:47 Would send sleep command to GPU agent
2025/09/21 00:13:47 Logged telemetry for Mock RTX 4080 on gpu-1
2025/09/21 00:13:47 Logged telemetry for Mock RTX 4070 on gpu-2
2025/09/21 00:13:47 Logged telemetry for Mock RTX 4090 on gpu-0
2025/09/21 00:13:49 Logged telemetry for Mock RTX 4090 on gpu-0
2025/09/21 00:13:49 Logged telemetry for Mock RTX 4080 on gpu-1
2025/09/21 00:13:49 Logged telemetry for Mock RTX 4070 on gpu-2
2025/09/21 00:13:51 Logged telemetry for Mock RTX 4070 on gpu-2
2025/09/21 00:13:51 Logged telemetry for Mock RTX 4090 on gpu-0
2025/09/21 00:13:51 Logged telemetry for Mock RTX 4080 on gpu-1
2025/09/21 00:13:52 No jobs in queue. Predicting idle period. Sending sleep command.
2025/09/21 00:13:52 Would send sleep command to GPU agent
2025/09/21 00:13:53 Logged telemetry for Mock RTX 4080 on gpu-1
2025/09/21 00:13:53 Logged telemetry for Mock RTX 4070 on gpu-2
2025/09/21 00:13:53 Logged telemetry for Mock RTX 4090 on gpu-0
2025/09/21 00:13:55 Logged telemetry for Mock RTX 4090 on gpu-0
2025/09/21 00:13:55 Logged telemetry for Mock RTX 4080 on gpu-1
2025/09/21 00:13:55 Logged telemetry for Mock RTX 4070 on gpu-2
2025/09/21 00:13:57 No jobs in queue. Predicting idle period. Sending sleep command.
2025/09/21 00:13:57 Would send sleep command to GPU agent
2025/09/21 00:13:57 Logged telemetry for Mock RTX 4070 on gpu-2
2025/09/21 00:13:57 Logged telemetry for Mock RTX 4090 on gpu-0
2025/09/21 00:13:57 Logged telemetry for Mock RTX 4080 on gpu-1
2025/09/21 00:13:59 Logged telemetry for Mock RTX 4080 on gpu-1
2025/09/21 00:13:59 Logged telemetry for Mock RTX 4070 on gpu-2
2025/09/21 00:13:59 Logged telemetry for Mock RTX 4090 on gpu-0
2025/09/21 00:14:01 Logged telemetry for Mock RTX 4090 on gpu-0
2025/09/21 00:14:01 Logged telemetry for Mock RTX 4080 on gpu-1
2025/09/21 00:14:01 Logged telemetry for Mock RTX 4070 on gpu-2
2025/09/21 00:14:02 No jobs in queue. Predicting idle period. Sending sleep command.
2025/09/21 00:14:02 Would send sleep command to GPU agent
2025/09/21 00:14:03 Logged telemetry for Mock RTX 4090 on gpu-0
2025/09/21 00:14:03 Logged telemetry for Mock RTX 4070 on gpu-2
2025/09/21 00:14:03 Logged telemetry for Mock RTX 4080 on gpu-1
2025/09/21 00:14:05 Logged telemetry for Mock RTX 4080 on gpu-1
2025/09/21 00:14:05 Logged telemetry for Mock RTX 4090 on gpu-0
2025/09/21 00:14:05 Logged telemetry for Mock RTX 4070 on gpu-2
2025/09/21 00:14:07 No jobs in queue. Predicting idle period. Sending sleep command.
2025/09/21 00:14:07 Would send sleep command to GPU agent
2025/09/21 00:14:07 Logged telemetry for Mock RTX 4070 on gpu-2
2025/09/21 00:14:07 Logged telemetry for Mock RTX 4080 on gpu-1
2025/09/21 00:14:07 Logged telemetry for Mock RTX 4090 on gpu-0
2025/09/21 00:14:09 Logged telemetry for Mock RTX 4090 on gpu-0
2025/09/21 00:14:09 Logged telemetry for Mock RTX 4070 on gpu-2
2025/09/21 00:14:09 Logged telemetry for Mock RTX 4080 on gpu-1
2025/09/21 00:14:11 Logged telemetry for Mock RTX 4080 on gpu-1
2025/09/21 00:14:11 Logged telemetry for Mock RTX 4090 on gpu-0
2025/09/21 00:14:11 Logged telemetry for Mock RTX 4070 on gpu-2
2025/09/21 00:14:12 No jobs in queue. Predicting idle period. Sending sleep command.
2025/09/21 00:14:12 Would send sleep command to GPU agent
2025/09/21 00:14:13 Logged telemetry for Mock RTX 4070 on gpu-2
2025/09/21 00:14:13 Logged telemetry for Mock RTX 4080 on gpu-1
2025/09/21 00:14:13 Logged telemetry for Mock RTX 4090 on gpu-0
2025/09/21 00:14:15 Logged telemetry for Mock RTX 4090 on gpu-0
2025/09/21 00:14:15 Logged telemetry for Mock RTX 4070 on gpu-2
2025/09/21 00:14:15 Logged telemetry for Mock RTX 4080 on gpu-1
2025/09/21 00:14:17 No jobs in queue. Predicting idle period. Sending sleep command.
2025/09/21 00:14:17 Would send sleep command to GPU agent
2025/09/21 00:14:17 Logged telemetry for Mock RTX 4080 on gpu-1
2025/09/21 00:14:17 Logged telemetry for Mock RTX 4090 on gpu-0
2025/09/21 00:14:17 Logged telemetry for Mock RTX 4070 on gpu-2
2025/09/21 00:14:19 Logged telemetry for Mock RTX 4080 on gpu-1
2025/09/21 00:14:19 Logged telemetry for Mock RTX 4070 on gpu-2
2025/09/21 00:14:19 Logged telemetry for Mock RTX 4090 on gpu-0
2025/09/21 00:14:21 Logged telemetry for Mock RTX 4090 on gpu-0
2025/09/21 00:14:21 Logged telemetry for Mock RTX 4080 on gpu-1
2025/09/21 00:14:21 Logged telemetry for Mock RTX 4070 on gpu-2
2025/09/21 00:14:22 No jobs in queue. Predicting idle period. Sending sleep command.
2025/09/21 00:14:22 Would send sleep command to GPU agent
2025/09/21 00:14:23 Logged telemetry for Mock RTX 4070 on gpu-2
2025/09/21 00:14:23 Logged telemetry for Mock RTX 4090 on gpu-0
2025/09/21 00:14:23 Logged telemetry for Mock RTX 4080 on gpu-1
2025/09/21 00:14:25 Logged telemetry for Mock RTX 4080 on gpu-1
2025/09/21 00:14:25 Logged telemetry for Mock RTX 4070 on gpu-2
2025/09/21 00:14:25 Logged telemetry for Mock RTX 4090 on gpu-0
2025/09/21 00:14:27 No jobs in queue. Predicting idle period. Sending sleep command.
2025/09/21 00:14:27 Would send sleep command to GPU agent
2025/09/21 00:14:27 Logged telemetry for Mock RTX 4090 on gpu-0
2025/09/21 00:14:27 Logged telemetry for Mock RTX 4080 on gpu-1
2025/09/21 00:14:27 Logged telemetry for Mock RTX 4070 on gpu-2
2025/09/21 00:14:29 Logged telemetry for Mock RTX 4070 on gpu-2
2025/09/21 00:14:29 Logged telemetry for Mock RTX 4090 on gpu-0
2025/09/21 00:14:29 Logged telemetry for Mock RTX 4080 on gpu-1
2025/09/21 00:14:31 Logged telemetry for Mock RTX 4080 on gpu-1
2025/09/21 00:14:31 Logged telemetry for Mock RTX 4070 on gpu-2
2025/09/21 00:14:31 Logged telemetry for Mock RTX 4090 on gpu-0
2025/09/21 00:14:32 No jobs in queue. Predicting idle period. Sending sleep command.
2025/09/21 00:14:32 Would send sleep command to GPU agent
2025/09/21 00:14:33 Logged telemetry for Mock RTX 4090 on gpu-0
2025/09/21 00:14:33 Logged telemetry for Mock RTX 4080 on gpu-1
2025/09/21 00:14:33 Logged telemetry for Mock RTX 4070 on gpu-2
2025/09/21 00:14:35 Logged telemetry for Mock RTX 4070 on gpu-2
2025/09/21 00:14:35 Logged telemetry for Mock RTX 4090 on gpu-0
2025/09/21 00:14:35 Logged telemetry for Mock RTX 4080 on gpu-1
2025/09/21 00:14:37 No jobs in queue. Predicting idle period. Sending sleep command.
2025/09/21 00:14:37 Would send sleep command to GPU agent
2025/09/21 00:14:37 Logged telemetry for Mock RTX 4080 on gpu-1
2025/09/21 00:14:37 Logged telemetry for Mock RTX 4070 on gpu-2
2025/09/21 00:14:37 Logged telemetry for Mock RTX 4090 on gpu-0
2025/09/21 00:14:39 Logged telemetry for Mock RTX 4090 on gpu-0
2025/09/21 00:14:39 Logged telemetry for Mock RTX 4080 on gpu-1
2025/09/21 00:14:39 Logged telemetry for Mock RTX 4070 on gpu-2
2025/09/21 00:14:41 Logged telemetry for Mock RTX 4070 on gpu-2
2025/09/21 00:14:41 Logged telemetry for Mock RTX 4090 on gpu-0
2025/09/21 00:14:41 Logged telemetry for Mock RTX 4080 on gpu-1
2025/09/21 00:14:42 No jobs in queue. Predicting idle period. Sending sleep command.
2025/09/21 00:14:42 Would send sleep command to GPU agent
2025/09/21 00:14:43 Logged telemetry for Mock RTX 4080 on gpu-1
2025/09/21 00:14:43 Logged telemetry for Mock RTX 4070 on gpu-2
2025/09/21 00:14:43 Logged telemetry for Mock RTX 4090 on gpu-0
2025/09/21 00:14:45 Logged telemetry for Mock RTX 4090 on gpu-0
2025/09/21 00:14:45 Logged telemetry for Mock RTX 4080 on gpu-1
2025/09/21 00:14:45 Logged telemetry for Mock RTX 4070 on gpu-2
2025/09/21 00:14:47 No jobs in queue. Predicting idle period. Sending sleep command.
2025/09/21 00:14:47 Would send sleep command to GPU agent
2025/09/21 00:14:47 Logged telemetry for Mock RTX 4070 on gpu-2
2025/09/21 00:14:47 Logged telemetry for Mock RTX 4090 on gpu-0
2025/09/21 00:14:47 Logged telemetry for Mock RTX 4080 on gpu-1
2025/09/21 00:14:49 Logged telemetry for Mock RTX 4080 on gpu-1
2025/09/21 00:14:49 Logged telemetry for Mock RTX 4070 on gpu-2
2025/09/21 00:14:49 Logged telemetry for Mock RTX 4090 on gpu-0
2025/09/21 00:14:51 Logged telemetry for Mock RTX 4080 on gpu-1
2025/09/21 00:14:51 Logged telemetry for Mock RTX 4090 on gpu-0
2025/09/21 00:14:51 Logged telemetry for Mock RTX 4070 on gpu-2
2025/09/21 00:14:52 No jobs in queue. Predicting idle period. Sending sleep command.
2025/09/21 00:14:52 Would send sleep command to GPU agent
2025/09/21 00:14:53 Logged telemetry for Mock RTX 4070 on gpu-2
2025/09/21 00:14:53 Logged telemetry for Mock RTX 4080 on gpu-1
2025/09/21 00:14:53 Logged telemetry for Mock RTX 4090 on gpu-0
2025/09/21 00:14:55 Logged telemetry for Mock RTX 4090 on gpu-0
2025/09/21 00:14:55 Logged telemetry for Mock RTX 4070 on gpu-2
2025/09/21 00:14:55 Logged telemetry for Mock RTX 4080 on gpu-1
2025/09/21 00:14:57 No jobs in queue. Predicting idle period. Sending sleep command.
2025/09/21 00:14:57 Would send sleep command to GPU agent
2025/09/21 00:14:57 Logged telemetry for Mock RTX 4080 on gpu-1
2025/09/21 00:14:57 Logged telemetry for Mock RTX 4090 on gpu-0
2025/09/21 00:14:57 Logged telemetry for Mock RTX 4070 on gpu-2
2025/09/21 00:14:59 Logged telemetry for Mock RTX 4070 on gpu-2
2025/09/21 00:14:59 Logged telemetry for Mock RTX 4080 on gpu-1
2025/09/21 00:14:59 Logged telemetry for Mock RTX 4090 on gpu-0
2025/09/21 00:15:01 Logged telemetry for Mock RTX 4090 on gpu-0
2025/09/21 00:15:01 Logged telemetry for Mock RTX 4070 on gpu-2
2025/09/21 00:15:01 Logged telemetry for Mock RTX 4080 on gpu-1
2025/09/21 00:15:02 No jobs in queue. Predicting idle period. Sending sleep command.
2025/09/21 00:15:02 Would send sleep command to GPU agent
2025/09/21 00:15:03 Logged telemetry for Mock RTX 4080 on gpu-1
2025/09/21 00:15:03 Logged telemetry for Mock RTX 4090 on gpu-0
2025/09/21 00:15:03 Logged telemetry for Mock RTX 4070 on gpu-2
2025/09/21 00:15:05 Logged telemetry for Mock RTX 4070 on gpu-2
2025/09/21 00:15:05 Logged telemetry for Mock RTX 4080 on gpu-1
2025/09/21 00:15:05 Logged telemetry for Mock RTX 4090 on gpu-0
2025/09/21 00:15:07 No jobs in queue. Predicting idle period. Sending sleep command.
2025/09/21 00:15:07 Would send sleep command to GPU agent
2025/09/21 00:15:07 Logged telemetry for Mock RTX 4090 on gpu-0
2025/09/21 00:15:07 Logged telemetry for Mock RTX 4070 on gpu-2
2025/09/21 00:15:07 Logged telemetry for Mock RTX 4080 on gpu-1
2025/09/21 00:15:09 Logged telemetry for Mock RTX 4080 on gpu-1
2025/09/21 00:15:09 Logged telemetry for Mock RTX 4070 on gpu-2
2025/09/21 00:15:09 Logged telemetry for Mock RTX 4090 on gpu-0
2025/09/21 00:15:11 Logged telemetry for Mock RTX 4090 on gpu-0
2025/09/21 00:15:11 Logged telemetry for Mock RTX 4080 on gpu-1
2025/09/21 00:15:11 Logged telemetry for Mock RTX 4070 on gpu-2
2025/09/21 00:15:12 No jobs in queue. Predicting idle period. Sending sleep command.
2025/09/21 00:15:12 Would send sleep command to GPU agent
2025/09/21 00:15:13 Logged telemetry for Mock RTX 4070 on gpu-2
2025/09/21 00:15:13 Logged telemetry for Mock RTX 4090 on gpu-0
2025/09/21 00:15:13 Logged telemetry for Mock RTX 4080 on gpu-1
2025/09/21 00:15:15 Logged telemetry for Mock RTX 4080 on gpu-1
2025/09/21 00:15:15 Logged telemetry for Mock RTX 4090 on gpu-0
2025/09/21 00:15:15 Logged telemetry for Mock RTX 4070 on gpu-2
2025/09/21 00:15:17 No jobs in queue. Predicting idle period. Sending sleep command.
2025/09/21 00:15:17 Would send sleep command to GPU agent
2025/09/21 00:15:17 Logged telemetry for Mock RTX 4080 on gpu-1
2025/09/21 00:15:17 Logged telemetry for Mock RTX 4090 on gpu-0
2025/09/21 00:15:17 Logged telemetry for Mock RTX 4070 on gpu-2
2025/09/21 00:15:19 Logged telemetry for Mock RTX 4070 on gpu-2
2025/09/21 00:15:19 Logged telemetry for Mock RTX 4090 on gpu-0
2025/09/21 00:15:19 Logged telemetry for Mock RTX 4080 on gpu-1
2025/09/21 00:15:21 Logged telemetry for Mock RTX 4080 on gpu-1
2025/09/21 00:15:21 Logged telemetry for Mock RTX 4070 on gpu-2
2025/09/21 00:15:21 Logged telemetry for Mock RTX 4090 on gpu-0
2025/09/21 00:15:22 No jobs in queue. Predicting idle period. Sending sleep command.
2025/09/21 00:15:22 Would send sleep command to GPU agent
2025/09/21 00:15:23 Logged telemetry for Mock RTX 4090 on gpu-0
2025/09/21 00:15:23 Logged telemetry for Mock RTX 4080 on gpu-1
2025/09/21 00:15:23 Logged telemetry for Mock RTX 4070 on gpu-2
2025/09/21 00:15:25 Logged telemetry for Mock RTX 4090 on gpu-0
2025/09/21 00:15:25 Logged telemetry for Mock RTX 4080 on gpu-1
2025/09/21 00:15:25 Logged telemetry for Mock RTX 4070 on gpu-2
2025/09/21 00:15:27 No jobs in queue. Predicting idle period. Sending sleep command.
2025/09/21 00:15:27 Would send sleep command to GPU agent
2025/09/21 00:15:27 Logged telemetry for Mock RTX 4070 on gpu-2
2025/09/21 00:15:27 Logged telemetry for Mock RTX 4090 on gpu-0
2025/09/21 00:15:27 Logged telemetry for Mock RTX 4080 on gpu-1
2025/09/21 00:15:29 Logged telemetry for Mock RTX 4080 on gpu-1
2025/09/21 00:15:29 Logged telemetry for Mock RTX 4070 on gpu-2
2025/09/21 00:15:29 Logged telemetry for Mock RTX 4090 on gpu-0
2025/09/21 00:15:31 Logged telemetry for Mock RTX 4090 on gpu-0
2025/09/21 00:15:31 Logged telemetry for Mock RTX 4080 on gpu-1
2025/09/21 00:15:31 Logged telemetry for Mock RTX 4070 on gpu-2
2025/09/21 00:15:32 No jobs in queue. Predicting idle period. Sending sleep command.
2025/09/21 00:15:32 Would send sleep command to GPU agent
2025/09/21 00:15:33 Logged telemetry for Mock RTX 4070 on gpu-2
2025/09/21 00:15:33 Logged telemetry for Mock RTX 4090 on gpu-0
2025/09/21 00:15:33 Logged telemetry for Mock RTX 4080 on gpu-1
2025/09/21 00:15:35 Logged telemetry for Mock RTX 4080 on gpu-1
2025/09/21 00:15:35 Logged telemetry for Mock RTX 4070 on gpu-2
2025/09/21 00:15:35 Logged telemetry for Mock RTX 4090 on gpu-0
2025/09/21 00:15:37 No jobs in queue. Predicting idle period. Sending sleep command.
2025/09/21 00:15:37 Would send sleep command to GPU agent
2025/09/21 00:15:37 Logged telemetry for Mock RTX 4090 on gpu-0
2025/09/21 00:15:37 Logged telemetry for Mock RTX 4080 on gpu-1
2025/09/21 00:15:37 Logged telemetry for Mock RTX 4070 on gpu-2
2025/09/21 00:15:39 Logged telemetry for Mock RTX 4070 on gpu-2
2025/09/21 00:15:39 Logged telemetry for Mock RTX 4090 on gpu-0
2025/09/21 00:15:39 Logged telemetry for Mock RTX 4080 on gpu-1
2025/09/21 00:15:41 Logged telemetry for Mock RTX 4080 on gpu-1
2025/09/21 00:15:41 Logged telemetry for Mock RTX 4090 on gpu-0
2025/09/21 00:15:41 Logged telemetry for Mock RTX 4070 on gpu-2
2025/09/21 00:15:42 No jobs in queue. Predicting idle period. Sending sleep command.
2025/09/21 00:15:42 Would send sleep command to GPU agent
2025/09/21 00:15:43 Logged telemetry for Mock RTX 4070 on gpu-2
2025/09/21 00:15:43 Logged telemetry for Mock RTX 4080 on gpu-1
2025/09/21 00:15:43 Logged telemetry for Mock RTX 4090 on gpu-0
2025/09/21 00:32:38 Logged telemetry for Mock RTX 4090 on gpu-0
2025/09/21 00:32:38 Logged telemetry for Mock RTX 4070 on gpu-2
2025/09/21 00:32:38 Logged telemetry for Mock RTX 4080 on gpu-1
2025/09/21 00:32:40 No jobs in queue. Predicting idle period. Sending sleep command.
2025/09/21 00:32:40 Would send sleep command to GPU agent
2025/09/21 00:32:40 Logged telemetry for Mock RTX 4090 on gpu-0
2025/09/21 00:32:40 Logged telemetry for Mock RTX 4070 on gpu-2
2025/09/21 00:32:40 Logged telemetry for Mock RTX 4080 on gpu-1
2025/09/21 00:40:23 Logged telemetry for Mock RTX 4080 on gpu-1
2025/09/21 00:40:23 Logged telemetry for Mock RTX 4070 on gpu-2
2025/09/21 00:40:23 Logged telemetry for Mock RTX 4090 on gpu-0
2025/09/21 00:40:25 Logged telemetry for Mock RTX 4080 on gpu-1
2025/09/21 00:40:25 Logged telemetry for Mock RTX 4090 on gpu-0
2025/09/21 00:40:25 Logged telemetry for Mock RTX 4070 on gpu-2
2025/09/21 00:40:26 No jobs in queue. Predicting idle period. Sending sleep command.
2025/09/21 00:40:26 Would send sleep command to GPU agent
2025/09/21 00:40:27 Logged telemetry for Mock RTX 4070 on gpu-2
2025/09/21 00:40:27 Logged telemetry for Mock RTX 4080 on gpu-1
2025/09/21 00:40:27 Logged telemetry for Mock RTX 4090 on gpu-0
2025/09/21 00:40:29 Logged telemetry for Mock RTX 4080 on gpu-1
2025/09/21 00:40:29 Logged telemetry for Mock RTX 4070 on gpu-2
2025/09/21 00:40:29 Logged telemetry for Mock RTX 4090 on gpu-0
2025/09/21 00:40:31 No jobs in queue. Predicting idle period. Sending sleep command.
2025/09/21 00:40:31 Would send sleep command to GPU agent
2025/09/21 00:40:31 Logged telemetry for Mock RTX 4090 on gpu-0
2025/09/21 00:40:31 Logged telemetry for Mock RTX 4070 on gpu-2
2025/09/21 00:40:31 Logged telemetry for Mock RTX 4080 on gpu-1
2025/09/21 00:40:33 Logged telemetry for Mock RTX 4070 on gpu-2
2025/09/21 00:40:33 Logged telemetry for Mock RTX 4090 on gpu-0
2025/09/21 00:40:33 Logged telemetry for Mock RTX 4080 on gpu-1
2025/09/21 00:40:35 Logged telemetry for Mock RTX 4080 on gpu-1
2025/09/21 00:40:35 Logged telemetry for Mock RTX 4070 on gpu-2
2025/09/21 00:40:35 Logged telemetry for Mock RTX 4090 on gpu-0
2025/09/21 00:40:36 No jobs in queue. Predicting idle period. Sending sleep command.
2025/09/21 00:40:36 Would send sleep command to GPU agent
2025/09/21 00:40:37 Logged telemetry for Mock RTX 4090 on gpu-0
2025/09/21 00:40:37 Logged telemetry for Mock RTX 4070 on gpu-2
2025/09/21 00:40:37 Logged telemetry for Mock RTX 4080 on gpu-1
2025/09/21 00:40:39 Logged telemetry for Mock RTX 4090 on gpu-0
2025/09/21 00:40:39 Logged telemetry for Mock RTX 4080 on gpu-1
2025/09/21 00:40:39 Logged telemetry for Mock RTX 4070 on gpu-2
2025/09/21 00:40:41 No jobs in queue. Predicting idle period. Sending sleep command.
2025/09/21 00:40:41 Would send sleep command to GPU agent
2025/09/21 00:40:41 Logged telemetry for Mock RTX 4070 on gpu-2
2025/09/21 00:40:41 Logged telemetry for Mock RTX 4080 on gpu-1
2025/09/21 00:40:41 Logged telemetry for Mock RTX 4090 on gpu-0
2025/09/21 00:40:43 Logged telemetry for Mock RTX 4090 on gpu-0
2025/09/21 00:40:43 Logged telemetry for Mock RTX 4070 on gpu-2
2025/09/21 00:40:43 Logged telemetry for Mock RTX 4080 on gpu-1
2025/09/21 00:40:45 Logged telemetry for Mock RTX 4080 on gpu-1
2025/09/21 00:40:45 Logged telemetry for Mock RTX 4090 on gpu-0
2025/09/21 00:40:45 Logged telemetry for Mock RTX 4070 on gpu-2
2025/09/21 00:40:46 No jobs in queue. Predicting idle period. Sending sleep command.
2025/09/21 00:40:46 Would send sleep command to GPU agent
2025/09/21 00:40:47 Logged telemetry for Mock RTX 4070 on gpu-2
2025/09/21 00:40:47 Logged telemetry for Mock RTX 4080 on gpu-1
2025/09/21 00:40:47 Logged telemetry for Mock RTX 4090 on gpu-0
2025/09/21 00:40:49 Logged telemetry for Mock RTX 4090 on gpu-0
2025/09/21 00:40:49 Logged telemetry for Mock RTX 4070 on gpu-2
2025/09/21 00:40:49 Logged telemetry for Mock RTX 4080 on gpu-1
2025/09/21 00:40:51 No jobs in queue. Predicting idle period. Sending sleep command.
2025/09/21 00:40:51 Would send sleep command to GPU agent
2025/09/21 00:40:51 Logged telemetry for Mock RTX 4080 on gpu-1
2025/09/21 00:40:51 Logged telemetry for Mock RTX 4090 on gpu-0
2025/09/21 00:40:51 Logged telemetry for Mock RTX 4070 on gpu-2
2025/09/21 00:40:53 Logged telemetry for Mock RTX 4080 on gpu-1
2025/09/21 00:40:53 Logged telemetry for Mock RTX 4070 on gpu-2
2025/09/21 00:40:53 Logged telemetry for Mock RTX 4090 on gpu-0
2025/09/21 00:40:55 Logged telemetry for Mock RTX 4090 on gpu-0
2025/09/21 00:40:55 Logged telemetry for Mock RTX 4070 on gpu-2
2025/09/21 00:40:55 Logged telemetry for Mock RTX 4080 on gpu-1
2025/09/21 00:40:56 No jobs in queue. Predicting idle period. Sending sleep command.
2025/09/21 00:40:56 Would send sleep command to GPU agent
2025/09/21 00:40:57 Logged telemetry for Mock RTX 4080 on gpu-1
2025/09/21 00:40:57 Logged telemetry for Mock RTX 4070 on gpu-2
2025/09/21 00:40:57 Logged telemetry for Mock RTX 4090 on gpu-0
2025/09/21 00:40:59 Logged telemetry for Mock RTX 4090 on gpu-0
2025/09/21 00:40:59 Logged telemetry for Mock RTX 4080 on gpu-1
2025/09/21 00:40:59 Logged telemetry for Mock RTX 4070 on gpu-2
2025/09/21 00:41:01 No jobs in queue. Predicting idle period. Sending sleep command.
2025/09/21 00:41:01 Would send sleep command to GPU agent
2025/09/21 00:41:01 Logged telemetry for Mock RTX 4070 on gpu-2
2025/09/21 00:41:01 Logged telemetry for Mock RTX 4090 on gpu-0
2025/09/21 00:41:01 Logged telemetry for Mock RTX 4080 on gpu-1
2025/09/21 00:41:03 Logged telemetry for Mock RTX 4080 on gpu-1
2025/09/21 00:41:03 Logged telemetry for Mock RTX 4070 on gpu-2
2025/09/21 00:41:03 Logged telemetry for Mock RTX 4090 on gpu-0
2025/09/21 00:41:05 Logged telemetry for Mock RTX 4090 on gpu-0
2025/09/21 00:41:05 Logged telemetry for Mock RTX 4070 on gpu-2
2025/09/21 00:41:05 Logged telemetry for Mock RTX 4080 on gpu-1
2025/09/21 00:41:06 No jobs in queue. Predicting idle period. Sending sleep command.
2025/09/21 00:41:06 Would send sleep command to GPU agent
2025/09/21 00:41:07 Logged telemetry for Mock RTX 4080 on gpu-1
2025/09/21 00:41:07 Logged telemetry for Mock RTX 4070 on gpu-2
2025/09/21 00:41:07 Logged telemetry for Mock RTX 4090 on gpu-0
2025/09/21 00:41:09 Logged telemetry for Mock RTX 4090 on gpu-0
2025/09/21 00:41:09 Logged telemetry for Mock RTX 4080 on gpu-1
2025/09/21 00:41:09 Logged telemetry for Mock RTX 4070 on gpu-2
2025/09/21 00:41:11 No jobs in queue. Predicting idle period. Sending sleep command.
2025/09/21 00:41:11 Would send sleep command to GPU agent
2025/09/21 00:41:11 Logged telemetry for Mock RTX 4070 on gpu-2
2025/09/21 00:41:11 Logged telemetry for Mock RTX 4080 on gpu-1
2025/09/21 00:41:11 Logged telemetry for Mock RTX 4090 on gpu-0
2025/09/21 00:41:13 Logged telemetry for Mock RTX 4090 on gpu-0
2025/09/21 00:41:13 Logged telemetry for Mock RTX 4070 on gpu-2
2025/09/21 00:41:13 Logged telemetry for Mock RTX 4080 on gpu-1
2025/09/21 00:41:15 Logged telemetry for Mock RTX 4080 on gpu-1
2025/09/21 00:41:15 Logged telemetry for Mock RTX 4090 on gpu-0
2025/09/21 00:41:15 Logged telemetry for Mock RTX 4070 on gpu-2
2025/09/21 00:41:16 No jobs in queue. Predicting idle period. Sending sleep command.
2025/09/21 00:41:16 Would send sleep command to GPU agent
2025/09/21 00:41:17 Logged telemetry for Mock RTX 4070 on gpu-2
2025/09/21 00:41:17 Logged telemetry for Mock RTX 4080 on gpu-1
2025/09/21 00:41:17 Logged telemetry for Mock RTX 4090 on gpu-0
2025/09/21 00:41:19 Logged telemetry for Mock RTX 4070 on gpu-2
2025/09/21 00:41:19 Logged telemetry for Mock RTX 4090 on gpu-0
2025/09/21 00:41:19 Logged telemetry for Mock RTX 4080 on gpu-1
2025/09/21 00:41:21 No jobs in queue. Predicting idle period. Sending sleep command.
2025/09/21 00:41:21 Would send sleep command to GPU agent
2025/09/21 00:41:21 Logged telemetry for Mock RTX 4090 on gpu-0
2025/09/21 00:41:21 Logged telemetry for Mock RTX 4080 on gpu-1
2025/09/21 00:41:21 Logged telemetry for Mock RTX 4070 on gpu-2
2025/09/21 00:41:23 Logged telemetry for Mock RTX 4070 on gpu-2
2025/09/21 00:41:23 Logged telemetry for Mock RTX 4080 on gpu-1
2025/09/21 00:41:23 Logged telemetry for Mock RTX 4090 on gpu-0
2025/09/21 00:41:25 Logged telemetry for Mock RTX 4090 on gpu-0
2025/09/21 00:41:25 Logged telemetry for Mock RTX 4070 on gpu-2
2025/09/21 00:41:25 Logged telemetry for Mock RTX 4080 on gpu-1
2025/09/21 00:41:26 No jobs in queue. Predicting idle period. Sending sleep command.
2025/09/21 00:41:26 Would send sleep command to GPU agent
2025/09/21 00:41:27 Logged telemetry for Mock RTX 4080 on gpu-1
2025/09/21 00:41:27 Logged telemetry for Mock RTX 4070 on gpu-2
2025/09/21 00:41:27 Logged telemetry for Mock RTX 4090 on gpu-0
2025/09/21 00:41:29 Logged telemetry for Mock RTX 4090 on gpu-0
2025/09/21 00:41:29 Logged telemetry for Mock RTX 4080 on gpu-1
2025/09/21 00:41:29 Logged telemetry for Mock RTX 4070 on gpu-2
2025/09/21 00:41:31 No jobs in queue. Predicting idle period. Sending sleep command.
2025/09/21 00:41:31 Would send sleep command to GPU agent
2025/09/21 00:41:31 Logged telemetry for Mock RTX 4070 on gpu-2
2025/09/21 00:41:31 Logged telemetry for Mock RTX 4090 on gpu-0
2025/09/21 00:41:31 Logged telemetry for Mock RTX 4080 on gpu-1
2025/09/21 00:41:33 Logged telemetry for Mock RTX 4080 on gpu-1
2025/09/21 00:41:33 Logged telemetry for Mock RTX 4070 on gpu-2
2025/09/21 00:41:33 Logged telemetry for Mock RTX 4090 on gpu-0
2025/09/21 00:41:35 Logged telemetry for Mock RTX 4080 on gpu-1
2025/09/21 00:41:35 Logged telemetry for Mock RTX 4090 on gpu-0
2025/09/21 00:41:35 Logged telemetry for Mock RTX 4070 on gpu-2
2025/09/21 00:41:36 No jobs in queue. Predicting idle period. Sending sleep command.
2025/09/21 00:41:36 Would send sleep command to GPU agent
2025/09/21 00:41:37 Logged telemetry for Mock RTX 4070 on gpu-2
2025/09/21 00:41:37 Logged telemetry for Mock RTX 4090 on gpu-0
2025/09/21 00:41:37 Logged telemetry for Mock RTX 4080 on gpu-1
2025/09/21 00:41:39 Logged telemetry for Mock RTX 4080 on gpu-1
2025/09/21 00:41:39 Logged telemetry for Mock RTX 4070 on gpu-2
2025/09/21 00:41:39 Logged telemetry for Mock RTX 4090 on gpu-0
2025/09/21 00:41:41 No jobs in queue. Predicting idle period. Sending sleep command.
2025/09/21 00:41:41 Would send sleep command to GPU agent
2025/09/21 00:41:41 Logged telemetry for Mock RTX 4090 on gpu-0
2025/09/21 00:41:41 Logged telemetry for Mock RTX 4070 on gpu-2
2025/09/21 00:41:41 Logged telemetry for Mock RTX 4080 on gpu-1
2025/09/21 00:41:43 Logged telemetry for Mock RTX 4080 on gpu-1
2025/09/21 00:41:43 Logged telemetry for Mock RTX 4070 on gpu-2
2025/09/21 00:41:43 Logged telemetry for Mock RTX 4090 on gpu-0
2025/09/21 00:41:45 Logged telemetry for Mock RTX 4090 on gpu-0
2025/09/21 00:41:45 Logged telemetry for Mock RTX 4080 on gpu-1
2025/09/21 00:41:45 Logged telemetry for Mock RTX 4070 on gpu-2
2025/09/21 00:41:46 No jobs in queue. Predicting idle period. Sending sleep command.
2025/09/21 00:41:46 Would send sleep command to GPU agent
2025/09/21 00:41:47 Logged telemetry for Mock RTX 4090 on gpu-0
2025/09/21 00:41:47 Logged telemetry for Mock RTX 4070 on gpu-2
2025/09/21 00:41:47 Logged telemetry for Mock RTX 4080 on gpu-1
2025/09/21 00:41:49 Logged telemetry for Mock RTX 4070 on gpu-2
2025/09/21 00:41:49 Logged telemetry for Mock RTX 4090 on gpu-0
2025/09/21 00:41:49 Logged telemetry for Mock RTX 4080 on gpu-1
2025/09/21 00:42:47 No jobs in queue. Predicting idle period. Sending sleep command.
2025/09/21 00:42:47 Would send sleep command to GPU agent
2025/09/21 00:42:47 Logged telemetry for Mock RTX 4080 on gpu-1
2025/09/21 00:42:47 Logged telemetry for Mock RTX 4070 on gpu-2
2025/09/21 00:42:47 Logged telemetry for Mock RTX 4090 on gpu-0
2025/09/21 00:42:49 Logged telemetry for Mock RTX 4090 on gpu-0
2025/09/21 00:42:49 Logged telemetry for Mock RTX 4080 on gpu-1
2025/09/21 00:42:49 Logged telemetry for Mock RTX 4070 on gpu-2
2025/09/21 00:42:51 Logged telemetry for Mock RTX 4070 on gpu-2
2025/09/21 00:42:51 Logged telemetry for Mock RTX 4090 on gpu-0
2025/09/21 00:42:51 Logged telemetry for Mock RTX 4080 on gpu-1
2025/09/21 00:42:52 No jobs in queue. Predicting idle period. Sending sleep command.
2025/09/21 00:42:52 Would send sleep command to GPU agent
2025/09/21 00:42:53 Logged telemetry for Mock RTX 4090 on gpu-0
2025/09/21 00:42:53 Logged telemetry for Mock RTX 4070 on gpu-2
2025/09/21 00:42:53 Logged telemetry for Mock RTX 4080 on gpu-1
2025/09/21 00:42:55 Logged telemetry for Mock RTX 4090 on gpu-0
2025/09/21 00:42:55 Logged telemetry for Mock RTX 4070 on gpu-2
2025/09/21 00:42:55 Logged telemetry for Mock RTX 4080 on gpu-1
2025/09/21 00:42:57 No jobs in queue. Predicting idle period. Sending sleep command.
2025/09/21 00:42:57 Would send sleep command to GPU agent
2025/09/21 00:42:57 Logged telemetry for Mock RTX 4090 on gpu-0
2025/09/21 00:42:57 Logged telemetry for Mock RTX 4070 on gpu-2
2025/09/21 00:42:57 Logged telemetry for Mock RTX 4080 on gpu-1
2025/09/21 00:42:59 Logged telemetry for Mock RTX 4070 on gpu-2
2025/09/21 00:42:59 Logged telemetry for Mock RTX 4080 on gpu-1
2025/09/21 00:42:59 Logged telemetry for Mock RTX 4090 on gpu-0
2025/09/21 00:43:01 Logged telemetry for Mock RTX 4090 on gpu-0
2025/09/21 00:43:01 Logged telemetry for Mock RTX 4080 on gpu-1
2025/09/21 00:43:01 Logged telemetry for Mock RTX 4070 on gpu-2
2025/09/21 00:43:02 No jobs in queue. Predicting idle period. Sending sleep command.
2025/09/21 00:43:02 Would send sleep command to GPU agent
2025/09/21 00:43:03 Logged telemetry for Mock RTX 4070 on gpu-2
2025/09/21 00:43:03 Logged telemetry for Mock RTX 4090 on gpu-0
2025/09/21 00:43:03 Logged telemetry for Mock RTX 4080 on gpu-1
2025/09/21 00:43:05 Logged telemetry for Mock RTX 4080 on gpu-1
2025/09/21 00:43:05 Logged telemetry for Mock RTX 4090 on gpu-0
2025/09/21 00:43:05 Logged telemetry for Mock RTX 4070 on gpu-2
2025/09/21 00:43:07 No jobs in queue. Predicting idle period. Sending sleep command.
2025/09/21 00:43:07 Would send sleep command to GPU agent
2025/09/21 00:43:07 Logged telemetry for Mock RTX 4070 on gpu-2
2025/09/21 00:43:07 Logged telemetry for Mock RTX 4080 on gpu-1
2025/09/21 00:43:07 Logged telemetry for Mock RTX 4090 on gpu-0
2025/09/21 00:43:09 Logged telemetry for Mock RTX 4090 on gpu-0
2025/09/21 00:43:09 Logged telemetry for Mock RTX 4070 on gpu-2
2025/09/21 00:43:09 Logged telemetry for Mock RTX 4080 on gpu-1
2025/09/21 00:43:11 Logged telemetry for Mock RTX 4080 on gpu-1
2025/09/21 00:43:11 Logged telemetry for Mock RTX 4090 on gpu-0
2025/09/21 00:43:11 Logged telemetry for Mock RTX 4070 on gpu-2
2025/09/21 00:43:12 No jobs in queue. Predicting idle period. Sending sleep command.
2025/09/21 00:43:12 Would send sleep command to GPU agent
2025/09/21 00:43:13 Logged telemetry for Mock RTX 4070 on gpu-2
2025/09/21 00:43:13 Logged telemetry for Mock RTX 4080 on gpu-1
2025/09/21 00:43:13 Logged telemetry for Mock RTX 4090 on gpu-0
2025/09/21 01:47:49 Logged telemetry for Mock RTX 4070 on gpu-2
2025/09/21 01:47:49 Logged telemetry for Mock RTX 4090 on gpu-0
2025/09/21 01:47:49 Logged telemetry for Mock RTX 4080 on gpu-1
2025/09/21 01:47:51 No jobs in queue. Predicting idle period. Sending sleep command.
2025/09/21 01:47:51 Would send sleep command to GPU agent
2025/09/21 01:47:51 Logged telemetry for Mock RTX 4080 on gpu-1
2025/09/21 01:47:51 Logged telemetry for Mock RTX 4070 on gpu-2
2025/09/21 01:47:51 Logged telemetry for Mock RTX 4090 on gpu-0
2025/09/21 01:47:53 Logged telemetry for Mock RTX 4090 on gpu-0
2025/09/21 01:47:53 Logged telemetry for Mock RTX 4080 on gpu-1
2025/09/21 01:47:53 Logged telemetry for Mock RTX 4070 on gpu-2
2025/09/21 01:47:55 Logged telemetry for Mock RTX 4090 on gpu-0
2025/09/21 01:47:55 Logged telemetry for Mock RTX 4080 on gpu-1
2025/09/21 01:47:55 Logged telemetry for Mock RTX 4070 on gpu-2
2025/09/21 01:47:56 No jobs in queue. Predicting idle period. Sending sleep command.
2025/09/21 01:47:56 Would send sleep command to GPU agent
2025/09/21 01:47:57 Logged telemetry for Mock RTX 4090 on gpu-0
2025/09/21 01:47:57 Logged telemetry for Mock RTX 4080 on gpu-1
2025/09/21 01:47:57 Logged telemetry for Mock RTX 4070 on gpu-2
2025/09/21 01:47:59 Logged telemetry for Mock RTX 4080 on gpu-1
2025/09/21 01:47:59 Logged telemetry for Mock RTX 4070 on gpu-2
2025/09/21 01:47:59 Logged telemetry for Mock RTX 4090 on gpu-0
2025/09/21 01:48:01 No jobs in queue. Predicting idle period. Sending sleep command.
2025/09/21 01:48:01 Would send sleep command to GPU agent
2025/09/21 01:48:01 Logged telemetry for Mock RTX 4080 on gpu-1
2025/09/21 01:48:01 Logged telemetry for Mock RTX 4090 on gpu-0
2025/09/21 01:48:01 Logged telemetry for Mock RTX 4070 on gpu-2
2025/09/21 01:48:03 Logged telemetry for Mock RTX 4070 on gpu-2
2025/09/21 01:48:03 Logged telemetry for Mock RTX 4080 on gpu-1
2025/09/21 01:48:03 Logged telemetry for Mock RTX 4090 on gpu-0
2025/09/21 01:48:05 Logged telemetry for Mock RTX 4080 on gpu-1
2025/09/21 01:48:05 Logged telemetry for Mock RTX 4070 on gpu-2
2025/09/21 01:48:05 Logged telemetry for Mock RTX 4090 on gpu-0
2025/09/21 01:48:06 No jobs in queue. Predicting idle period. Sending sleep command.
2025/09/21 01:48:06 Would send sleep command to GPU agent
2025/09/21 01:48:07 Logged telemetry for Mock RTX 4070 on gpu-2
2025/09/21 01:48:07 Logged telemetry for Mock RTX 4090 on gpu-0
2025/09/21 01:48:07 Logged telemetry for Mock RTX 4080 on gpu-1
2025/09/21 01:48:09 Logged telemetry for Mock RTX 4070 on gpu-2
2025/09/21 01:48:09 Logged telemetry for Mock RTX 4080 on gpu-1
2025/09/21 01:48:09 Logged telemetry for Mock RTX 4090 on gpu-0
2025/09/21 01:48:11 No jobs in queue. Predicting idle period. Sending sleep command.
2025/09/21 01:48:11 Would send sleep command to GPU agent
2025/09/21 01:48:11 Logged telemetry for Mock RTX 4090 on gpu-0
2025/09/21 01:48:11 Logged telemetry for Mock RTX 4070 on gpu-2
2025/09/21 01:48:11 Logged telemetry for Mock RTX 4080 on gpu-1
2025/09/21 01:48:13 Logged telemetry for Mock RTX 4090 on gpu-0
2025/09/21 01:48:13 Logged telemetry for Mock RTX 4080 on gpu-1
2025/09/21 01:48:13 Logged telemetry for Mock RTX 4070 on gpu-2
2025/09/21 01:48:15 Logged telemetry for Mock RTX 4090 on gpu-0
2025/09/21 01:48:15 Logged telemetry for Mock RTX 4070 on gpu-2
2025/09/21 01:48:15 Logged telemetry for Mock RTX 4080 on gpu-1
2025/09/21 01:48:16 No jobs in queue. Predicting idle period. Sending sleep command.
2025/09/21 01:48:16 Would send sleep command to GPU agent
2025/09/21 01:48:17 Logged telemetry for Mock RTX 4080 on gpu-1
2025/09/21 01:48:17 Logged telemetry for Mock RTX 4070 on gpu-2
2025/09/21 01:48:17 Logged telemetry for Mock RTX 4090 on gpu-0
2025/09/21 01:48:19 Logged telemetry for Mock RTX 4090 on gpu-0
2025/09/21 01:48:19 Logged telemetry for Mock RTX 4080 on gpu-1
2025/09/21 01:48:19 Logged telemetry for Mock RTX 4070 on gpu-2
2025/09/21 01:48:21 No jobs in queue. Predicting idle period. Sending sleep command.
2025/09/21 01:48:21 Would send sleep command to GPU agent
2025/09/21 01:48:21 Logged telemetry for Mock RTX 4070 on gpu-2
2025/09/21 01:48:21 Logged telemetry for Mock RTX 4090 on gpu-0
2025/09/21 01:48:21 Logged telemetry for Mock RTX 4080 on gpu-1
2025/09/21 01:48:23 Logged telemetry for Mock RTX 4080 on gpu-1
2025/09/21 01:48:23 Logged telemetry for Mock RTX 4070 on gpu-2
2025/09/21 01:48:23 Logged telemetry for Mock RTX 4090 on gpu-0
2025/09/21 01:48:25 Logged telemetry for Mock RTX 4090 on gpu-0
2025/09/21 01:48:25 Logged telemetry for Mock RTX 4080 on gpu-1
2025/09/21 01:48:25 Logged telemetry for Mock RTX 4070 on gpu-2
2025/09/21 01:48:26 No jobs in queue. Predicting idle period. Sending sleep command.
2025/09/21 01:48:26 Would send sleep command to GPU agent
2025/09/21 01:48:27 Logged telemetry for Mock RTX 4070 on gpu-2
2025/09/21 01:48:27 Logged telemetry for Mock RTX 4090 on gpu-0
2025/09/21 01:48:27 Logged telemetry for Mock RTX 4080 on gpu-1
2025/09/21 01:48:29 Logged telemetry for Mock RTX 4080 on gpu-1
2025/09/21 01:48:29 Logged telemetry for Mock RTX 4090 on gpu-0
2025/09/21 01:48:29 Logged telemetry for Mock RTX 4070 on gpu-2
2025/09/21 01:48:31 No jobs in queue. Predicting idle period. Sending sleep command.
2025/09/21 01:48:31 Would send sleep command to GPU agent
2025/09/21 01:48:31 Logged telemetry for Mock RTX 4070 on gpu-2
2025/09/21 01:48:31 Logged telemetry for Mock RTX 4080 on gpu-1
2025/09/21 01:48:31 Logged telemetry for Mock RTX 4090 on gpu-0
2025/09/21 01:48:33 Logged telemetry for Mock RTX 4090 on gpu-0
2025/09/21 01:48:33 Logged telemetry for Mock RTX 4070 on gpu-2
2025/09/21 01:48:33 Logged telemetry for Mock RTX 4080 on gpu-1
2025/09/21 02:30:39 Logged telemetry for Mock RTX 4070 on gpu-2
2025/09/21 02:30:39 Logged telemetry for Mock RTX 4090 on gpu-0
2025/09/21 02:30:39 Logged telemetry for Mock RTX 4080 on gpu-1
2025/09/21 02:30:39 No jobs in queue. Predicting idle period. Sending sleep command.
2025/09/21 02:30:39 Would send sleep command to GPU agent
2025/09/21 02:30:41 Logged telemetry for Mock RTX 4080 on gpu-1
2025/09/21 02:30:41 Logged telemetry for Mock RTX 4070 on gpu-2
2025/09/21 02:30:41 Logged telemetry for Mock RTX 4090 on gpu-0
2025/09/21 02:30:43 Logged telemetry for Mock RTX 4090 on gpu-0
2025/09/21 02:30:43 Logged telemetry for Mock RTX 4080 on gpu-1
2025/09/21 02:30:43 Logged telemetry for Mock RTX 4070 on gpu-2
2025/09/21 02:30:44 No jobs in queue. Predicting idle period. Sending sleep command.
2025/09/21 02:30:44 Would send sleep command to GPU agent
2025/09/21 02:30:45 Logged telemetry for Mock RTX 4090 on gpu-0
2025/09/21 02:30:45 Logged telemetry for Mock RTX 4070 on gpu-2
2025/09/21 02:30:45 Logged telemetry for Mock RTX 4080 on gpu-1
2025/09/21 02:30:47 Logged telemetry for Mock RTX 4080 on gpu-1
2025/09/21 02:30:47 Logged telemetry for Mock RTX 4070 on gpu-2
2025/09/21 02:30:47 Logged telemetry for Mock RTX 4090 on gpu-0
2025/09/21 02:43:47 Logged telemetry for Mock RTX 4090 on gpu-0
2025/09/21 02:43:47 Logged telemetry for Mock RTX 4070 on gpu-2
2025/09/21 02:43:47 Logged telemetry for Mock RTX 4080 on gpu-1
2025/09/21 02:43:48 No jobs in queue. Predicting idle period. Sending sleep command.
2025/09/21 02:43:48 Would send sleep command to GPU agent
2025/09/21 02:43:49 Logged telemetry for Mock RTX 4070 on gpu-2
2025/09/21 02:43:49 Logged telemetry for Mock RTX 4090 on gpu-0
2025/09/21 02:43:49 Logged telemetry for Mock RTX 4080 on gpu-1
2025/09/21 02:43:51 Logged telemetry for Mock RTX 4070 on gpu-2
2025/09/21 02:43:51 Logged telemetry for Mock RTX 4080 on gpu-1
2025/09/21 02:43:51 Logged telemetry for Mock RTX 4090 on gpu-0
2025/09/21 02:43:53 No jobs in queue. Predicting idle period. Sending sleep command.
2025/09/21 02:43:53 Would send sleep command to GPU agent
2025/09/21 02:43:53 Logged telemetry for Mock RTX 4090 on gpu-0
2025/09/21 02:43:53 Logged telemetry for Mock RTX 4070 on gpu-2
2025/09/21 02:43:53 Logged telemetry for Mock RTX 4080 on gpu-1
2025/09/21 02:43:55 Logged telemetry for Mock RTX 4080 on gpu-1
2025/09/21 02:43:55 Logged telemetry for Mock RTX 4090 on gpu-0
2025/09/21 02:43:55 Logged telemetry for Mock RTX 4070 on gpu-2
2025/09/21 02:43:57 Logged telemetry for Mock RTX 4070 on gpu-2
2025/09/21 02:43:57 Logged telemetry for Mock RTX 4080 on gpu-1
2025/09/21 02:43:57 Logged telemetry for Mock RTX 4090 on gpu-0
2025/09/21 02:43:58 No jobs in queue. Predicting idle period. Sending sleep command.
2025/09/21 02:43:58 Would send sleep command to GPU agent
2025/09/21 02:43:59 Logged telemetry for Mock RTX 4090 on gpu-0
2025/09/21 02:43:59 Logged telemetry for Mock RTX 4070 on gpu-2
2025/09/21 02:43:59 Logged telemetry for Mock RTX 4080 on gpu-1
2025/09/21 03:11:22 Logged telemetry for Mock RTX 4080 on gpu-1
2025/09/21 03:11:22 Logged telemetry for Mock RTX 4070 on gpu-2
2025/09/21 03:11:22 Logged telemetry for Mock RTX 4090 on gpu-0
2025/09/21 03:11:24 No jobs in queue. Predicting idle period. Sending sleep command.
2025/09/21 03:11:24 Would send sleep command to GPU agent
2025/09/21 03:11:24 Logged telemetry for Mock RTX 4070 on gpu-2
2025/09/21 03:11:24 Logged telemetry for Mock RTX 4080 on gpu-1
2025/09/21 03:11:24 Logged telemetry for Mock RTX 4090 on gpu-0
2025/09/21 03:11:26 Logged telemetry for Mock RTX 4080 on gpu-1
2025/09/21 03:11:26 Logged telemetry for Mock RTX 4090 on gpu-0
2025/09/21 03:11:26 Logged telemetry for Mock RTX 4070 on gpu-2
2025/09/21 03:11:28 Logged telemetry for Mock RTX 4080 on gpu-1
2025/09/21 03:11:28 Logged telemetry for Mock RTX 4070 on gpu-2
2025/09/21 03:11:28 Logged telemetry for Mock RTX 4090 on gpu-0
2025/09/21 03:11:29 No jobs in queue. Predicting idle period. Sending sleep command.
2025/09/21 03:11:29 Would send sleep command to GPU agent
2025/09/21 03:11:30 Logged telemetry for Mock RTX 4090 on gpu-0
2025/09/21 03:11:30 Logged telemetry for Mock RTX 4080 on gpu-1
2025/09/21 03:11:30 Logged telemetry for Mock RTX 4070 on gpu-2
2025/09/21 03:11:32 Logged telemetry for Mock RTX 4090 on gpu-0
2025/09/21 03:11:32 Logged telemetry for Mock RTX 4070 on gpu-2
2025/09/21 03:11:32 Logged telemetry for Mock RTX 4080 on gpu-1
2025/09/21 03:11:34 No jobs in queue. Predicting idle period. Sending sleep command.
2025/09/21 03:11:34 Would send sleep command to GPU agent
2025/09/21 03:11:34 Logged telemetry for Mock RTX 4080 on gpu-1
2025/09/21 03:11:34 Logged telemetry for Mock RTX 4070 on gpu-2
2025/09/21 03:11:34 Logged telemetry for Mock RTX 4090 on gpu-0
2025/09/21 03:11:56 Logged telemetry for Mock RTX 4090 on gpu-0
2025/09/21 03:11:56 Logged telemetry for Mock RTX 4080 on gpu-1
2025/09/21 03:11:56 Logged telemetry for Mock RTX 4070 on gpu-2
2025/09/21 03:11:58 Logged telemetry for Mock RTX 4070 on gpu-2
2025/09/21 03:11:58 Logged telemetry for Mock RTX 4090 on gpu-0
2025/09/21 03:11:58 Logged telemetry for Mock RTX 4080 on gpu-1
2025/09/21 03:11:59 No jobs in queue. Predicting idle period. Sending sleep command.
2025/09/21 03:11:59 Would send sleep command to GPU agent
2025/09/21 03:12:00 Logged telemetry for Mock RTX 4070 on gpu-2
2025/09/21 03:12:00 Logged telemetry for Mock RTX 4090 on gpu-0
2025/09/21 03:12:00 Logged telemetry for Mock RTX 4080 on gpu-1
2025/09/21 03:12:02 Logged telemetry for Mock RTX 4080 on gpu-1
2025/09/21 03:12:02 Logged telemetry for Mock RTX 4090 on gpu-0
2025/09/21 03:12:02 Logged telemetry for Mock RTX 4070 on gpu-2
2025/09/21 03:12:04 No jobs in queue. Predicting idle period. Sending sleep command.
2025/09/21 03:12:04 Would send sleep command to GPU agent
2025/09/21 03:12:04 Logged telemetry for Mock RTX 4070 on gpu-2
2025/09/21 03:12:04 Logged telemetry for Mock RTX 4080 on gpu-1
2025/09/21 03:12:04 Logged telemetry for Mock RTX 4090 on gpu-0
2025/09/21 03:12:06 Logged telemetry for Mock RTX 4090 on gpu-0
2025/09/21 03:12:06 Logged telemetry for Mock RTX 4070 on gpu-2
2025/09/21 03:12:06 Logged telemetry for Mock RTX 4080 on gpu-1
2025/09/21 03:12:08 Logged telemetry for Mock RTX 4080 on gpu-1
2025/09/21 03:12:08 Logged telemetry for Mock RTX 4090 on gpu-0
2025/09/21 03:12:08 Logged telemetry for Mock RTX 4070 on gpu-2
2025/09/21 03:12:09 No jobs in queue. Predicting idle period. Sending sleep command.
2025/09/21 03:12:09 Would send sleep command to GPU agent
2025/09/21 03:12:10 Logged telemetry for Mock RTX 4070 on gpu-2
2025/09/21 03:12:10 Logged telemetry for Mock RTX 4080 on gpu-1
2025/09/21 03:12:10 Logged telemetry for Mock RTX 4090 on gpu-0
2025/09/21 03:44:48 Logged telemetry for Mock RTX 4090 on gpu-0
2025/09/21 03:44:48 Logged telemetry for Mock RTX 4080 on gpu-1
2025/09/21 03:44:48 Logged telemetry for Mock RTX 4070 on gpu-2
2025/09/21 03:44:50 No jobs in queue. Predicting idle period. Sending sleep command.
2025/09/21 03:44:50 Would send sleep command to GPU agent
2025/09/21 03:44:50 Logged telemetry for Mock RTX 4070 on gpu-2
2025/09/21 03:44:50 Logged telemetry for Mock RTX 4090 on gpu-0
2025/09/21 03:44:50 Logged telemetry for Mock RTX 4080 on gpu-1
2025/09/21 03:44:52 Logged telemetry for Mock RTX 4070 on gpu-2
2025/09/21 03:44:52 Logged telemetry for Mock RTX 4080 on gpu-1
2025/09/21 03:44:52 Logged telemetry for Mock RTX 4090 on gpu-0
2025/09/21 03:44:54 Logged telemetry for Mock RTX 4090 on gpu-0
2025/09/21 03:44:54 Logged telemetry for Mock RTX 4070 on gpu-2
2025/09/21 03:44:54 Logged telemetry for Mock RTX 4080 on gpu-1
2025/09/21 03:44:55 No jobs in queue. Predicting idle period. Sending sleep command.
2025/09/21 03:44:55 Would send sleep command to GPU agent
2025/09/21 03:44:56 Logged telemetry for Mock RTX 4070 on gpu-2
2025/09/21 03:44:56 Logged telemetry for Mock RTX 4090 on gpu-0
2025/09/21 03:44:56 Logged telemetry for Mock RTX 4080 on gpu-1
2025/09/21 04:07:00 Logged telemetry for Mock RTX 4070 on gpu-2
2025/09/21 04:07:00 Logged telemetry for Mock RTX 4080 on gpu-1
2025/09/21 04:07:00 Logged telemetry for Mock RTX 4090 on gpu-0
2025/09/21 04:07:02 No jobs in queue. Predicting idle period. Sending sleep command.
2025/09/21 04:07:02 Would send sleep command to GPU agent
2025/09/21 04:07:02 Logged telemetry for Mock RTX 4090 on gpu-0
2025/09/21 04:07:02 Logged telemetry for Mock RTX 4070 on gpu-2
2025/09/21 04:07:02 Logged telemetry for Mock RTX 4080 on gpu-1
2025/09/21 04:07:04 Logged telemetry for Mock RTX 4090 on gpu-0
2025/09/21 04:07:04 Logged telemetry for Mock RTX 4080 on gpu-1
2025/09/21 04:07:04 Logged telemetry for Mock RTX 4070 on gpu-2
2025/09/21 04:07:06 Logged telemetry for Mock RTX 4090 on gpu-0
2025/09/21 04:07:06 Logged telemetry for Mock RTX 4070 on gpu-2
2025/09/21 04:07:06 Logged telemetry for Mock RTX 4080 on gpu-1
2025/09/21 04:07:07 No jobs in queue. Predicting idle period. Sending sleep command.
2025/09/21 04:07:07 Would send sleep command to GPU agent
2025/09/21 04:07:08 Logged telemetry for Mock RTX 4090 on gpu-0
2025/09/21 04:07:08 Logged telemetry for Mock RTX 4070 on gpu-2
2025/09/21 04:07:08 Logged telemetry for Mock RTX 4080 on gpu-1
2025/09/21 04:07:10 Logged telemetry for Mock RTX 4070 on gpu-2
2025/09/21 04:07:10 Logged telemetry for Mock RTX 4080 on gpu-1
2025/09/21 04:07:10 Logged telemetry for Mock RTX 4090 on gpu-0
2025/09/21 04:07:12 No jobs in queue. Predicting idle period. Sending sleep command.
2025/09/21 04:07:12 Would send sleep command to GPU agent
2025/09/21 04:07:12 Logged telemetry for Mock RTX 4080 on gpu-1
2025/09/21 04:07:12 Logged telemetry for Mock RTX 4090 on gpu-0
2025/09/21 04:07:12 Logged telemetry for Mock RTX 4070 on gpu-2
2025/09/21 04:07:14 Logged telemetry for Mock RTX 4090 on gpu-0
2025/09/21 04:07:14 Logged telemetry for Mock RTX 4070 on gpu-2
2025/09/21 04:07:14 Logged telemetry for Mock RTX 4080 on gpu-1
2025/09/21 04:07:16 Logged telemetry for Mock RTX 4090 on gpu-0
2025/09/21 04:07:16 Logged telemetry for Mock RTX 4080 on gpu-1
2025/09/21 04:07:16 Logged telemetry for Mock RTX 4070 on gpu-2
2025/09/21 04:07:17 No jobs in queue. Predicting idle period. Sending sleep command.
2025/09/21 04:07:17 Would send sleep command to GPU agent
2025/09/21 04:07:18 Logged telemetry for Mock RTX 4070 on gpu-2
2025/09/21 04:07:18 Logged telemetry for Mock RTX 4080 on gpu-1
2025/09/21 04:07:18 Logged telemetry for Mock RTX 4090 on gpu-0
2025/09/21 04:07:20 Logged telemetry for Mock RTX 4090 on gpu-0
2025/09/21 04:07:20 Logged telemetry for Mock RTX 4070 on gpu-2
2025/09/21 04:07:20 Logged telemetry for Mock RTX 4080 on gpu-1
2025/09/21 04:07:22 No jobs in queue. Predicting idle period. Sending sleep command.
2025/09/21 04:07:22 Would send sleep command to GPU agent
2025/09/21 04:07:22 Logged telemetry for Mock RTX 4080 on gpu-1
2025/09/21 04:07:22 Logged telemetry for Mock RTX 4070 on gpu-2
2025/09/21 04:07:22 Logged telemetry for Mock RTX 4090 on gpu-0
2025/09/21 04:07:24 Logged telemetry for Mock RTX 4090 on gpu-0
2025/09/21 04:07:24 Logged telemetry for Mock RTX 4070 on gpu-2
2025/09/21 04:07:24 Logged telemetry for Mock RTX 4080 on gpu-1
2025/09/21 04:07:26 Logged telemetry for Mock RTX 4080 on gpu-1
2025/09/21 04:07:26 Logged telemetry for Mock RTX 4090 on gpu-0
2025/09/21 04:07:26 Logged telemetry for Mock RTX 4070 on gpu-2
2025/09/21 04:07:27 No jobs in queue. Predicting idle period. Sending sleep command.
2025/09/21 04:07:27 Would send sleep command to GPU agent
2025/09/21 04:07:28 Logged telemetry for Mock RTX 4070 on gpu-2
2025/09/21 04:07:28 Logged telemetry for Mock RTX 4090 on gpu-0
2025/09/21 04:07:28 Logged telemetry for Mock RTX 4080 on gpu-1
2025/09/21 04:07:30 Logged telemetry for Mock RTX 4080 on gpu-1
2025/09/21 04:07:30 Logged telemetry for Mock RTX 4070 on gpu-2
2025/09/21 04:07:30 Logged telemetry for Mock RTX 4090 on gpu-0
2025/09/21 04:07:32 No jobs in queue. Predicting idle period. Sending sleep command.
2025/09/21 04:07:32 Would send sleep command to GPU agent
2025/09/21 04:07:32 Logged telemetry for Mock RTX 4070 on gpu-2
2025/09/21 04:07:32 Logged telemetry for Mock RTX 4090 on gpu-0
2025/09/21 04:07:32 Logged telemetry for Mock RTX 4080 on gpu-1
2025/09/21 04:07:34 Logged telemetry for Mock RTX 4080 on gpu-1
2025/09/21 04:07:34 Logged telemetry for Mock RTX 4090 on gpu-0
2025/09/21 04:07:34 Logged telemetry for Mock RTX 4070 on gpu-2
2025/09/21 04:07:36 Logged telemetry for Mock RTX 4070 on gpu-2
2025/09/21 04:07:36 Logged telemetry for Mock RTX 4090 on gpu-0
2025/09/21 04:07:36 Logged telemetry for Mock RTX 4080 on gpu-1
2025/09/21 04:07:37 No jobs in queue. Predicting idle period. Sending sleep command.
2025/09/21 04:07:37 Would send sleep command to GPU agent
2025/09/21 04:07:38 Logged telemetry for Mock RTX 4090 on gpu-0
2025/09/21 04:07:38 Logged telemetry for Mock RTX 4070 on gpu-2
2025/09/21 04:07:38 Logged telemetry for Mock RTX 4080 on gpu-1
2025/09/21 04:07:40 Logged telemetry for Mock RTX 4080 on gpu-1
2025/09/21 04:07:40 Logged telemetry for Mock RTX 4090 on gpu-0
2025/09/21 04:07:40 Logged telemetry for Mock RTX 4070 on gpu-2
2025/09/21 04:07:42 No jobs in queue. Predicting idle period. Sending sleep command.
2025/09/21 04:07:42 Would send sleep command to GPU agent
2025/09/21 04:07:42 Logged telemetry for Mock RTX 4080 on gpu-1
2025/09/21 04:07:42 Logged telemetry for Mock RTX 4090 on gpu-0
2025/09/21 04:07:42 Logged telemetry for Mock RTX 4070 on gpu-2
2025/09/21 04:07:44 Logged telemetry for Mock RTX 4070 on gpu-2
2025/09/21 04:07:44 Logged telemetry for Mock RTX 4080 on gpu-1
2025/09/21 04:07:44 Logged telemetry for Mock RTX 4090 on gpu-0
2025/09/21 04:07:46 Logged telemetry for Mock RTX 4090 on gpu-0
2025/09/21 04:07:46 Logged telemetry for Mock RTX 4070 on gpu-2
2025/09/21 04:07:46 Logged telemetry for Mock RTX 4080 on gpu-1
2025/09/21 04:07:47 No jobs in queue. Predicting idle period. Sending sleep command.
2025/09/21 04:07:47 Would send sleep command to GPU agent
2025/09/21 04:07:48 Logged telemetry for Mock RTX 4090 on gpu-0
2025/09/21 04:07:48 Logged telemetry for Mock RTX 4080 on gpu-1
2025/09/21 04:07:48 Logged telemetry for Mock RTX 4070 on gpu-2
2025/09/21 04:07:50 Logged telemetry for Mock RTX 4070 on gpu-2
2025/09/21 04:07:50 Logged telemetry for Mock RTX 4090 on gpu-0
2025/09/21 04:07:50 Logged telemetry for Mock RTX 4080 on gpu-1
2025/09/21 04:07:52 No jobs in queue. Predicting idle period. Sending sleep command.
2025/09/21 04:07:52 Would send sleep command to GPU agent
2025/09/21 04:07:52 Logged telemetry for Mock RTX 4090 on gpu-0
2025/09/21 04:07:52 Logged telemetry for Mock RTX 4070 on gpu-2
2025/09/21 04:07:52 Logged telemetry for Mock RTX 4080 on gpu-1
2025/09/21 04:07:54 Logged telemetry for Mock RTX 4070 on gpu-2
2025/09/21 04:07:54 Logged telemetry for Mock RTX 4080 on gpu-1
2025/09/21 04:07:54 Logged telemetry for Mock RTX 4090 on gpu-0
2025/09/21 04:07:56 Logged telemetry for Mock RTX 4090 on gpu-0
2025/09/21 04:07:56 Logged telemetry for Mock RTX 4080 on gpu-1
2025/09/21 04:07:56 Logged telemetry for Mock RTX 4070 on gpu-2
2025/09/21 04:07:57 No jobs in queue. Predicting idle period. Sending sleep command.
2025/09/21 04:07:57 Would send sleep command to GPU agent
2025/09/21 04:07:58 Logged telemetry for Mock RTX 4080 on gpu-1
2025/09/21 04:07:58 Logged telemetry for Mock RTX 4090 on gpu-0
2025/09/21 04:07:58 Logged telemetry for Mock RTX 4070 on gpu-2
2025/09/21 04:08:00 Logged telemetry for Mock RTX 4090 on gpu-0
2025/09/21 04:08:00 Logged telemetry for Mock RTX 4080 on gpu-1
2025/09/21 04:08:00 Logged telemetry for Mock RTX 4070 on gpu-2
2025/09/21 04:08:02 No jobs in queue. Predicting idle period. Sending sleep command.
2025/09/21 04:08:02 Would send sleep command to GPU agent
2025/09/21 04:08:02 Logged telemetry for Mock RTX 4070 on gpu-2
2025/09/21 04:08:02 Logged telemetry for Mock RTX 4090 on gpu-0
2025/09/21 04:08:02 Logged telemetry for Mock RTX 4080 on gpu-1
2025/09/21 04:08:04 Logged telemetry for Mock RTX 4080 on gpu-1
2025/09/21 04:08:04 Logged telemetry for Mock RTX 4070 on gpu-2
2025/09/21 04:08:04 Logged telemetry for Mock RTX 4090 on gpu-0
2025/09/21 04:08:06 Logged telemetry for Mock RTX 4070 on gpu-2
2025/09/21 04:08:06 Logged telemetry for Mock RTX 4090 on gpu-0
2025/09/21 04:08:06 Logged telemetry for Mock RTX 4080 on gpu-1
2025/09/21 04:08:07 No jobs in queue. Predicting idle period. Sending sleep command.
2025/09/21 04:08:07 Would send sleep command to GPU agent
2025/09/21 04:08:08 Logged telemetry for Mock RTX 4070 on gpu-2
2025/09/21 04:08:08 Logged telemetry for Mock RTX 4080 on gpu-1
2025/09/21 04:08:08 Logged telemetry for Mock RTX 4090 on gpu-0
2025/09/21 04:08:10 Logged telemetry for Mock RTX 4080 on gpu-1
2025/09/21 04:08:10 Logged telemetry for Mock RTX 4090 on gpu-0
2025/09/21 04:08:10 Logged telemetry for Mock RTX 4070 on gpu-2
2025/09/21 04:08:12 No jobs in queue. Predicting idle period. Sending sleep command.
2025/09/21 04:08:12 Would send sleep command to GPU agent
2025/09/21 04:08:12 Logged telemetry for Mock RTX 4090 on gpu-0
2025/09/21 04:08:12 Logged telemetry for Mock RTX 4080 on gpu-1
2025/09/21 04:08:12 Logged telemetry for Mock RTX 4070 on gpu-2
2025/09/21 04:08:14 Logged telemetry for Mock RTX 4070 on gpu-2
2025/09/21 04:08:14 Logged telemetry for Mock RTX 4080 on gpu-1
2025/09/21 04:08:14 Logged telemetry for Mock RTX 4090 on gpu-0
2025/09/21 04:08:16 Logged telemetry for Mock RTX 4090 on gpu-0
2025/09/21 04:08:16 Logged telemetry for Mock RTX 4080 on gpu-1
2025/09/21 04:08:16 Logged telemetry for Mock RTX 4070 on gpu-2
2025/09/21 04:08:17 No jobs in queue. Predicting idle period. Sending sleep command.
2025/09/21 04:08:17 Would send sleep command to GPU agent
2025/09/21 04:08:18 Logged telemetry for Mock RTX 4070 on gpu-2
2025/09/21 04:08:18 Logged telemetry for Mock RTX 4090 on gpu-0
2025/09/21 04:08:18 Logged telemetry for Mock RTX 4080 on gpu-1
2025/09/21 04:08:20 Logged telemetry for Mock RTX 4090 on gpu-0
2025/09/21 04:08:20 Logged telemetry for Mock RTX 4070 on gpu-2
2025/09/21 04:08:20 Logged telemetry for Mock RTX 4080 on gpu-1
2025/09/21 04:08:22 No jobs in queue. Predicting idle period. Sending sleep command.
2025/09/21 04:08:22 Would send sleep command to GPU agent
2025/09/21 04:08:22 Logged telemetry for Mock RTX 4080 on gpu-1
2025/09/21 04:08:22 Logged telemetry for Mock RTX 4090 on gpu-0
2025/09/21 04:08:22 Logged telemetry for Mock RTX 4070 on gpu-2
2025/09/21 04:08:24 Logged telemetry for Mock RTX 4090 on gpu-0
2025/09/21 04:08:24 Logged telemetry for Mock RTX 4070 on gpu-2
2025/09/21 04:08:24 Logged telemetry for Mock RTX 4080 on gpu-1
2025/09/21 04:08:26 Logged telemetry for Mock RTX 4090 on gpu-0
2025/09/21 04:08:26 Logged telemetry for Mock RTX 4080 on gpu-1
2025/09/21 04:08:26 Logged telemetry for Mock RTX 4070 on gpu-2
2025/09/21 04:08:27 No jobs in queue. Predicting idle period. Sending sleep command.
2025/09/21 04:08:27 Would send sleep command to GPU agent
2025/09/21 04:08:28 Logged telemetry for Mock RTX 4090 on gpu-0
2025/09/21 04:08:28 Logged telemetry for Mock RTX 4070 on gpu-2
2025/09/21 04:08:28 Logged telemetry for Mock RTX 4080 on gpu-1
2025/09/21 04:08:30 Logged telemetry for Mock RTX 4070 on gpu-2
2025/09/21 04:08:30 Logged telemetry for Mock RTX 4080 on gpu-1
2025/09/21 04:08:30 Logged telemetry for Mock RTX 4090 on gpu-0
2025/09/21 04:08:32 No jobs in queue. Predicting idle period. Sending sleep command.
2025/09/21 04:08:32 Would send sleep command to GPU agent
2025/09/21 04:08:32 Logged telemetry for Mock RTX 4090 on gpu-0
2025/09/21 04:08:32 Logged telemetry for Mock RTX 4080 on gpu-1
2025/09/21 04:08:32 Logged telemetry for Mock RTX 4070 on gpu-2
2025/09/21 04:08:34 Logged telemetry for Mock RTX 4070 on gpu-2
2025/09/21 04:08:34 Logged telemetry for Mock RTX 4090 on gpu-0
2025/09/21 04:08:34 Logged telemetry for Mock RTX 4080 on gpu-1
2025/09/21 04:08:36 Logged telemetry for Mock RTX 4080 on gpu-1
2025/09/21 04:08:36 Logged telemetry for Mock RTX 4070 on gpu-2
2025/09/21 04:08:36 Logged telemetry for Mock RTX 4090 on gpu-0
2025/09/21 04:08:37 No jobs in queue. Predicting idle period. Sending sleep command.
2025/09/21 04:08:37 Would send sleep command to GPU agent
2025/09/21 04:08:38 Logged telemetry for Mock RTX 4090 on gpu-0
2025/09/21 04:08:38 Logged telemetry for Mock RTX 4080 on gpu-1
2025/09/21 04:08:38 Logged telemetry for Mock RTX 4070 on gpu-2
2025/09/21 04:08:40 Logged telemetry for Mock RTX 4070 on gpu-2
2025/09/21 04:08:40 Logged telemetry for Mock RTX 4090 on gpu-0
2025/09/21 04:08:40 Logged telemetry for Mock RTX 4080 on gpu-1
2025/09/21 04:08:42 No jobs in queue. Predicting idle period. Sending sleep command.
2025/09/21 04:08:42 Would send sleep command to GPU agent
2025/09/21 04:08:42 Logged telemetry for Mock RTX 4080 on gpu-1
2025/09/21 04:08:42 Logged telemetry for Mock RTX 4070 on gpu-2
2025/09/21 04:08:42 Logged telemetry for Mock RTX 4090 on gpu-0
2025/09/21 04:08:44 Logged telemetry for Mock RTX 4080 on gpu-1
2025/09/21 04:08:44 Logged telemetry for Mock RTX 4090 on gpu-0
2025/09/21 04:08:44 Logged telemetry for Mock RTX 4070 on gpu-2
2025/09/21 04:08:46 Logged telemetry for Mock RTX 4070 on gpu-2
2025/09/21 04:08:46 Logged telemetry for Mock RTX 4090 on gpu-0
2025/09/21 04:08:46 Logged telemetry for Mock RTX 4080 on gpu-1
2025/09/21 04:08:47 No jobs in queue. Predicting idle period. Sending sleep command.
2025/09/21 04:08:47 Would send sleep command to GPU agent
2025/09/21 04:08:48 Logged telemetry for Mock RTX 4080 on gpu-1
2025/09/21 04:08:48 Logged telemetry for Mock RTX 4070 on gpu-2
2025/09/21 04:08:48 Logged telemetry for Mock RTX 4090 on gpu-0
2025/09/21 04:08:50 Logged telemetry for Mock RTX 4090 on gpu-0
2025/09/21 04:08:50 Logged telemetry for Mock RTX 4080 on gpu-1
2025/09/21 04:08:50 Logged telemetry for Mock RTX 4070 on gpu-2
2025/09/21 04:08:52 No jobs in queue. Predicting idle period. Sending sleep command.
2025/09/21 04:08:52 Would send sleep command to GPU agent
2025/09/21 04:08:52 Logged telemetry for Mock RTX 4070 on gpu-2
2025/09/21 04:08:52 Logged telemetry for Mock RTX 4090 on gpu-0
2025/09/21 04:08:52 Logged telemetry for Mock RTX 4080 on gpu-1
2025/09/21 04:08:54 Logged telemetry for Mock RTX 4080 on gpu-1
2025/09/21 04:08:54 Logged telemetry for Mock RTX 4070 on gpu-2
2025/09/21 04:08:54 Logged telemetry for Mock RTX 4090 on gpu-0
2025/09/21 04:08:56 Logged telemetry for Mock RTX 4070 on gpu-2
2025/09/21 04:08:56 Logged telemetry for Mock RTX 4080 on gpu-1
2025/09/21 04:08:56 Logged telemetry for Mock RTX 4090 on gpu-0
2025/09/21 04:08:57 No jobs in queue. Predicting idle period. Sending sleep command.
2025/09/21 04:08:57 Would send sleep command to GPU agent
2025/09/21 04:08:58 Logged telemetry for Mock RTX 4090 on gpu-0
2025/09/21 04:08:58 Logged telemetry for Mock RTX 4080 on gpu-1
2025/09/21 04:08:58 Logged telemetry for Mock RTX 4070 on gpu-2
2025/09/21 04:09:00 Logged telemetry for Mock RTX 4090 on gpu-0
2025/09/21 04:09:00 Logged telemetry for Mock RTX 4070 on gpu-2
2025/09/21 04:09:00 Logged telemetry for Mock RTX 4080 on gpu-1
2025/09/21 04:09:02 No jobs in queue. Predicting idle period. Sending sleep command.
2025/09/21 04:09:02 Would send sleep command to GPU agent
2025/09/21 04:09:02 Logged telemetry for Mock RTX 4090 on gpu-0
2025/09/21 04:09:02 Logged telemetry for Mock RTX 4080 on gpu-1
2025/09/21 04:09:02 Logged telemetry for Mock RTX 4070 on gpu-2
2025/09/21 04:09:04 Logged telemetry for Mock RTX 4090 on gpu-0
2025/09/21 04:09:04 Logged telemetry for Mock RTX 4070 on gpu-2
2025/09/21 04:09:04 Logged telemetry for Mock RTX 4080 on gpu-1
2025/09/21 04:09:06 Logged telemetry for Mock RTX 4080 on gpu-1
2025/09/21 04:09:06 Logged telemetry for Mock RTX 4090 on gpu-0
2025/09/21 04:09:06 Logged telemetry for Mock RTX 4070 on gpu-2
2025/09/21 04:09:07 No jobs in queue. Predicting idle period. Sending sleep command.
2025/09/21 04:09:07 Would send sleep command to GPU agent
2025/09/21 04:09:08 Logged telemetry for Mock RTX 4080 on gpu-1
2025/09/21 04:09:08 Logged telemetry for Mock RTX 4070 on gpu-2
2025/09/21 04:09:08 Logged telemetry for Mock RTX 4090 on gpu-0
2025/09/21 04:09:10 Logged telemetry for Mock RTX 4090 on gpu-0
2025/09/21 04:09:10 Logged telemetry for Mock RTX 4080 on gpu-1
2025/09/21 04:09:10 Logged telemetry for Mock RTX 4070 on gpu-2
2025/09/21 04:09:12 No jobs in queue. Predicting idle period. Sending sleep command.
2025/09/21 04:09:12 Would send sleep command to GPU agent
2025/09/21 04:09:12 Logged telemetry for Mock RTX 4070 on gpu-2
2025/09/21 04:09:12 Logged telemetry for Mock RTX 4090 on gpu-0
2025/09/21 04:09:12 Logged telemetry for Mock RTX 4080 on gpu-1
2025/09/21 04:09:14 Logged telemetry for Mock RTX 4070 on gpu-2
2025/09/21 04:09:14 Logged telemetry for Mock RTX 4080 on gpu-1
2025/09/21 04:09:14 Logged telemetry for Mock RTX 4090 on gpu-0
